date,ticker,Adj Close,Close,High,Low,Open,Volume,5d_return,10d_return,atr,bb_width,ema_cross,obv,rsi,label_5d,signal,momentum
2008-01-30,VTRS,12.664570808410645,14.93000030517578,15.260000228881836,14.649999618530272,14.739999771118164,9054200,-0.0750167356105686,-0.1292699441209459,0.4478571755545482,0.1374703784813778,0.1888702825986588,44507400,51.77865865932272,0,0,0
2008-01-31,VTRS,12.58823013305664,14.84000015258789,15.0,14.609999656677246,14.970000267028809,6029900,-0.1179245270893628,-0.1280323822552829,0.4428571973528183,0.1277721773771218,0.1809504605518892,38477500,44.49152199915941,0,0,0
2008-02-01,VTRS,12.656089782714844,14.920000076293944,15.010000228881836,14.59000015258789,14.880000114440918,7385400,-0.1300268447813241,-0.1313672941102173,0.4471429416111541,0.10920866916626,0.1790651185538845,45862900,38.785064221459045,0,0,0
2008-02-04,VTRS,12.800294876098633,15.09000015258789,15.229999542236328,14.890000343322754,14.920000076293944,3991500,-0.1438038472068403,-0.1477800181153878,0.4300000326974055,0.0858948830065415,0.1891086302705904,49854400,51.282055044076834,0,0,0
2008-02-05,VTRS,12.39312744140625,14.609999656677246,15.06999969482422,14.579999923706056,14.859999656677246,7098600,-0.114989691374404,-0.114989691374404,0.4478571755545481,0.0752356145077311,0.1565317565256148,42755800,42.55319062591816,0,0,0
2008-02-06,VTRS,11.714516639709473,13.8100004196167,14.760000228881836,13.75,14.760000228881836,17646800,-0.0586531784941959,-0.0702389744790269,0.4750000408717565,0.0907259627729125,0.0654071242074803,25109000,22.10146191990444,0,0,0
2008-02-07,VTRS,11.103764533996582,13.09000015258789,13.760000228881836,12.850000381469728,13.710000038146973,34293800,-0.0114591726857188,-0.0114591726857188,0.5250000272478375,0.1389729265348611,-0.0641681175621045,-9184800,18.26348527872828,0,0,0
2008-02-08,VTRS,11.010457992553713,12.979999542236328,13.149999618530272,12.880000114440918,13.109999656677246,9235900,-0.0015407938978948,0.0053929623241322,0.4999999999999999,0.1743192196960385,-0.173730898491538,-18420700,18.263480063936044,0,0,0
2008-02-11,VTRS,10.959562301635742,12.920000076293944,13.079999923706056,12.829999923706056,13.029999732971191,9159600,-0.0046439952989465,0.0270898126472862,0.4678570883614673,0.1983537437511104,-0.2623771270044006,-27580300,19.426763005955834,0,0,0
2008-02-12,VTRS,10.968046188354492,12.93000030517578,13.039999961853027,12.81999969482422,12.970000267028809,8045200,0.0,0.0170146410024776,0.4428571292332235,0.2194985211599452,-0.3280415085551933,-19535100,20.80538716918231,0,0,0
2008-02-13,VTRS,11.027425765991213,13.0,13.020000457763672,12.90999984741211,12.989999771118164,4867200,-0.0123076805701622,-0.0746154051560622,0.4242857524326863,0.2348237625312569,-0.3701655753277553,-14667900,23.0769353444055,0,0,0
2008-02-14,VTRS,10.976527214050291,12.9399995803833,13.210000038146973,12.829999923706056,13.029999732971191,4331000,0.0,-0.0850076865120599,0.4314285687037869,0.2423517482900178,-0.4037367086907473,-18998900,22.923596776518664,0,0,0
2008-02-15,VTRS,10.993492126464844,12.960000038146973,12.979999542236328,12.84000015258789,12.970000267028809,2656400,0.0069444561977609,-0.1165123629967007,0.4278571265084396,0.2473268358039014,-0.4238424124590576,-16342500,21.355955983591684,1,1,1
2008-02-19,VTRS,10.908666610717772,12.859999656677246,13.100000381469728,12.8100004196167,13.020000457763672,3746300,0.0318818671875735,-0.1306375891409271,0.4214286123003274,0.2520593451314825,-0.4427418699166132,-20088800,17.406143677971997,1,1,1
2008-02-20,VTRS,10.968046188354492,12.93000030517578,12.970000267028809,12.75,12.81999969482422,4164500,0.0170146410024776,-0.1639597707287339,0.3935714449201306,0.2558610016751992,-0.4469195484442547,-15924300,14.788757934128014,1,1,1
2008-02-21,VTRS,10.89170265197754,12.84000015258789,13.109999656677246,12.800000190734863,13.029999732971191,5580800,-0.0630841440802821,-0.1783489045669115,0.3878570965358184,0.2606139808503796,-0.4522790574863773,-21505100,14.788757934128014,0,0,0
2008-02-22,VTRS,10.976527214050291,12.9399995803833,12.979999542236328,12.6899995803833,12.90999984741211,5099200,-0.0850076865120599,-0.1808345652855313,0.3785713740757528,0.2620841333212308,-0.44334676340765,-16405900,15.38462564468854,0,0,0
2008-02-25,VTRS,11.06983757019043,13.050000190734863,13.050000190734863,12.859999656677246,12.920000076293944,5213700,-0.1226053914241075,-0.2084291361895864,0.3678571837288987,0.2605807964531273,-0.4225211650739631,-11192200,13.571456549098002,0,0,0
2008-02-26,VTRS,11.256455421447754,13.270000457763672,13.399999618530272,12.920000076293944,13.149999618530272,4472700,-0.1574981221168782,-0.2110022678331341,0.3657142775399341,0.2539834383227083,-0.383839878239586,-6719500,23.622082425184487,0,0,0
2008-02-27,VTRS,11.154664993286133,13.149999618530272,13.5,13.050000190734863,13.289999961853027,6891400,-0.1779467123037913,-0.2015208893843643,0.3257142475673126,0.2436450305481562,-0.3587324996245531,-13610900,32.25807609383929,0,0,0
2008-02-28,VTRS,10.204607963562012,12.029999732971191,12.489999771118164,12.0,12.039999961853027,29310400,-0.1230257335900035,-0.1113882113326477,0.3392856461661199,0.2436626174661983,-0.4243180770548136,-42921300,26.54869534578032,0,0,0
2008-02-29,VTRS,10.043437004089355,11.84000015258789,12.119999885559082,11.710000038146973,12.0,11592500,-0.1047297090487903,-0.065033821608133,0.3492856706891739,0.2432268739646302,-0.4860239167580484,-54513800,25.641060126259845,0,0,0
2008-03-03,VTRS,9.712614059448242,11.449999809265137,11.890000343322754,11.229999542236328,11.800000190734863,11421500,-0.0978165855210579,-0.059388590640082,0.3785714421953471,0.2422012937056102,-0.5599413522691439,-65935300,22.47193539595837,0,0,0
2008-03-04,VTRS,9.483582496643066,11.18000030517578,11.550000190734863,11.100000381469728,11.5,12325800,-0.0635062628592484,0.0,0.3949999809265134,0.2300816417980034,-0.633011196915799,-78261100,20.136541322058505,0,0,0
2008-03-05,VTRS,9.16972541809082,10.8100004196167,11.270000457763672,10.670000076293944,11.18000030517578,22114600,-0.0286771884905894,0.0194264597590476,0.429999964577811,0.2362876888175378,-0.7125615082714152,-100375700,16.099102926774066,0,0,0
2008-03-06,VTRS,8.949178695678711,10.550000190734863,10.890000343322754,10.520000457763672,10.75,13802900,0.0132700840869544,0.0521327185584206,0.4292856625148228,0.2650732179819338,-0.7875076507170018,-114178600,15.16038122480616,1,1,1
2008-03-07,VTRS,8.991592407226562,10.600000381469728,10.619999885559082,10.039999961853027,10.5,16349400,0.0443395562679522,0.0773584589919156,0.4607142720903669,0.2945768640339176,-0.833263073022108,-97829200,15.895977894613551,1,1,1
2008-03-10,VTRS,8.762560844421387,10.329999923706056,10.920000076293944,10.199999809265137,10.630000114440918,9039600,0.0425944372998365,0.121006777273193,0.4914285796029224,0.3268310097972218,-0.8811539609400523,-106868800,15.151538239034808,1,1,1
2008-03-11,VTRS,8.881317138671875,10.470000267028809,10.75,10.050000190734863,10.520000457763672,12960000,0.0678128003857687,0.1337153374235364,0.5257142611912317,0.3487621175152008,-0.8974655527367386,-93908800,16.75677166444187,1,1,1
2008-03-12,VTRS,8.90676498413086,10.5,10.600000381469728,10.369999885559082,10.550000190734863,9330800,0.0495238531203496,0.100952420915876,0.5200000490461075,0.3647825697010798,-0.8976246211411514,-84578000,17.857152214226602,1,1,1
2008-03-13,VTRS,9.067934036254885,10.6899995803833,10.789999961853027,10.229999542236328,10.380000114440918,15313600,0.0383536779401563,0.0748363163832956,0.539285796029227,0.3712497530725205,-0.872363245289062,-69264400,19.83915381252254,1,1,1
2008-03-14,VTRS,9.390276908874512,11.06999969482422,11.31999969482422,10.880000114440918,11.170000076293944,17113600,0.0316170181678836,0.0478772087855892,0.5707143374851772,0.3689058744897316,-0.8123167081243121,-52150800,25.24999970197688,1,1,1
2008-03-17,VTRS,9.135797500610352,10.770000457763672,11.350000381469728,10.760000228881836,10.850000381469728,9471600,0.075208860864856,0.1039925569131909,0.5785715239388604,0.3673655375936421,-0.7799460929815538,-61622400,19.362744525137984,1,1,1
2008-03-18,VTRS,9.483582496643066,11.18000030517578,11.210000038146973,10.880000114440918,10.949999809265137,12229900,0.0617173131975556,0.070661890902391,0.5778572218758721,0.3591623073003498,-0.7129896848227979,-49392500,27.459956580528967,1,1,1
2008-03-19,VTRS,9.347862243652344,11.020000457763672,11.380000114440918,10.979999542236328,11.25,13762200,0.0490018093849164,0.108892900128668,0.5242858614240377,0.3477860727056591,-0.6651692424996938,-63154700,35.19062165881773,1,1,1
2008-03-20,VTRS,9.415722846984863,11.100000381469728,11.170000076293944,10.960000038146973,11.06999969482422,11697100,0.0351350789410329,0.1108107657626464,0.5100001607622421,0.3339605991094395,-0.6137410474209961,-51457600,38.78787966361301,1,1,1
2008-03-24,VTRS,9.687169075012209,11.420000076293944,11.510000228881836,11.100000381469728,11.119999885559082,6464600,0.0157618479836472,0.1033275216543363,0.492142949785505,0.3122787140829903,-0.5409270608358003,-44993000,49.53560764581403,1,1,1
2008-03-25,VTRS,9.822890281677246,11.579999923706056,11.640000343322754,11.4399995803833,11.5,6025600,0.0267703300223758,0.120898068027121,0.475714411054339,0.2823094582166554,-0.4649511341069932,-38967400,56.41025249147506,1,1,1
2008-03-26,VTRS,10.068887710571287,11.869999885559082,11.920000076293944,11.4399995803833,11.529999732971191,8294800,0.0084246320500294,0.0429654788373079,0.4671429906572614,0.23754529949438,-0.37699334687413,-30672600,67.43420743050567,1,1,1
2008-03-27,VTRS,9.80592441558838,11.5600004196167,12.039999961853027,11.449999809265137,12.039999961853027,9964400,0.0570934103334568,0.053633206146513,0.4828572954450335,0.179365471414189,-0.3285136322583266,-40637000,66.34305505574214,1,1,1
2008-03-28,VTRS,9.746545791625977,11.489999771118164,11.739999771118164,11.420000076293944,11.630000114440918,4051200,0.0731070643447147,0.0609225259538028,0.4642858505249024,0.1661054641881355,-0.29237130208619,-44688200,64.30867782660289,1,1,1
2008-03-31,VTRS,9.839853286743164,11.600000381469728,11.68000030517578,11.34000015258789,11.510000228881836,5402000,0.0862068937167828,0.0672413540793661,0.437142985207694,0.1600152889223589,-0.2519478174835505,-39286200,71.52543983799815,1,1,1
2008-04-01,VTRS,10.085851669311523,11.890000343322754,12.0,11.529999732971191,11.720000267028809,6408600,0.0916736053355711,0.0546677543954239,0.4207144464765277,0.1700716339167335,-0.1942718959235954,-32877600,72.90323831040823,1,1,1
2008-04-02,VTRS,10.153711318969728,11.970000267028809,12.029999732971191,11.81999969482422,11.890000343322754,5264500,0.0342522838985599,0.0651628835063344,0.4192858423505509,0.1831212924827513,-0.1404885230562094,-27613100,73.33334746184771,1,1,1
2008-04-03,VTRS,10.365781784057615,12.220000267028809,12.260000228881836,11.880000114440918,11.90999984741211,7260200,-0.0032733192290473,0.0351881622017355,0.4064286776951379,0.1988121474183182,-0.0768065241081874,-20352900,73.83179319343729,0,0,0
2008-04-04,VTRS,10.459089279174805,12.329999923706056,12.460000038146973,12.170000076293944,12.210000038146973,4784400,-0.0113544480283075,0.0145985649869879,0.3821429525102887,0.2083578053847175,-0.0172630306777001,-15568500,71.42858533053588,0,0,0
2008-04-07,VTRS,10.688117980957031,12.600000381469728,12.760000228881836,12.329999923706056,12.399999618530272,6069800,-0.0174603381244619,-0.0007936689348473,0.370714391980852,0.2219178790115473,0.0511230822381918,-9498700,81.44329930693114,0,0,0
2008-04-08,VTRS,11.010457992553713,12.979999542236328,13.34000015258789,12.460000038146973,12.510000228881836,12288900,-0.033898273952288,-0.0454544853405999,0.4021430015563961,0.23387912402683,0.1344326697720426,2790200,81.24999586078741,0,0,0
2008-04-09,VTRS,10.50150203704834,12.380000114440918,13.079999923706056,12.25,13.010000228881836,11286200,0.0298869048577381,0.0113085898246032,0.432857240949358,0.2250988413529324,0.1503085156821555,-8496000,70.48193030648864,1,1,1
2008-04-10,VTRS,10.331847190856934,12.18000030517578,12.380000114440918,12.0,12.380000114440918,9425700,0.0385877915910042,0.0582922841016075,0.4450001035417828,0.2092673902663472,0.1450795381981926,-17921700,65.69767957639095,1,1,1
2008-04-11,VTRS,10.340331077575684,12.1899995803833,12.300000190734863,12.079999923706056,12.18000030517578,7401100,0.0262510795335459,0.0631665696693535,0.4314287049429756,0.1953691725881097,0.1401270958760516,-10520600,62.30031861271691,1,1,1
2008-04-14,VTRS,10.50150203704834,12.380000114440918,12.4399995803833,12.130000114440918,12.149999618530272,4355700,0.016962846220172,0.0460419781546956,0.4378572191510879,0.1912705838479972,0.1498068250256796,-6164900,62.65823529749062,1,1,1
2008-04-15,VTRS,10.63722324371338,12.539999961853027,12.59000015258789,12.25,12.479999542236328,5416400,-0.0119616921041926,0.0542264997802517,0.4278571946280342,0.1776704457754887,0.1684469787111044,-748500,61.05611132373824,0,0,0
2008-04-16,VTRS,10.815359115600586,12.75,12.800000190734863,12.40999984741211,12.510000228881836,5554800,-0.0180391797832414,0.032941182454427,0.4135714939662387,0.1765948488765217,0.1978836038300855,4806300,70.3071645693964,0,0,0
2008-04-17,VTRS,10.730531692504885,12.649999618530272,12.770000457763672,12.510000228881836,12.6899995803833,3137600,0.0189723898837845,0.051383445992555,0.4092858178274969,0.164460067024949,0.2107141645458892,1668700,69.59459807770122,1,1,1
2008-04-18,VTRS,10.611775398254396,12.510000228881836,12.93000030517578,12.34000015258789,12.93000030517578,8749600,0.0359712071168649,0.056754598333883,0.4271429606846398,0.148105978358499,0.2071972546555951,-7080900,65.21739962490906,1,1,1
2008-04-21,VTRS,10.67963695526123,12.59000015258789,12.65999984741211,12.300000190734863,12.510000228881836,4983000,0.0285940947032672,0.0436854792747409,0.4192857742309567,0.139579161439818,0.2084623789442439,-2097900,62.58993447429004,1,1,1
2008-04-22,VTRS,10.509984016418455,12.390000343322754,12.579999923706056,12.1899995803833,12.529999732971191,4645200,0.0669894996535136,0.0573042791342301,0.4328572409493581,0.1311907285464045,0.1911235328023011,-6743100,57.24138634100525,1,1,1
2008-04-23,VTRS,10.620259284973145,12.520000457763672,12.550000190734863,12.3100004196167,12.40999984741211,3269200,0.0519169005403035,0.0231629354033449,0.4228572164263043,0.1288605923845913,0.1857313002783769,-3473900,55.395691103961205,1,1,1
2008-04-24,VTRS,10.934114456176758,12.890000343322754,13.020000457763672,12.510000228881836,12.510000228881836,6630300,0.0318075901079781,-0.0333592159598761,0.4385715212140762,0.1229321051506726,0.2089056810489218,3156400,59.21053911180863,1,1,1
2008-04-25,VTRS,10.993492126464844,12.960000038146973,13.100000381469728,12.850000381469728,12.93000030517578,7254000,0.0200617459966467,-0.1188271572006275,0.4257143565586633,0.111499285565143,0.2302655768973043,10410400,56.338028169014045,1,1,1
2008-04-28,VTRS,10.98500919342041,12.949999809265137,13.170000076293944,12.829999923706056,13.050000190734863,5116600,0.0146718561278804,-0.1050192800546783,0.3871429307120183,0.0986989158343255,0.2435786898375447,5293800,49.39271755275425,1,1,1
2008-04-29,VTRS,11.214040756225586,13.220000267028809,13.34000015258789,12.90999984741211,12.90999984741211,5863100,-0.0090771469845098,-0.137670242945281,0.3585715293884272,0.1000983172258729,0.2727718639589085,11156900,69.62617738703855,0,0,0
2008-04-30,VTRS,11.171629905700684,13.170000076293944,13.399999618530272,13.0600004196167,13.399999618530272,3219600,-0.0273348257093214,-0.109339447662542,0.355714321136474,0.098404867861649,0.2885468784516831,7937300,74.8743689694469,0,0,0
2008-05-01,VTRS,11.281903266906738,13.300000190734863,13.329999923706056,13.100000381469728,13.18000030517578,4992000,-0.0631579053038704,-0.0999999928295165,0.3564285550798683,0.1040037972886339,0.3079883162751908,12929300,76.30332439019094,0,0,0
2008-05-02,VTRS,11.214040756225586,13.220000267028809,13.399999618530272,13.039999961853027,13.380000114440918,5557800,-0.1361573490451535,-0.075642963676335,0.3599999972752156,0.1069321205411368,0.3133286133481086,7371500,71.00000381469722,0,0,0
2008-05-05,VTRS,11.146181106567385,13.140000343322754,13.300000190734863,12.880000114440918,13.279999732971191,3422300,-0.1179604376131172,-0.0570776240794485,0.3657142775399338,0.1100911301145586,0.307560150037256,3949200,65.62500931322535,0,0,0
2008-05-06,VTRS,11.112250328063965,13.100000381469728,13.199999809265137,12.949999809265137,13.100000381469728,4009600,-0.129771046827155,-0.0488549866172562,0.3557142530168799,0.1115923879105883,0.2963448596027298,-60400,60.00001089913509,0,0,0
2008-05-07,VTRS,10.866253852844238,12.8100004196167,13.149999618530272,12.630000114440918,13.050000190734863,4823900,-0.0843091992195802,-0.0366901055138975,0.3742856298174169,0.1081928022033077,0.2610469016546108,-4884300,54.12373287871575,0,0,0
2008-05-08,VTRS,10.56936264038086,12.460000038146973,12.890000343322754,12.329999923706056,12.890000343322754,8360200,-0.0393258242069023,0.0144462523775843,0.3721427917480461,0.1020769037650869,0.202496654579102,-13244500,48.837205176099246,0,0,0
2008-05-09,VTRS,9.687169075012209,11.420000076293944,12.0,10.899999618530272,11.989999771118164,35509600,0.0700525556383782,0.1033275216543363,0.4578571319580072,0.1333445084365418,0.071353339775781,-48754100,31.189713075945576,1,1,1
2008-05-12,VTRS,9.831372261047363,11.59000015258789,11.789999961853027,11.420000076293944,11.420000076293944,11601100,0.0690250371184191,0.1087144272901925,0.4557142257690424,0.1539864773621524,-0.0186461553632106,-37153000,37.01298761617099,1,1,1
2008-05-13,VTRS,9.670201301574709,11.399999618530272,11.779999732971191,11.270000457763672,11.649999618530272,7660000,0.0929824960602376,0.1263158405476567,0.4749999046325678,0.1789468573302967,-0.1041028262902283,-44813000,32.165599098565565,1,1,1
2008-05-14,VTRS,9.950127601623535,11.729999542236328,11.890000343322754,11.399999618530272,11.43000030517578,9260400,0.0520034641224944,0.1116794945216976,0.4735713686261854,0.1904052878548899,-0.1435449212645867,-35552600,31.29031771799993,1,1,1
2008-05-15,VTRS,10.153711318969728,11.970000267028809,12.100000381469728,11.640000343322754,11.640000343322754,7287000,0.0559732716246841,0.1152882275401538,0.4885713713509693,0.1958015238224275,-0.1536656510044718,-28265600,34.86239976948518,1,1,1
2008-05-16,VTRS,10.365781784057615,12.220000267028809,12.3100004196167,11.90999984741211,11.949999809265137,6243900,0.0310965716969917,0.0793780108149162,0.4928571156093052,0.1974850937986178,-0.1399008022137344,-22021700,39.60115245086002,1,1,1
2008-05-19,VTRS,10.509984016418455,12.390000343322754,12.56999969482422,12.140000343322754,12.25,5863700,0.0371267171428997,0.0573042791342301,0.4928570474897113,0.1979382205109619,-0.113960805739266,-16158000,37.82991940477333,1,1,1
2008-05-20,VTRS,10.56936264038086,12.460000038146973,12.579999923706056,12.300000190734863,12.40999984741211,5248100,0.0304976013866393,0.0545746631696566,0.4885713713509699,0.1976684847160711,-0.0867547267976327,-10909900,39.65014901503279,1,1,1
2008-05-21,VTRS,10.467569351196287,12.34000015258789,12.670000076293944,12.289999961853027,12.539999961853027,6194300,0.0567260778451721,0.058346860464002,0.499285697937012,0.1983261315668937,-0.0740234053717472,-17104200,35.964915949807775,1,1,1
2008-05-22,VTRS,10.72204875946045,12.640000343322754,12.739999771118164,12.25,12.3100004196167,4063300,0.0561708875682145,0.0079113469208278,0.5085714203970777,0.1970138817197133,-0.039273512624792,-13040900,42.03297091975568,1,1,1
2008-05-23,VTRS,10.688117980957031,12.600000381469728,12.699999809265137,12.479999542236328,12.600000381469728,5002800,0.0468253318294544,0.0031746000509533,0.4942857197352822,0.1948133430198572,-0.0147911319295577,-18043700,42.50000331136796,1,1,1
2008-05-27,VTRS,10.900184631347656,12.850000381469728,12.880000114440918,12.510000228881836,12.579999923706056,4532300,0.0194552523407323,0.0046692190008728,0.5028571401323595,0.1938483901589173,0.0245018003180419,-13511400,46.71916128754497,1,1,1
2008-05-28,VTRS,10.89170265197754,12.84000015258789,13.119999885559082,12.699999809265137,12.800000190734863,2846900,0.0233645005583895,-0.0202492387688508,0.4957143238612588,0.1886593224556834,0.0542098993440447,-16358300,50.42492519873834,1,1,1
2008-05-29,VTRS,11.061354637145996,13.039999961853027,13.09000015258789,12.760000228881836,12.789999961853027,4549100,0.0015337774403512,-0.0444785218867159,0.4792857170104986,0.1865294347289549,0.092822099612416,-11809200,58.57987781686523,1,1,1
2008-05-30,VTRS,11.324317932128906,13.350000381469728,13.43000030517578,13.149999618530272,13.149999618530272,7946700,-0.0456929283086963,-0.0569288544693036,0.3957142829895023,0.1876561663991044,0.1467453999674575,-3862500,86.41507912973127,0,0,0
2008-06-02,VTRS,11.188593864440918,13.1899995803833,13.539999961853027,12.979999542236328,13.5,5696000,-0.0416981997390301,-0.040181937060819,0.4092857497079034,0.1870803676172141,0.1745570910425193,-9558500,80.3029936317006,0,0,0
2008-06-03,VTRS,11.112250328063965,13.100000381469728,13.399999618530272,13.0,13.210000038146973,5212400,-0.0145038571393004,-0.0396946902764389,0.4014286313738143,0.1864013048395346,0.1871781996234087,-14770900,83.4645698855291,0,0,0
2008-06-04,VTRS,11.146181106567385,13.140000343322754,13.529999732971191,13.020000457763672,13.06999969482422,7239400,-0.0426179912469536,-0.0540334870316627,0.4028570992606027,0.1870803676172141,0.1981243278089799,-7531500,81.3333378544541,0,0,0
2008-06-05,VTRS,11.078319549560549,13.0600004196167,13.5,13.0,13.199999809265137,6274300,-0.0459418347773173,-0.0490046188943031,0.4057142393929616,0.1899670183370072,0.1980607667720182,-13805800,76.07655677053958,0,0,0
2008-06-06,VTRS,10.806876182556152,12.739999771118164,13.109999656677246,12.619999885559082,13.029999732971191,5767200,-0.0117739106142156,-0.0588697027844745,0.4121427536010741,0.1905342179637363,0.1702267482244082,-19573000,62.03702109341369,0,0,0
2008-06-09,VTRS,10.72204875946045,12.640000343322754,12.859999656677246,12.520000457763672,12.779999732971191,2577300,0.0015822392045994,-0.0537974910368574,0.4057141712733675,0.1723941710304787,0.1385024004416113,-22150300,55.9808608073651,1,1,1
2008-06-10,VTRS,10.951080322265623,12.90999984741211,13.079999923706056,12.59000015258789,12.829999923706056,4840000,-0.0255615745628535,-0.0673896123812487,0.4207141739981512,0.1575101130006202,0.1336071892520571,-17310300,59.825323510071264,0,0,0
2008-06-11,VTRS,10.67115306854248,12.579999923706056,12.90999984741211,12.550000190734863,12.90999984741211,5983900,-0.0119236581430827,-0.0365659809965609,0.4192855698721748,0.1293194112109569,0.1019245405400752,-23294200,54.79999542236333,0,0,0
2008-06-12,VTRS,10.56936264038086,12.460000038146973,12.739999771118164,12.380000114440918,12.670000076293944,5160600,-0.0032102698018111,-0.0722311088101825,0.4099998474121092,0.1104921933962846,0.0663677788488801,-28454800,46.12068256781776,0,0,0
2008-06-13,VTRS,10.67963695526123,12.59000015258789,12.800000190734863,12.470000267028809,12.5600004196167,3743100,-0.047656900254,-0.0341541143736519,0.4185712678091865,0.0966237875185058,0.0481239686604784,-24711700,49.79252635861002,0,0,0
2008-06-16,VTRS,10.739014625549316,12.65999984741211,12.75,12.390000343322754,12.529999732971191,4795000,-0.0552922446842072,-0.0466034881278843,0.4178569657461982,0.0888258312810954,0.0388659851238006,-19916700,45.73989746502192,0,0,0
2008-06-17,VTRS,10.67115306854248,12.579999923706056,12.779999732971191,12.56999969482422,12.699999809265137,3703000,-0.0429252754473742,-0.0421303446888301,0.4028569630214144,0.085574487767799,0.0247879017139691,-23619700,44.34781923636373,0,0,0
2008-06-18,VTRS,10.54391384124756,12.43000030517578,12.789999961853027,12.34000015258789,12.4399995803833,4558000,-0.0249396952538782,-0.0225262011078887,0.4114283834184916,0.0861703517483646,0.0015097995390203,-28177700,36.444446328246336,0,0,0
2008-06-19,VTRS,10.535429954528809,12.420000076293944,12.520000457763672,12.300000190734863,12.399999618530272,7359000,-0.0692431281315952,-0.0458936949535269,0.3992855208260671,0.0842656833424234,-0.0175429745491833,-35536700,26.15382433406586,0,0,0
2008-06-20,VTRS,10.17067813873291,11.989999771118164,12.420000076293944,11.899999618530272,12.350000381469728,4635100,0.0141784887021805,-0.0266888824798016,0.396428380693708,0.1003707174560796,-0.0665724603639432,-40171800,22.97295729898609,1,1,1
2008-06-23,VTRS,10.145231246948242,11.960000038146973,12.09000015258789,11.859999656677246,12.09000015258789,3828900,0.0091972956794648,0.0275919667770487,0.3842855862208775,0.1142327356730963,-0.1066203557508256,-44000700,23.61108964852221,1,1,1
2008-06-24,VTRS,10.213089942932127,12.039999961853027,12.149999618530272,11.770000457763672,11.899999618530272,4362300,0.0008305837968038,0.0191030312823394,0.3749998637608118,0.1234358364802086,-0.1304001048807972,-39638400,24.99997832557244,1,1,1
2008-06-25,VTRS,10.280951499938965,12.119999885559082,12.279999732971191,11.949999809265137,12.029999732971191,5643200,0.0024752255160442,0.0,0.3628570011683871,0.1291381455032308,-0.1411631610843571,-33995200,28.63634038561408,1,1,1
2008-06-26,VTRS,9.80592441558838,11.5600004196167,12.130000114440918,11.529999732971191,12.020000457763672,5159900,0.0250865009797849,0.0371971743851997,0.3707141876220702,0.1468329337616378,-0.1926593800530991,-39155100,25.819662359884987,1,1,1
2008-06-27,VTRS,10.31488037109375,12.15999984741211,12.300000190734863,11.59000015258789,11.600000381469728,9192200,-0.0402960343147082,-0.022203906864918,0.3992856570652551,0.1386662680906556,-0.1829466698477446,-29962900,41.8367197989108,0,0,0
2008-06-30,VTRS,10.238539695739746,12.06999969482422,12.239999771118164,11.260000228881836,12.149999618530272,3429400,0.0182270316977013,-0.0041424389664226,0.4342856407165524,0.1332982327059256,-0.180431633627224,-33392300,34.78259667706497,1,1,1
2008-07-01,VTRS,10.221571922302246,12.050000190734863,12.199999809265137,11.81999969482422,12.029999732971191,6721600,0.0182572832818679,0.0066389977128435,0.4357142448425289,0.1279969790833218,-0.1780003647364818,-40113900,39.18366965627599,1,1,1
2008-07-02,VTRS,10.30639934539795,12.149999618530272,12.300000190734863,12.050000190734863,12.06999969482422,4376800,-0.0024691139023113,0.0477366207338381,0.4278571265084399,0.1174738298590048,-0.1660898679211779,-35737100,43.621383833908176,0,0,0
2008-07-03,VTRS,10.051922798156738,11.850000381469728,12.220000267028809,11.779999732971191,12.220000267028809,3672100,0.0118142941047798,0.08270038064883,0.4350000108991346,0.1109671575993342,-0.1787970831399885,-39409200,35.769216379451365,1,1,1
2008-07-07,VTRS,9.899232864379885,11.670000076293944,11.970000267028809,11.390000343322754,11.970000267028809,8791300,0.0188517793993601,0.1053984176688147,0.4507143156869067,0.1147956803930684,-0.201074303645786,-48200500,31.734302539591557,1,1,1
2008-07-08,VTRS,10.425156593322754,12.289999961853027,12.34000015258789,11.670000076293944,11.739999771118164,6856100,-0.021969040270741,0.0748576142513861,0.4835714612688336,0.1111623334759404,-0.1667778410499352,-41344400,45.53845819777695,0,0,0
2008-07-09,VTRS,10.408191680908203,12.270000457763672,12.949999809265137,12.0,12.260000228881836,7892300,-0.0114099705052717,0.0994294431816875,0.5192857469831192,0.099057517509266,-0.139602193005615,-49236700,47.435897435897466,0,0,0
2008-07-10,VTRS,10.280951499938965,12.119999885559082,12.43000030517578,11.970000267028809,12.18000030517578,5415600,0.0503300051515724,0.0825082516041517,0.5364285877772738,0.0949862658020145,-0.1286856802919906,-54652300,45.39876636569347,1,1,1
2008-07-11,VTRS,10.17067813873291,11.989999771118164,12.229999542236328,11.710000038146973,11.970000267028809,7287800,0.0700583960486227,0.1059216415352135,0.5364285196576797,0.093420596420661,-0.1290367329613122,-61940100,50.0,1,1,1
2008-07-14,VTRS,10.085851669311523,11.890000343322754,12.25,11.8100004196167,12.029999732971191,4163600,0.0849452688009986,0.0714885957318542,0.5514284542628695,0.0891400397417127,-0.1358184324783735,-66103700,48.84488833186138,1,1,1
2008-07-15,VTRS,10.196125984191896,12.020000457763672,12.1899995803833,11.600000381469728,11.729999542236328,6920100,0.0990016252133072,0.059900106982895,0.5664284569876532,0.0792895863348257,-0.129213561916929,-59183600,49.67533241619501,1,1,1
2008-07-16,VTRS,10.289435386657717,12.130000114440918,12.149999618530272,11.699999809265137,12.010000228881836,6749800,0.1121186845710042,0.0725474118828133,0.5749998773847304,0.0700033507113519,-0.1137913851675609,-52433800,50.16077554960522,1,1,1
2008-07-17,VTRS,10.798392295837402,12.729999542236328,13.149999618530272,12.100000381469728,12.5,14812900,0.03063632029434,0.0188531605202491,0.6071426527840744,0.0811113167587817,-0.0525485130165144,-37620900,68.57143376149823,1,1,1
2008-07-18,VTRS,10.883220672607422,12.829999923706056,13.039999961853027,12.699999809265137,13.039999961853027,7914500,0.033515222738331,-0.0054559388340199,0.5785712514604835,0.0947725289340709,0.0040098760853553,-29706400,62.64152179201679,1,1,1
2008-07-21,VTRS,10.942596435546877,12.899999618530272,13.029999732971191,12.729999542236328,12.800000190734863,7867200,-0.0124030893134504,0.0015504231283032,0.5299998692103788,0.1102386155418522,0.0538603289450456,-21839200,65.77948270910503,0,0,0
2008-07-22,VTRS,11.205559730529783,13.210000038146973,13.260000228881836,12.710000038146973,12.720000267028809,7112000,-0.0355791268487185,-0.0037850257827763,0.5421427318028036,0.1326113370959191,0.1170325368365041,-14727200,69.86302354139994,0,0,0
2008-07-23,VTRS,11.443073272705078,13.489999771118164,13.550000190734863,13.0600004196167,13.119999885559082,6652800,-0.035581879197952,0.0118606263993172,0.5592855725969582,0.1596291944720857,0.187528888819406,-8074400,71.61291632518959,0,0,0
2008-07-24,VTRS,11.1292142868042,13.119999885559082,13.449999809265137,13.100000381469728,13.449999809265137,2556100,-0.0114328978535567,0.0663109674655313,0.5557140622820167,0.1692503038844256,0.2111083316808475,-10630500,70.03154346364373,0,0,0
2008-07-25,VTRS,11.24797248840332,13.260000228881836,13.510000228881836,12.850000381469728,13.1899995803833,4672700,-0.037707389997697,0.0573152500575728,0.5614283425467347,0.1703091849823535,0.2383445797526704,-5957800,75.39937027009405,0,0,0
2008-07-28,VTRS,10.806876182556152,12.739999771118164,13.380000114440918,12.720000267028809,13.1899995803833,3405400,0.0141287526224171,0.0973312239713903,0.5607140404837463,0.1703615845721656,0.2154858250044018,-9363200,57.42574008123544,1,1,1
2008-07-29,VTRS,10.806876182556152,12.739999771118164,12.84000015258789,12.489999771118164,12.75,3710500,0.0329670395478416,0.0722135080708246,0.5178569384983599,0.1688716901074141,0.195120865301293,-9363200,57.80729697035752,1,1,1
2008-07-30,VTRS,11.035905838012695,13.010000228881836,13.149999618530272,12.65999984741211,12.8100004196167,4863400,0.0491928807370545,0.0430437706449229,0.5199997765677307,0.1691970831548906,0.1984803109930943,-4499800,64.21725736073537,1,1,1
2008-07-31,VTRS,11.001976013183594,12.970000267028809,13.260000228881836,12.829999923706056,13.010000228881836,3794100,0.0786429825049663,0.0632227970656831,0.5135712623596181,0.1691125667663464,0.1956595913047429,-8293900,66.11842941131628,1,1,1
2008-08-01,VTRS,10.823841094970703,12.760000228881836,13.329999923706056,12.720000267028809,13.329999923706056,5506900,0.0987460976708971,0.075235111357917,0.525714124952043,0.1607321437507521,0.1744677470094977,-13800800,63.80951948447101,1,1,1
2008-08-04,VTRS,10.959562301635742,12.920000076293944,13.09000015258789,12.6899995803833,12.779999732971191,4404300,0.0820433018330477,0.0394737016927424,0.5121427944728298,0.1459579854623021,0.1686397343551071,-9396500,64.15093604024862,1,1,1
2008-08-05,VTRS,11.16314697265625,13.15999984741211,13.329999923706056,12.989999771118164,13.039999961853027,7776500,0.0379939214131772,0.0053191258081954,0.5092856543404711,0.1464543390766112,0.1812970881269908,-1620000,65.55890638059898,1,1,1
2008-08-06,VTRS,11.578795433044434,13.649999618530272,14.399999618530272,13.289999961853027,13.81999969482422,21983300,-0.0058608004352944,-0.0534798214386271,0.5228571210588725,0.155208785551256,0.2282360554377263,20363300,64.37499776482633,0,0,0
2008-08-07,VTRS,11.867206573486328,13.989999771118164,14.449999809265137,13.600000381469728,13.600000381469728,19606600,-0.0142959122614161,-0.0721944421305098,0.5592856407165524,0.1668069616896698,0.289533138233061,39969900,66.86046028085703,0,0,0
2008-08-08,VTRS,11.892651557922363,14.020000457763672,14.289999961853027,13.93000030517578,14.06999969482422,6196200,-0.0213980157588893,-0.0413695334124751,0.5635713168552942,0.1700290183886395,0.3366516124263903,46166100,66.4705931851586,0,0,0
2008-08-11,VTRS,11.858719825744627,13.979999542236328,14.270000457763672,13.65999984741211,13.970000267028809,4266300,-0.0393418637389001,-0.0557939741424639,0.5678570611136298,0.1631197971274373,0.3665403540750933,41899800,62.3003036216749,0,0,0
2008-08-12,VTRS,11.587278366088867,13.65999984741211,14.039999961853027,13.550000190734863,13.829999923706056,3588700,-0.031478792824236,-0.0256222131555673,0.5678570611136298,0.1483226758685809,0.3602533201207194,38311100,52.68138753810182,0,0,0
2008-08-13,VTRS,11.51093292236328,13.56999969482422,13.890000343322754,13.260000228881836,13.649999618530272,5193300,-0.0478997518900604,-0.0280029567418381,0.5849999700273785,0.1310121626414715,0.3440426309742896,33117800,57.78545776496537,0,0,0
2008-08-14,VTRS,11.697552680969238,13.789999961853027,13.850000381469728,13.420000076293944,13.479999542236328,3942500,-0.0587382466901656,-0.0572878871673957,0.5685714312962126,0.1304160017945267,0.3449711137026128,37060300,58.92254789480563,0,0,0
2008-08-15,VTRS,11.638174057006836,13.720000267028809,13.890000343322754,13.5,13.84000015258789,3672300,-0.020408212915155,-0.0604956200839637,0.5492857524326872,0.1288744304490022,0.3361832414530408,33388000,69.44444339321676,0,0,0
2008-08-18,VTRS,11.39217758178711,13.43000030517578,13.779999732971191,13.199999809265137,13.779999732971191,3256300,-0.0171258742132718,-0.0446761256765191,0.5657142911638535,0.1252262510956945,0.3023331082156346,30131700,62.277583573731526,0,0,0
2008-08-19,VTRS,11.22252368927002,13.229999542236328,13.40999984741211,13.109999656677246,13.40999984741211,3297800,0.0060469297164351,-0.0272108593449273,0.5535714966910229,0.1251166240668832,0.256412480194399,26833900,54.0145835508684,1,1,1
2008-08-20,VTRS,10.959562301635742,12.920000076293944,13.31999969482422,12.81999969482422,13.31999969482422,5890300,0.0208977943107571,-0.0061919445227279,0.5585714748927529,0.1282416727982008,0.1927833985049289,20943600,49.169432373903526,1,1,1
2008-08-21,VTRS,11.010457992553713,12.979999542236328,13.0600004196167,12.760000228881836,12.800000190734863,5827500,0.001540867370495,-0.0369799352206778,0.5364286558968683,0.1296709700368171,0.1455208742535418,26771100,53.8461410210582,1,1,1
2008-08-22,VTRS,11.400656700134276,13.4399995803833,13.489999771118164,13.15999984741211,13.15999984741211,5620100,-0.0409225635589537,-0.0758928226142301,0.5442857742309573,0.1297115114381463,0.1435286332335117,32391200,58.227838168752655,0,0,0
2008-08-25,VTRS,11.197076797485352,13.199999809265137,13.420000076293944,13.039999961853027,13.300000190734863,3029000,-0.0280302947655631,-0.1590908680408775,0.5435714721679688,0.1233617274457965,0.1211868258125683,29362200,50.63291062836559,0,0,0
2008-08-26,VTRS,11.290386199951172,13.3100004196167,13.460000038146973,13.109999656677246,13.300000190734863,2935200,-0.0330578903220115,-0.1382419304717707,0.4800000871930804,0.1157192084491642,0.1110764917551154,32297400,43.88491010252682,0,0,0
2008-08-27,VTRS,11.188593864440918,13.1899995803833,13.449999809265137,13.06999969482422,13.3100004196167,3376600,-0.0265352114427618,-0.120545811182457,0.4464287076677596,0.113610865050059,0.0923167443723382,28920800,34.37501047736944,0,0,0
2008-08-28,VTRS,11.027425765991213,13.0,13.289999961853027,12.989999771118164,13.229999542236328,4177300,-0.0384615384615384,-0.111538446866549,0.4421430315290178,0.1131141269364165,0.0614102322398988,24743500,31.25,0,0,0
2008-08-29,VTRS,10.934114456176758,12.890000343322754,13.149999618530272,12.84000015258789,13.010000228881836,3529200,-0.0364623936780792,-0.1435221359344695,0.4207143783569335,0.1100792546518106,0.0277209953386368,21214300,30.4659639100921,0,0,0
2008-09-02,VTRS,10.883220672607422,12.829999923706056,13.140000343322754,12.68000030517578,12.890000343322754,5319000,-0.1348401833611705,-0.154325764147346,0.4185715402875627,0.1120131223129579,-0.0037759729760917,15895300,33.596843904288846,0,0,0
2008-09-03,VTRS,10.917149543762209,12.869999885559082,12.899999618530272,12.600000381469728,12.84000015258789,5851400,-0.1087800801071612,-0.1445221191310404,0.3950000490461074,0.1163937743413167,-0.0252191737246967,21746700,35.88710344172527,0,0,0
2008-09-04,VTRS,10.89170265197754,12.84000015258789,13.010000228881836,12.65999984741211,12.81999969482422,5865200,-0.0965731897493974,-0.084112142591243,0.389285768781389,0.1203772011997555,-0.0441251453319928,15881500,29.25764574038652,0,0,0
2008-09-05,VTRS,10.60329246520996,12.5,12.84000015258789,12.460000038146973,12.720000267028809,3865900,-0.0759999847412109,-0.0559999847412109,0.3885714667184007,0.1244045445471969,-0.0855571848850971,12015600,26.171873690327843,0,0,0
2008-09-08,VTRS,10.535429954528809,12.420000076293944,12.800000190734863,12.329999923706056,12.6899995803833,3591700,-0.1111111196428189,-0.0684380335143571,0.3807143483843115,0.1256579320594452,-0.1234249341766453,8423900,28.51063691636156,0,0,0
2008-09-09,VTRS,9.415722846984863,11.100000381469728,12.449999809265137,10.93000030517578,11.800000190734863,28487100,-0.0225225217484991,0.0333333218777862,0.4664285523550847,0.1781920043565984,-0.2569859677195136,-20063200,19.308363368125512,0,0,0
2008-09-10,VTRS,9.729580879211426,11.470000267028809,11.59000015258789,11.109999656677246,11.489999771118164,29142900,-0.0401046231419253,0.0226677654014448,0.4657142502920963,0.2029473784654523,-0.3291835277131216,9079700,29.461757521937884,0,0,0
2008-09-11,VTRS,9.839853286743164,11.600000381469728,11.710000038146973,11.279999732971191,11.390000343322754,11510900,0.0137930898405569,0.0336206359330328,0.4749999727521619,0.2181174401875742,-0.3716268088613947,20590600,30.833347020324386,1,1,1
2008-09-12,VTRS,9.797442436218262,11.550000190734863,11.65999984741211,11.359999656677246,11.579999923706056,5657300,0.0216450212875791,0.012986979744866,0.4599999700273781,0.2255268620767114,-0.4046336476673939,14933300,20.376190074733344,1,1,1
2008-09-15,VTRS,9.364828109741213,11.039999961853027,11.460000038146973,10.869999885559082,11.350000381469728,6591100,0.0480072223553009,-0.0036231849629747,0.4800000190734858,0.2438384260209979,-0.4665662758430962,8342200,18.786138320221667,1,1,1
2008-09-16,VTRS,9.203657150268556,10.850000381469728,11.789999961853027,10.670000076293944,11.0,17542300,0.0571428445862502,0.0525345322381458,0.5349999836512971,0.2663746409738328,-0.5249286573122642,-9200100,15.254236374916829,1,1,1
2008-09-17,VTRS,9.339380264282228,11.010000228881836,11.68000030517578,11.010000228881836,11.010000228881836,20834700,0.0653950316427571,0.0245231152113043,0.5671428271702352,0.2808852764015683,-0.5519085563072323,11634600,19.553072923340224,1,1,1
2008-09-18,VTRS,9.975576400756836,11.760000228881836,11.979999542236328,11.029999732971191,11.029999732971191,10352400,0.0195577838231213,-0.0935374455833932,0.6149999073573517,0.2818077017703929,-0.5069280377841192,21987000,35.02415514578777,1,1,1
2008-09-19,VTRS,10.009507179260254,11.800000190734863,12.479999542236328,11.350000381469728,12.260000228881836,8505500,-0.008474608462146,-0.1296609922237559,0.6735713141305101,0.2803235481969369,-0.4627190529497103,30492500,36.60933373073669,0,0,0
2008-09-22,VTRS,9.814409255981444,11.56999969482422,11.979999542236328,11.5,11.600000381469728,4386000,-0.0492653163231462,-0.222126167900756,0.6749998501368925,0.2708052904247924,-0.4411568502267364,26106500,35.14150593279922,0,0,0
2008-09-23,VTRS,9.729580879211426,11.470000267028809,11.9399995803833,11.40999984741211,11.720000267028809,2955000,-0.0043592144351202,-0.2571926539308883,0.6914284569876531,0.2642966423219468,-0.427213120393537,23151500,33.72093177989369,0,0,0
2008-09-24,VTRS,9.950127601623535,11.729999542236328,11.899999618530272,11.350000381469728,11.399999618530272,5383200,-0.0383631565921905,-0.3410059402611231,0.7057140895298543,0.2487095783320968,-0.39067933722683,28534700,37.74833433262147,0,0,0
2008-09-25,VTRS,10.17067813873291,11.989999771118164,12.170000076293944,11.90999984741211,12.020000457763672,5006600,-0.1109257672306045,-0.366972452253845,0.7099998337881898,0.2318413217889505,-0.3368630576586167,33541300,44.26965887596701,0,0,0
2008-09-26,VTRS,9.924681663513184,11.699999809265137,11.920000076293944,11.510000228881836,11.779999732971191,5378200,-0.122222168787478,-0.3829059907783767,0.7107140677315842,0.2177358537559599,-0.3139943107070255,28163100,42.27467341251562,0,0,0
2008-09-29,VTRS,9.330896377563477,11.0,11.699999809265137,10.850000381469728,11.59000015258789,6377500,-0.1818181818181817,-0.2090909264304421,0.6628569194248736,0.2122503350021148,-0.3483393591540551,21785600,48.762371212625496,0,0,0
2008-09-30,VTRS,9.687169075012209,11.420000076293944,11.489999771118164,10.789999961853027,11.130000114440918,4973200,-0.2539404202413446,-0.2285463782172101,0.6778569221496574,0.1972284776845136,-0.3377739139976086,26758800,49.388750604790495,0,0,0
2008-10-01,VTRS,9.56841278076172,11.279999732971191,11.550000190734863,11.210000038146973,11.359999656677246,3820100,-0.3147162941432644,-0.3528368472033627,0.6714283398219509,0.1769365189901961,-0.3368149867583589,22938700,46.09755252245726,0,0,0
2008-10-02,VTRS,9.042487144470217,10.65999984741211,11.489999771118164,10.640000343322754,11.3100004196167,10421600,-0.2879924708037882,-0.2757973826739024,0.71071399961199,0.1632105490539749,-0.3816840233903438,12517100,40.47108661100229,0,0,0
2008-10-03,VTRS,8.711664199829102,10.270000457763672,10.869999885559082,10.130000114440918,10.84000015258789,11971200,-0.2969815512779606,-0.2005842578185503,0.7149996757507316,0.1693606015286225,-0.4435992139612583,545900,41.5384637956797,0,0,0
2008-10-06,VTRS,7.634369850158691,9.0,10.210000038146973,7.820000171661377,10.050000190734863,23834900,-0.0333333545260958,-0.1122222476535372,0.809999704360961,0.2349388885873782,-0.5883635825325957,-23289000,33.5701540209659,0,0,0
2008-10-07,VTRS,7.227203369140625,8.520000457763672,9.399999618530272,8.449999809265137,9.020000457763672,15478100,0.0340375523793277,-0.0821596535789425,0.8185711247580384,0.318552324580544,-0.733368523300701,-38767100,29.07562815093252,1,1,1
2008-10-08,VTRS,6.557076454162598,7.730000019073486,8.630000114440918,7.579999923706055,8.399999618530273,25252700,-0.0556274032700665,-0.0905562493580741,0.8242854731423507,0.4184250498365844,-0.9016388848430132,-64019800,16.360595287081054,0,0,0
2008-10-09,VTRS,6.438319206237793,7.590000152587891,8.489999771118164,7.480000019073486,8.489999771118164,14539500,0.017127751645622,-0.127799769107788,0.8157140868050705,0.4991151517500702,-1.034367631698741,-78559300,15.435134713170244,1,1,1
2008-10-10,VTRS,6.124462604522705,7.21999979019165,7.570000171661377,6.309999942779541,7.210000038146973,14514800,0.1371191519008401,-0.1329639320230966,0.8728569916316434,0.5791706330954414,-1.1560854237375562,-93074100,15.08827803207818,1,1,1
2008-10-13,VTRS,7.3798909187316895,8.699999809265137,8.800000190734863,7.440000057220459,8.100000381469727,10861700,-0.0816092015761715,-0.3367815968476568,0.9478570393153593,0.6019118340646407,-1.1202109239702231,-82212400,31.800258983368096,0,0,0
2008-10-14,VTRS,7.47320032119751,8.8100004196167,9.25,8.529999732971191,9.210000038146973,7972100,-0.1123723269922835,-0.2599319329873332,0.9599999700273782,0.6200746131359872,-1.0705632082387684,-74240300,30.42896290616484,0,0,0
2008-10-15,VTRS,6.192322731018066,7.300000190734863,8.880000114440918,7.269999980926514,8.850000381469727,9200700,-0.0369862977906763,-0.0438356388082729,1.0435713699885774,0.6767952092563736,-1.1399211334512651,-83441000,23.076928551516687,0,0,0
2008-10-16,VTRS,6.548593521118164,7.71999979019165,7.75,6.929999828338623,7.650000095367432,8147200,-0.1424870381512355,0.0582901940844642,1.0678571292332235,0.7018300738488527,-1.1477665924679084,-75293800,27.48868927777245,0,0,0
2008-10-17,VTRS,6.964242935180664,8.210000038146973,8.399999618530273,7.25,7.590000152587891,9195600,-0.2375152009993484,0.0438489226558516,1.0892857142857142,0.7053247671171171,-1.1017450195817435,-66098200,33.83545992733953,0,0,0
2008-10-20,VTRS,6.777624607086182,7.989999771118164,8.34000015258789,7.460000038146973,8.289999961853027,6370400,-0.277847290836777,0.0976221162690158,1.1021428789411272,0.7108481094697113,-1.0706826117606152,-72468600,29.655991737991428,0,0,0
2008-10-21,VTRS,6.633419036865234,7.820000171661377,8.109999656677246,7.699999809265137,7.889999866485596,5243800,-0.166240429948568,0.1624040860675197,1.107142857142857,0.7144645950874265,-1.0477056778202645,-77712400,29.55083126069819,0,0,0
2008-10-22,VTRS,5.963291645050049,7.03000020980835,7.78000020980835,6.760000228881836,7.659999847412109,8252400,-0.00711240245272,0.2958747346787918,1.1221428939274378,0.7226517638285674,-1.0807840806322524,-85964800,28.968717329681155,0,0,0
2008-10-23,VTRS,5.615503311157227,6.619999885559082,7.199999809265137,6.230000019073486,7.070000171661377,11554200,0.2341390056691761,0.3746224378825955,1.138571466718401,0.7189300501243318,-1.127090159064581,-97519000,28.90173451828541,1,1,1
2008-10-24,VTRS,5.310129642486572,6.260000228881836,6.349999904632568,5.900000095367432,6.190000057220459,7884000,0.3690094858598745,0.49041526878228,1.0150000027247836,0.7184614410167707,-1.1792434391773874,-105403000,32.2997447381271,1,1,1
2008-10-27,VTRS,4.894479274749756,5.769999980926514,6.25,5.769999980926514,6.139999866485596,8259500,0.5199307602693328,0.6256499385524661,0.9821428912026542,0.7445250980977872,-1.2457539383712923,-113662500,32.2580647146044,1,1,1
2008-10-28,VTRS,5.530677318572998,6.519999980926514,6.519999980926514,5.75,5.980000019073486,13322800,0.3941718066226392,0.521472408790449,0.9621428762163434,0.7015902057839023,-1.223837617929239,-100339700,42.15304875167635,1,1,1
2008-10-29,VTRS,5.920878410339356,6.980000019073486,7.309999942779541,6.519999980926514,6.550000190734863,14313600,0.3051575403701063,0.3051575403701063,0.9464286054883684,0.6218254263998251,-1.1560246844209834,-86026100,46.20174318100695,1,1,1
2008-10-30,VTRS,6.930312156677246,8.170000076293945,8.739999771118164,7.5,8.489999771118164,15861100,0.1138311256415125,0.140758825923039,0.9807142870766776,0.5378639005578711,-0.99479204323971,-70165000,55.36723273428044,1,1,1
2008-10-31,VTRS,7.269615173339844,8.569999694824219,8.979999542236328,7.960000038146973,8.170000076293945,16811800,0.0886814767730777,0.0653442753276767,0.9407142230442592,0.4624901018231703,-0.8252247104287234,-53353200,49.16344847630592,1,1,1
2008-11-03,VTRS,7.439269065856934,8.770000457763672,8.8100004196167,8.489999771118164,8.770000457763672,5728600,0.0695552593885262,0.0011401681511507,0.9121428217206684,0.454445336323045,-0.6670140644827374,-47624600,49.74554733621554,1,1,1
2008-11-04,VTRS,7.710712432861328,9.09000015258789,9.1899995803833,8.5600004196167,9.010000228881836,6870100,0.0913091209871712,-0.033003320758961,0.8421427522386823,0.4725855589459237,-0.5099315136332923,-40754500,63.41829041513,1,1,1
2008-11-05,VTRS,7.727678298950195,9.109999656677246,9.5,8.829999923706055,8.930000305175781,8813200,0.0,-0.1295279772566986,0.8314284597124372,0.4968922242024936,-0.3794545516599807,-31941300,61.08452847459336,0,0,0
2008-11-06,VTRS,7.719197750091553,9.100000381469728,9.239999771118164,8.880000114440918,8.880000114440918,6238400,0.0241757477068325,-0.1967033366652548,0.7749998910086495,0.5155858358667196,-0.2737024062369322,-38179700,57.68566922088915,1,1,1
2008-11-07,VTRS,7.914295673370361,9.329999923706056,9.529999732971191,8.979999542236328,9.109999656677246,7535300,-0.0214362069561191,-0.1618434902885699,0.7514284678867885,0.5313185280472752,-0.1693815036759538,-30644400,61.551728872284734,0,0,0
2008-11-10,VTRS,7.956709384918213,9.380000114440918,9.800000190734863,9.170000076293944,9.670000076293944,10771600,-0.0639659247494037,-0.0682303129546283,0.7671427726745607,0.5472087384352882,-0.0817297100590046,-19872800,63.73239658319245,0,0,0
2008-11-11,VTRS,8.414772987365723,9.920000076293944,10.0,8.930000305175781,9.239999771118164,10060900,-0.1139113009828803,-0.0927419424615216,0.767857040677752,0.5784251772075187,0.0309516603591752,-9811900,76.61142233352915,0,0,0
2008-11-12,VTRS,7.727678298950195,9.109999656677246,9.869999885559082,9.010000228881836,9.850000381469728,9045600,-0.1295279772566986,0.0142700460307518,0.7635713304792132,0.5787657875752562,0.0542666417674233,-18857500,71.35506184407278,0,0,0
2008-11-13,VTRS,7.90581464767456,9.31999969482422,9.399999618530272,8.100000381469727,9.1899995803833,11846600,-0.2156652165086352,0.0096566690488058,0.8049998623984199,0.5865853170384903,0.0886670816201693,-7010900,76.93661809251351,0,0,0
2008-11-14,VTRS,7.744644641876221,9.130000114440918,9.5,8.90999984741211,9.149999618530272,11499500,-0.1434830149352917,-0.0306680974218517,0.8121427127293177,0.5924840766731174,0.0994518804301165,-18510400,81.22677467887715,0,0,0
2008-11-17,VTRS,7.447751998901367,8.779999732971191,9.06999969482422,8.6899995803833,9.010000228881836,8461200,-0.0045558044498358,0.066059218832092,0.7885713236672537,0.5922549314443447,0.078847896013773,-26971600,72.6907648210927,0,0,0
2008-11-18,VTRS,7.456235885620117,8.789999961853027,9.100000381469728,8.5,8.739999771118164,9260700,0.0238907894264315,0.1046644004876649,0.7749999250684466,0.5895895479012222,0.0626043607150332,-17710900,69.97792759379195,1,1,1
2008-11-19,VTRS,6.72672700881958,7.929999828338623,8.880000114440918,7.869999885559082,8.739999771118164,9768500,0.1651954566377327,0.1853719825993516,0.721428530556815,0.5715391795073733,-0.0194394950924241,-27479400,47.1428537368769,1,1,1
2008-11-20,VTRS,6.200804710388184,7.309999942779541,8.149999618530273,7.179999828338623,7.71999979019165,9913600,0.287277690980948,0.3310532993706989,0.7178571224212646,0.5496647598190912,-0.1329560169224386,-37393000,35.74660784811461,1,1,1
2008-11-21,VTRS,6.633419036865234,7.820000171661377,7.889999866485596,7.090000152587891,7.489999771118164,12357900,0.1317135789256029,0.2736572659218941,0.7521427699497768,0.4987670062922124,-0.1796945155744964,-25035100,39.95771169330956,1,1,1
2008-11-24,VTRS,7.413821697235107,8.739999771118164,9.0,7.690000057220459,7.980000019073486,7708900,0.0709382038667676,0.1212815157180589,0.8007142543792725,0.3986137665699559,-0.1408749152389656,-17326200,46.71669372322934,1,1,1
2008-11-25,VTRS,7.634369850158691,9.0,9.140000343322754,8.680000305175781,8.930000305175781,6891100,0.0788888931274414,0.091111077202691,0.7857142516544887,0.3280961641672922,-0.0881145273132713,-10435100,49.01257035274652,1,1,1
2008-11-26,VTRS,7.837953090667725,9.239999771118164,9.34000015258789,8.619999885559082,8.710000038146973,4722900,0.0173160012311066,0.0573593830924272,0.8114285809653146,0.2722472147413473,-0.0266286060023652,-5712200,51.20689125038372,1,1,1
2008-11-28,VTRS,7.982156753540039,9.40999984741211,9.449999809265137,9.18000030517578,9.300000190734863,2102400,0.034006344315959,-0.010626931925287,0.791428531919207,0.2670106901074293,0.0354088439142685,-3609800,50.69686335892357,1,1,1
2008-12-01,VTRS,7.507131576538086,8.850000381469727,9.329999923706056,8.800000190734863,9.130000114440918,5050600,0.1254236846137748,0.0135593085182617,0.7899999277932304,0.2645761283766242,0.0389378419342971,-8660400,45.76000213623047,1,1,1
2008-12-02,VTRS,7.939746379852295,9.359999656677246,9.399999618530272,8.6899995803833,8.949999809265137,4880300,0.0470086057902501,0.0331197041653252,0.7642856666019984,0.2669054194611359,0.0819426931980622,-3780100,45.49838841288645,1,1,1
2008-12-03,VTRS,8.236638069152832,9.710000038146973,9.789999961853027,9.140000343322754,9.140000343322754,5888600,0.0113284918892997,0.0030895708396843,0.7457142216818673,0.2761884116226701,0.1426223912205557,2108500,55.20833730007813,1,1,1
2008-12-04,VTRS,7.97367525100708,9.399999618530272,9.760000228881836,9.220000267028809,9.510000228881836,4949100,0.0393617930051843,0.0276595999396955,0.6914285591670446,0.2786553735050549,0.1638087605710865,-2840600,50.68259324567446,1,1,1
2008-12-05,VTRS,8.2536039352417,9.729999542236328,9.75,9.010000228881836,9.25,6075200,-0.0431653794839846,-0.0082219863792172,0.7021428176334927,0.2868635271556517,0.2048657816334262,3234600,54.99999523162842,0,0,0
2008-12-08,VTRS,8.448702812194824,9.960000038146973,10.079999923706056,9.579999923706056,9.800000190734863,4979900,-0.0993975670006473,-0.0602410019248709,0.7064284937722344,0.2988512909825215,0.2530459285026776,8214500,60.03401600518488,0,0,0
2008-12-09,VTRS,8.312982559204102,9.800000190734863,10.109999656677246,9.630000114440918,9.850000381469728,5109800,-0.0132653175419144,-0.0244897720864398,0.6978570052555629,0.3054069576360282,0.2751466719428332,3104700,58.37479497187452,0,0,0
2008-12-10,VTRS,8.329944610595703,9.81999969482422,10.079999923706056,9.550000190734863,9.770000457763672,3916600,-0.0081466319951335,-0.0203665799878335,0.6635712555476598,0.3029909583349782,0.2909218966515912,7021300,68.20809434431526,0,0,0
2008-12-11,VTRS,8.287534713745117,9.770000457763672,10.0600004196167,9.579999923706056,9.649999618530272,4630300,-0.0112590179321998,-0.0307062616866583,0.6285713059561593,0.3094738424294733,0.295977510812861,2391000,76.62339109980046,0,0,0
2008-12-12,VTRS,7.897332191467285,9.3100004196167,9.640000343322754,9.119999885559082,9.34000015258789,15424100,0.0365197834145285,0.021482255666039,0.6178570815495082,0.3094215303220597,0.259870339254407,-13033100,66.30197826978161,1,1,1
2008-12-15,VTRS,7.608922481536865,8.970000267028809,9.449999809265137,8.720000267028809,9.350000381469728,6629700,0.0434781915316062,0.079152733223067,0.5764284815107074,0.3098892306100217,0.2014972400861641,-19662800,52.882212582433695,1,1,1
2008-12-16,VTRS,8.202707290649414,9.670000076293944,9.699999809265137,8.989999771118164,9.06999969482422,13721100,-0.0113753522036581,0.0227508030292722,0.5957141603742327,0.3116235017116581,0.2093075062622684,-5941700,57.56208034547562,0,0,0
2008-12-17,VTRS,8.2620849609375,9.739999771118164,10.0600004196167,9.0,9.300000190734863,6389800,-0.0123203170820306,0.0287475044379146,0.619999885559082,0.3132466432430392,0.2186254111866503,448100,55.86854691318336,0,0,0
2008-12-18,VTRS,8.19422435760498,9.65999984741211,9.960000038146973,9.420000076293944,9.739999771118164,5283000,-0.0196686939321434,0.0207039143296379,0.6392856325422015,0.2873716716811262,0.217052546074651,-4834900,52.99760323471833,0,0,0
2008-12-19,VTRS,8.185741424560547,9.649999618530272,9.90999984741211,9.449999809265137,9.609999656677246,4335900,-0.0145077093453562,0.0704663556535301,0.6285713740757534,0.2114461324136349,0.2125489720040256,-9170800,61.04971647939162,0,0,0
2008-12-22,VTRS,7.939746379852295,9.359999656677246,9.770000457763672,9.100000381469728,9.630000114440918,6090400,0.0341881047260776,0.0886752087767384,0.6257142339433942,0.1454208829796629,0.1834644201825934,-15261200,50.0,1,1,1
2008-12-23,VTRS,8.10939884185791,9.5600004196167,9.59000015258789,9.229999542236328,9.489999771118164,4342500,0.0345188189562115,0.0983263116238428,0.6050000190734863,0.1272607186033497,0.1745410923497719,-10918700,47.69231356107272,1,1,1
2008-12-24,VTRS,8.160293579101562,9.619999885559082,9.65999984741211,9.460000038146973,9.579999923706056,1068400,0.0415801015554111,0.1101871551171118,0.580714293888637,0.1177355098462655,0.1703470909906901,-9850300,53.66667228275057,1,1,1
2008-12-26,VTRS,8.033055305480957,9.470000267028809,9.739999771118164,9.260000228881836,9.670000076293944,1661900,0.0411826165418682,0.1657866579254916,0.5621428489685059,0.1144533791097806,0.1531541335646,-11512200,45.390081715045376,1,1,1
2008-12-29,VTRS,8.066984176635742,9.510000228881836,9.510000228881836,9.06999969482422,9.369999885559082,3349300,0.0862249921229112,0.1619347975593157,0.5578571728297641,0.1137508086405092,0.1411294016712965,-8162900,41.44486471413504,1,1,1
2008-12-30,VTRS,8.211189270019531,9.68000030517578,9.739999771118164,9.390000343322754,9.609999656677246,2816400,0.0526858738769699,0.0981404730697359,0.5485714503696986,0.0920217296169926,0.1436612628077274,-5346500,47.72727354827379,1,1,1
2008-12-31,VTRS,8.389323234558105,9.890000343322754,10.0,9.489999771118164,9.649999618530272,5127700,0.0616784262387906,0.0768452223280893,0.5471429143633159,0.0929723888683439,0.1607598891023229,-218800,51.23676102429373,1,1,1
2009-01-02,VTRS,8.499600410461426,10.020000457763672,10.020000457763672,9.779999732971191,9.93000030517578,2706100,0.0658682452355308,0.0978043410643765,0.5300000735691615,0.0995852015425009,0.1826946067061694,2487300,54.295532871287385,1,1,1
2009-01-05,VTRS,8.363877296447754,9.859999656677246,10.100000381469728,9.649999618530272,10.0,7010200,0.1196754915074138,0.0507099409137805,0.5157143729073662,0.0989096032961339,0.1850343402782872,-4522900,60.53638138778946,1,1,1
2009-01-06,VTRS,8.762560844421387,10.329999923706056,10.5600004196167,9.899999618530272,10.050000190734863,8154900,0.0696999295591955,0.0454985741045568,0.5135716029575894,0.1159074933366244,0.2222517102156818,3632000,74.81750541836534,1,1,1
2009-01-07,VTRS,8.643802642822266,10.1899995803833,10.699999809265137,10.119999885559082,10.300000190734863,6515900,0.0431796420192851,0.0932287342551312,0.5028573444911413,0.1221359775006892,0.2377097167082293,-2883900,61.92658724343224,1,1,1
2009-01-08,VTRS,8.90676498413086,10.5,10.600000381469728,10.25,10.43000030517578,6575800,0.014285677955264,0.0409524100167408,0.4564288003104076,0.1414166623780269,0.2718411260184439,3691900,65.70247119669475,1,1,1
2009-01-09,VTRS,9.059453964233398,10.68000030517578,10.81999969482422,10.25,10.5,7924200,0.029962517385804,0.0608613857637505,0.4585716383797784,0.1643795932505024,0.3098433528023658,11616100,70.23808532652335,1,1,1
2009-01-12,VTRS,9.364828109741213,11.039999961853027,11.0600004196167,10.43000030517578,10.75,13262900,-0.0615942307541136,0.0425724881026106,0.4707145009722032,0.1982482438586417,0.3648041201565899,24879000,74.2160187278923,0,0,0
2009-01-13,VTRS,9.373311042785645,11.050000190734863,11.279999732971191,10.850000381469728,10.93000030517578,7769000,-0.0226244339986182,0.0542985898134638,0.4535715920584546,0.2170885641001838,0.4045049775653559,32648000,82.62546698706166,0,0,0
2009-01-14,VTRS,9.01703929901123,10.630000114440918,11.100000381469728,10.470000267028809,11.100000381469728,6782800,0.0479774434046333,0.0752587189202431,0.4728572709219801,0.2049335362590767,0.3974956150038693,25865200,69.03913117257761,1,1,1
2009-01-15,VTRS,9.03400421142578,10.649999618530272,10.84000015258789,10.220000267028809,10.68000030517578,5545200,0.0262911452276792,0.0638497962002393,0.5028572763715476,0.2088199297147706,0.3890694866565116,31410400,68.59204346824657,1,1,1
2009-01-16,VTRS,9.330896377563477,11.0,11.010000228881836,10.6899995803833,10.850000381469728,6947000,0.0299999930641869,0.0372727134011008,0.4942859240940645,0.2205847396567812,0.4059542371949813,38357400,75.7575524046864,1,1,1
2009-01-20,VTRS,8.788007736206055,10.359999656677246,11.229999542236328,10.3100004196167,10.899999618530272,5299600,0.1110039199145522,0.1148649202213665,0.5285715375627797,0.2167128486788543,0.3635026127968697,33057800,61.904745367804125,1,1,1
2009-01-21,VTRS,9.161243438720703,10.800000190734863,10.800000190734863,10.289999961853027,10.550000190734863,6305300,0.0787036493318407,0.0777777905326808,0.5400001662118102,0.2172767582123786,0.3612000708964249,39363100,64.58332039830773,1,1,1
2009-01-22,VTRS,9.449655532836914,11.140000343322754,11.34000015258789,10.65999984741211,10.710000038146973,6928800,0.0260323117518439,0.0439856154413735,0.5521430288042348,0.2151184775603463,0.3824023642475751,46291900,65.74306064354948,1,1,1
2009-01-23,VTRS,9.27151870727539,10.93000030517578,11.109999656677246,10.619999885559082,10.93000030517578,5989900,0.0365964874073114,0.0805123595489933,0.5721430097307485,0.2094439036401839,0.3779038461463226,40302000,61.23455755196457,1,1,1
2009-01-26,VTRS,9.610824584960938,11.329999923706056,11.420000076293944,10.779999732971191,10.779999732971191,8032800,0.007060893578531,0.0494263392222089,0.5857144083295553,0.2115972720418857,0.4019815710933834,48334800,67.13286278010835,1,1,1
2009-01-27,VTRS,9.763509750366213,11.510000228881836,11.510000228881836,11.279999732971191,11.4399995803833,7961700,0.003475235539323,-0.0130321954145748,0.5521429606846404,0.2085715072150139,0.4306238976489105,56296500,64.74999678135069,1,1,1
2009-01-28,VTRS,9.882267951965332,11.649999618530272,11.789999961853027,11.329999923706056,11.550000190734863,5683800,-0.00085830691287,0.0145922817047607,0.543571540287563,0.2043890563652754,0.4593251145216452,61980300,68.24999612569898,0,0,0
2009-01-29,VTRS,9.695651054382324,11.43000030517578,11.770000457763672,11.350000381469728,11.550000190734863,6759300,0.0174977956190056,0.0437445307655492,0.544285774230957,0.1935062380353529,0.4590275458834423,55221000,61.89258748681683,1,1,1
2009-01-30,VTRS,9.610824584960938,11.329999923706056,11.670000076293944,11.119999885559082,11.380000114440918,6807700,0.0423654456436777,0.0414828129032387,0.5428572382245742,0.1830168010722575,0.4455860865096746,48413300,58.485634875696185,1,1,1
2009-02-02,VTRS,9.678685188293455,11.40999984741211,11.579999923706056,11.0600004196167,11.109999656677246,4916300,0.0420684051121624,0.0017528885215722,0.5350000517708912,0.1744150207274843,0.4363588847716269,53329600,55.211265713798326,1,1,1
2009-02-03,VTRS,9.797442436218262,11.550000190734863,11.739999771118164,11.31999969482422,11.720000267028809,6426400,-0.0164502624173141,-0.006926400206489,0.534285817827497,0.15757683852274,0.4353249633926719,59756000,56.79347769749869,0,0,0
2009-02-04,VTRS,9.873785972595217,11.640000343322754,11.850000381469728,11.579999923706056,11.75,6273500,0.0154638613567328,-0.0060138012400222,0.510714394705636,0.1553607649002558,0.436733442138193,66029500,65.074628565247,1,1,1
2009-02-05,VTRS,9.865303993225098,11.630000114440918,11.789999961853027,11.380000114440918,11.56999969482422,5759600,0.0257953729821853,0.0842647921404116,0.4957143919808521,0.1439084853815364,0.4320621927871215,60269900,64.6706612472857,1,1,1
2009-02-06,VTRS,10.01799201965332,11.8100004196167,11.970000267028809,11.600000381469728,11.630000114440918,7062900,-0.0008467594010602,0.0897543969754393,0.4964286259242461,0.1436064961135334,0.4378375950726738,67332800,62.77602770407948,0,0,0
2009-02-09,VTRS,10.085851669311523,11.890000343322754,12.0,11.619999885559082,11.75,5213000,-0.0386879751778395,0.089150499187131,0.4578572681971953,0.1468675067370263,0.4437546409758237,72545800,79.31035112745474,0,0,0
2009-02-10,VTRS,9.636271476745604,11.359999656677246,12.0,11.300000190734863,11.880000114440918,6343900,0.0096831526123246,0.1522887806509549,0.4714286667960025,0.1460096342420906,0.4010542131507204,66201900,60.37035755006084,1,1,1
2009-02-11,VTRS,10.02647304534912,11.81999969482422,11.880000114440918,11.380000114440918,11.43000030517578,5465500,-0.0211505927626606,0.0659899075113392,0.4600001062665662,0.1507529983769322,0.3997242033604333,71667400,62.05672331783899,0,0,0
2009-02-12,VTRS,10.11978244781494,11.93000030517578,11.93000030517578,11.56999969482422,11.600000381469728,5835200,0.0569991059603285,0.0419111472933555,0.4485715457371295,0.1473956875920546,0.4029018887851432,77502600,68.3823446914024,1,1,1
2009-02-13,VTRS,10.009507179260254,11.800000190734863,11.979999542236328,11.649999618530272,11.960000038146973,6005400,0.0906779387736249,-0.0152542629039205,0.4264286586216513,0.1386234078496185,0.3904296743472759,71497200,59.59183546365863,1,1,1
2009-02-17,VTRS,9.695651054382324,11.43000030517578,11.600000381469728,11.260000228881836,11.43000030517578,7254900,0.1329833301405132,0.0017497378438653,0.4485714776175357,0.1342781397455301,0.3466929949642097,64242300,48.48485067418235,1,1,1
2009-02-18,VTRS,9.729580879211426,11.470000267028809,11.699999809265137,11.25,11.43000030517578,8515500,0.1412379989402326,0.0470793329800776,0.4478571755545476,0.1022669057816457,0.3116663286442218,72757800,46.45670828663527,1,1,1
2009-02-19,VTRS,9.814409255981444,11.56999969482422,12.029999732971191,11.40999984741211,11.68000030517578,14671200,0.0890233979095327,0.0501296403633884,0.4621428762163432,0.085772225294286,0.2886491931049004,87429000,52.89254700191847,1,1,1
2009-02-20,VTRS,10.696602821350098,12.609999656677246,12.8100004196167,11.84000015258789,11.979999542236328,23595700,-0.0142743343697201,-0.050753323320635,0.5114286286490302,0.1123436661736828,0.3502893352306877,111024700,69.04760620762217,0,0,0
2009-02-23,VTRS,10.917149543762209,12.869999885559082,13.369999885559082,12.68000030517578,12.989999771118164,20440100,-0.0971250979887401,-0.0675990593080948,0.5285715375627786,0.1341649760165858,0.4153317516191794,131464800,70.6214585767469,0,0,0
2009-02-24,VTRS,10.98500919342041,12.949999809265137,13.149999618530272,12.529999732971191,13.100000381469728,16688800,-0.1158301175361268,-0.0478764397444623,0.5428572382245741,0.1586649738594723,0.467939544679373,148153600,70.11492866902746,0,0,0
2009-02-25,VTRS,11.103764533996582,13.09000015258789,13.31999969482422,12.850000381469728,13.31999969482422,14399100,-0.0825057227743835,-0.0557677988847329,0.5550000326974046,0.1828095475707103,0.5149919507359915,162552700,70.53823138073335,0,0,0
2009-02-26,VTRS,10.688117980957031,12.600000381469728,13.420000076293944,12.43000030517578,13.25,16526700,-0.035714345183771,0.0285714004585808,0.5964285986764085,0.1889900182981198,0.5068992164662394,146026000,62.09476285503848,0,0,0
2009-02-27,VTRS,10.54391384124756,12.43000030517578,12.81999969482422,12.100000381469728,12.789999961853027,21313700,-0.037007242707422,0.0675784498764751,0.6214285578046522,0.1880661138391086,0.4812208662489254,124712300,57.7499967217453,0,0,0
2009-03-02,VTRS,9.856819152832031,11.619999885559082,12.239999771118164,11.529999732971191,12.15999984741211,12211700,0.0327022476922025,0.1230637107796304,0.6585714476449144,0.1835533653713808,0.3910030841291974,112500600,47.1458734141893,1,1,1
2009-03-03,VTRS,9.712614059448242,11.449999809265137,12.039999961853027,11.140000343322754,11.880000114440918,13489700,0.0768559064716174,0.1816593850091556,0.6728571483067098,0.182858939818211,0.3023025013495051,99010900,51.029749831852186,1,1,1
2009-03-04,VTRS,10.187644004821776,12.010000228881836,12.1899995803833,11.56999969482422,11.81999969482422,9081000,0.0291423331494804,0.1298917099261058,0.6885713849748879,0.1795789399171491,0.2740350981570643,108091900,52.12528503546727,1,1,1
2009-03-05,VTRS,10.30639934539795,12.149999618530272,12.170000076293944,11.65999984741211,11.65999984741211,11459000,0.0666667032961341,0.0872428356293992,0.6992856434413361,0.1773501452355139,0.2599334076716157,119550900,52.44443681504992,1,1,1
2009-03-06,VTRS,10.153711318969728,11.970000267028809,12.68000030517578,11.720000267028809,12.68000030517578,9439000,0.1086048589585828,0.0760233773693965,0.7442856516156872,0.1746143220939358,0.2315639479672686,110111900,51.868133019773545,1,1,1
2009-03-09,VTRS,10.179160118103027,12.0,12.289999961853027,11.81999969482422,11.850000381469728,6612200,0.087500015894572,0.1208333174387614,0.7392856734139571,0.1736272844771256,0.2090913990003979,116724100,56.76959404725878,1,1,1
2009-03-10,VTRS,10.459089279174805,12.329999923706056,12.550000190734863,11.760000228881836,12.140000343322754,8834800,0.097323586106272,0.0989456832585371,0.7635713985988064,0.1739784565071912,0.2154266733647247,125558900,59.55555376594413,1,1,1
2009-03-11,VTRS,10.484537124633787,12.359999656677246,12.609999656677246,12.210000038146973,12.609999656677246,7128600,0.0978964459350366,0.0825243111728273,0.7478570938110344,0.165614856065185,0.2203283436778988,132687500,58.91647943001697,1,1,1
2009-03-12,VTRS,10.993492126464844,12.960000038146973,13.0,12.359999656677246,12.399999618530272,9839600,0.0192901234000109,0.0563271250067607,0.704999923706054,0.1735065748518011,0.2695210976453168,142527100,54.385969944199296,1,1,1
2009-03-13,VTRS,11.256455421447754,13.270000457763672,13.399999618530272,12.90999984741211,13.0,7241400,-0.0293896254611342,-0.0015071934494147,0.6857141767229346,0.1878851483728411,0.3297203418040819,149768500,54.95050217798916,0,0,0
2009-03-16,VTRS,11.06983757019043,13.050000190734863,13.470000267028809,12.979999542236328,13.279999732971191,5692500,0.0306513113167816,0.0,0.6764285223824631,0.1920423373936377,0.355577616162023,144076000,51.1961767245077,1,1,1
2009-03-17,VTRS,11.47700309753418,13.529999732971191,13.56999969482422,12.979999542236328,13.050000190734863,6017000,0.0014782304625573,-0.0088691713176205,0.6850000108991345,0.1970573158240903,0.4100745596560493,150093000,54.86725252939987,1,1,1
2009-03-18,VTRS,11.51093292236328,13.56999969482422,13.850000381469728,13.210000038146973,13.369999885559082,7715100,-0.0140014432318499,-0.0125276403918261,0.660000051770891,0.1982905111998326,0.4512892609498298,157808100,61.9164543745302,0,0,0
2009-03-19,VTRS,11.205559730529783,13.210000038146973,13.649999618530272,12.970000267028809,13.600000381469728,6121600,0.0363360742505842,0.0476911515989133,0.6571429116385319,0.1897148079907673,0.4497191624456373,151686500,59.1549280009349,1,1,1
2009-03-20,VTRS,10.925631523132324,12.880000114440918,13.390000343322754,12.789999961853027,13.270000457763672,7142000,0.0287266989341283,0.0900620991541396,0.6357143265860418,0.1904886895577937,0.4170392433510343,144544500,66.6666750764958,1,1,1
2009-03-23,VTRS,11.409143447875977,13.449999809265137,13.449999809265137,12.989999771118164,13.210000038146973,8453300,-0.0297397490113516,0.0684014936312635,0.6121429034641807,0.1979875475457303,0.4321527952902322,152997800,73.9234541458155,0,0,0
2009-03-24,VTRS,11.493969917297363,13.550000190734863,13.670000076293944,13.1899995803833,13.1899995803833,5181000,-0.0103321285130669,0.0346863660821334,0.5935715266636434,0.2062663438118571,0.4470463174647907,158178800,70.69893334557045,0,0,0
2009-03-25,VTRS,11.34976291656494,13.380000114440918,13.6899995803833,13.109999656677246,13.5,6352300,0.0014947312345512,0.0754858161616718,0.5985715048653735,0.209867912034069,0.4400592268434629,151826500,66.40001078288037,1,1,1
2009-03-26,VTRS,11.612725257873535,13.6899995803833,13.789999961853027,13.470000267028809,13.539999961853027,8147400,0.0109569449819069,0.0379839644778945,0.5592857769557406,0.2197242156396379,0.4542993927071332,159973900,72.16494439930055,1,1,1
2009-03-27,VTRS,11.23948860168457,13.25,13.770000457763672,13.09000015258789,13.59000015258789,6777600,0.059622638630417,0.0520754400289282,0.5742857796805244,0.2204170777136333,0.4251793351314887,153196300,64.56876793697299,1,1,1
2009-03-30,VTRS,11.06983757019043,13.050000190734863,13.170000076293944,12.8100004196167,13.100000381469728,5511000,0.1011494004238697,0.0544061323961553,0.5492857524326868,0.2033067361913972,0.3815647259199437,147685300,58.65385166463206,1,1,1
2009-03-31,VTRS,11.375211715698242,13.40999984741211,13.5600004196167,13.079999923706056,13.119999885559082,7374000,0.0454884874938519,0.0410141832209642,0.5571429388863699,0.1784441619627085,0.371763341162417,155059300,61.692655537631374,1,1,1
2009-04-01,VTRS,11.366728782653809,13.399999618530272,13.40999984741211,12.970000267028809,13.199999809265137,5636400,0.0738806532071429,0.0761194393135025,0.5428571701049804,0.1667003663838021,0.3590498352317581,149422900,55.64102219249798,1,1,1
2009-04-02,VTRS,11.739965438842772,13.84000015258789,14.039999961853027,13.5,13.550000190734863,9211200,0.0267340954826431,0.0549133107299661,0.5535714966910227,0.1622536043732761,0.3800971329005751,158634100,57.0719586535913,1,1,1
2009-04-03,VTRS,11.90961742401123,14.039999961853027,14.170000076293944,13.710000038146973,13.899999618530272,6248200,-0.0071225343120676,0.0064102672957566,0.5514285905020577,0.1516186251808459,0.4082099904126739,164882300,62.34414196387545,0,0,0
2009-04-06,VTRS,12.189542770385742,14.369999885559082,14.670000076293944,13.960000038146973,14.18000030517578,9035400,-0.0424495241151849,-0.0264439886894357,0.5600000108991348,0.144089772637284,0.4519085480136606,173917700,60.880834648136045,0,0,0
2009-04-07,VTRS,11.892651557922363,14.020000457763672,14.359999656677246,14.0,14.25,3437600,-0.0042796303607446,0.0057061284660484,0.5407142639160153,0.1324553932775365,0.4530751724294575,170480100,55.39569497045206,0,0,0
2009-04-08,VTRS,12.206507682800291,14.390000343322754,14.5,13.970000267028809,13.970000267028809,5809700,0.0020847624916917,-0.0027797054133905,0.5300000054495673,0.12524407246998,0.4783416049658715,176289800,64.11484159646054,1,1,1
2009-04-09,VTRS,12.05382251739502,14.210000038146973,14.9399995803833,14.109999656677246,14.449999809265137,6360700,0.0274454850299643,0.0049260868850318,0.5464285441807336,0.1263208116022219,0.4783270579081158,169929100,66.50124474650713,1,1,1
2009-04-13,VTRS,11.824792861938477,13.9399995803833,14.350000381469728,13.899999618530272,14.100000381469728,4543100,0.0136298809022197,0.0344333221204762,0.5378571919032505,0.126245024944265,0.4513261419824808,165386000,56.568362349240175,1,1,1
2009-04-14,VTRS,11.67210292816162,13.760000228881836,14.1899995803833,13.649999618530272,13.850000381469728,5272600,0.0167150827333248,0.0545058130468465,0.5421428680419924,0.1203625933090094,0.4106693377388311,160113400,52.75590708855633,1,1,1
2009-04-15,VTRS,11.841756820678713,13.960000038146973,14.329999923706056,13.470000267028809,13.5,5175600,0.0100286778610452,0.0415472723582486,0.5621428489685062,0.1215027373263286,0.3900901244666528,165289000,57.55208579099124,1,1,1
2009-04-16,VTRS,12.23195743560791,14.420000076293944,14.510000228881836,13.850000381469728,14.25,6694000,-0.0048543477429859,-0.0811373141542065,0.579999991825649,0.129922388190307,0.4062164974592424,171983000,59.147878599852696,0,0,0
2009-04-17,VTRS,12.384645462036133,14.600000381469728,14.789999961853027,14.3100004196167,14.329999923706056,6262300,-0.021917852064215,-0.109589064360604,0.5657142230442594,0.1362902059041777,0.4285808710434224,178245300,68.09652207973639,0,0,0
2009-04-20,VTRS,11.985960960388184,14.130000114440918,14.59000015258789,14.039999961853027,14.5,7224400,0.020523705555858,-0.0622788469436426,0.5742857115609309,0.1233132831638389,0.4037258048743908,171020900,63.49999904632566,1,1,1
2009-04-21,VTRS,11.867206573486328,13.989999771118164,14.399999618530272,13.770000457763672,14.0,5385700,0.0371694400479687,-0.0421729922973926,0.5828570638384141,0.1205569315229257,0.3684834800053913,165635200,57.67195526915054,1,1,1
2009-04-22,VTRS,11.960515975952148,14.100000381469728,14.529999732971191,13.890000343322754,14.529999732971191,8201000,0.0312056431545595,-0.0588652412234573,0.5971427645002095,0.1192008055331305,0.3454477074437019,173836200,59.0206259051301,1,1,1
2009-04-23,VTRS,12.172578811645508,14.350000381469728,14.489999771118164,13.84000015258789,14.489999771118164,5662900,-0.0766550768103231,-0.0641115018701987,0.5978569984436036,0.1168645506683267,0.3434060314202281,179499100,56.910571206896655,0,0,0
2009-04-24,VTRS,12.113199234008787,14.279999732971191,14.539999961853027,14.119999885559082,14.449999809265137,5687400,-0.0896358373183853,-0.0392156496088299,0.5949998583112447,0.1171193031107787,0.3323088713344884,173811700,53.370782001922336,0,0,0
2009-04-27,VTRS,12.23195743560791,14.420000076293944,14.5600004196167,14.15999984741211,14.220000267028809,5374100,-0.0811373141542065,-0.0402219085046716,0.5728570393153604,0.109495995673718,0.3309956380128938,179185800,50.74184219783041,0,0,0
2009-04-28,VTRS,12.30830192565918,14.510000228881836,14.779999732971191,14.300000190734863,14.4399995803833,7857200,-0.0764990070876865,-0.0599586403746132,0.5807141576494493,0.0919546044605263,0.3333742207962853,187043000,57.87780344757584,0,0,0
2009-04-29,VTRS,12.333748817443848,14.539999961853027,14.90999984741211,14.420000076293944,14.850000381469728,6496600,-0.0873452205929374,-0.0777166518160641,0.5778570175170904,0.0833308344160334,0.3338317874784557,193539600,52.70757202989232,0,0,0
2009-04-30,VTRS,11.23948860168457,13.25,14.59000015258789,12.800000190734863,14.1899995803833,26313900,0.0135849286925116,-0.0437735791476269,0.6464284488133026,0.0891690783670544,0.2274799491758852,167225700,37.62887193414147,1,1,1
2009-05-01,VTRS,11.027425765991213,13.0,13.40999984741211,12.8100004196167,13.359999656677246,11803800,0.0553846359252929,-0.0184615208552434,0.6571426391601565,0.1132364457801356,0.121620475301496,155421900,37.82384456597338,1,1,1
2009-05-04,VTRS,11.23948860168457,13.25,13.31999969482422,12.789999961853027,13.100000381469728,11015100,0.0445283134028595,-0.0090565951365344,0.6564283370971682,0.1255435405099761,0.0572391726899201,166437000,43.51145112264149,1,1,1
2009-05-05,VTRS,11.366728782653809,13.399999618530272,13.470000267028809,13.0,13.0,8963500,0.0179105023600594,-0.041791006110775,0.6285712378365654,0.1310497444634586,0.018111464456032,175400500,42.78350350757788,1,1,1
2009-05-06,VTRS,11.256455421447754,13.270000457763672,13.550000190734863,13.170000076293944,13.460000038146973,10292400,0.0105500666781461,-0.0331575372177317,0.608571256910052,0.1395985000158548,-0.0231208492864425,165108100,33.80282749568434,1,1,1
2009-05-07,VTRS,11.39217758178711,13.43000030517578,13.84000015258789,13.300000190734863,13.359999656677246,13341500,-0.0565897402540593,-0.0603127625622266,0.6149998392377585,0.1416083560854391,-0.0423983625471144,178449600,33.42776418259315,0,0,0
2009-05-08,VTRS,11.638174057006836,13.720000267028809,13.75,13.449999809265137,13.550000190734863,8812400,-0.0699708468996166,-0.0830904024151035,0.5978569303240099,0.1413322938408411,-0.0338847550388852,187262000,43.8805999891822,0,0,0
2009-05-11,VTRS,11.739965438842772,13.84000015258789,14.0600004196167,13.529999732971191,13.699999809265137,7968100,-0.0513005802253703,-0.0513005802253703,0.5907141821725033,0.141451789639664,-0.0172557582281367,195230100,47.74775342391999,0,0,0
2009-05-12,VTRS,11.570313453674316,13.640000343322754,14.050000190734863,13.529999732971191,14.029999732971191,6617800,-0.0586510389001926,-0.0513197027360873,0.5821428298950201,0.1422407406060777,-0.0199850958451008,188612300,43.27485151816901,0,0,0
2009-05-13,VTRS,11.375211715698242,13.40999984741211,13.699999809265137,13.279999732971191,13.699999809265137,5216100,-0.043251299799081,-0.0477255329553151,0.5657142911638537,0.1457914125668343,-0.0402433333003262,183396200,36.17646118348749,0,0,0
2009-05-14,VTRS,10.747499465942385,12.670000076293944,13.1899995803833,12.510000228881836,13.050000190734863,18346700,-0.0039463449434711,0.0426203597948977,0.5999999727521629,0.1605531639228414,-0.1146878790504501,165049500,30.22112832125381,0,0,0
2009-05-15,VTRS,10.823841094970703,12.760000228881836,13.0600004196167,12.550000190734863,12.920000076293944,12341400,-0.0141066067356608,0.0673980910071354,0.6078570910862519,0.1647085190173892,-0.1645268941291444,177390900,29.353228283618137,0,0,0
2009-05-18,VTRS,11.13769817352295,13.130000114440918,13.239999771118164,12.770000457763672,12.869999885559082,11401700,0.0,0.0297029961861017,0.6078570910862519,0.1664253474630063,-0.1721839447686601,188792600,33.953480635413484,0,0,0
2009-05-19,VTRS,10.89170265197754,12.84000015258789,13.1899995803833,12.779999732971191,13.130000114440918,8751900,0.0077881173369966,0.0334891199428151,0.6021428108215335,0.1731097998841143,-0.1993547484116149,180040700,31.35964513265175,1,1,1
2009-05-20,VTRS,10.883220672607422,12.829999923706056,12.960000038146973,12.75,12.760000228881836,7898800,-0.0046764977629908,0.0584567423585264,0.4892856734139582,0.1768901103892503,-0.2191683051547972,172141900,43.59755742982352,0,0,0
2009-05-21,VTRS,10.705082893371582,12.619999885559082,13.0,12.5,12.75,6612600,0.0467512011044486,0.0855784416402321,0.4821428571428575,0.1779747318279212,-0.2489462423396169,165529300,44.135798562718094,1,1,1
2009-05-22,VTRS,10.67115306854248,12.579999923706056,12.779999732971191,12.5,12.68000030517578,4262300,0.0826709036693413,0.0794912564439349,0.4642857142857145,0.1777399837690035,-0.2726304209389099,161267000,38.94388867626176,1,1,1
2009-05-26,VTRS,11.13769817352295,13.130000114440918,13.210000038146973,12.5,12.579999923706056,7954700,0.0297029961861017,0.0319878196978848,0.4814285550798691,0.1631581618444905,-0.2442048428490917,169221700,46.06414642657056,1,1,1
2009-05-27,VTRS,10.976527214050291,12.9399995803833,13.229999542236328,12.93000030517578,13.0,6636200,0.0255023870233075,0.02627512856363,0.4757142066955569,0.1418730302120998,-0.2343078673719301,162585500,45.272194715661655,1,1,1
2009-05-28,VTRS,10.832324028015137,12.770000457763672,12.93000030517578,12.649999618530272,12.699999809265137,5225400,0.063429869765583,0.0798746646457035,0.4557142257690433,0.1113421540990406,-0.2374448351999714,157360100,40.57143075125561,1,1,1
2009-05-29,VTRS,11.205559730529783,13.210000038146973,13.210000038146973,12.760000228881836,13.029999732971191,8461600,0.0370930938458118,0.0310370814707146,0.4649999482291088,0.1111804114996194,-0.2020969678529045,165821700,43.01369476461486,1,1,1
2009-06-01,VTRS,11.553348541259766,13.619999885559082,13.720000267028809,13.270000457763672,13.300000190734863,9309100,-0.0029368547862791,-0.0411159670079098,0.4635713441031322,0.1152909772473318,-0.1393931299059101,175130800,47.20811814138054,0,0,0
2009-06-02,VTRS,11.46852207183838,13.520000457763672,13.720000267028809,13.40999984741211,13.529999732971191,6307300,0.0022189150854625,-0.0436390630629818,0.4485713413783485,0.1175843691396849,-0.0966548279777761,168823500,48.43750116415347,1,1,1
2009-06-03,VTRS,11.256455421447754,13.270000457763672,13.5600004196167,13.18000030517578,13.5600004196167,4666700,0.0007535248577681,-0.0203466803654635,0.4457142012459895,0.1167624543716718,-0.0820119438121107,164156800,48.18653579417626,1,1,1
2009-06-04,VTRS,11.519415855407717,13.579999923706056,13.630000114440918,13.1899995803833,13.470000267028809,5452700,0.0154639204217064,-0.0331369522675469,0.4128571237836569,0.1197348625537143,-0.0448756874953222,169609500,63.26531009443888,1,1,1
2009-06-05,VTRS,11.621208190917969,13.699999809265137,13.770000457763672,13.369999885559082,13.59000015258789,5354600,-0.0058394105707908,-0.0467152845663263,0.4050000054495679,0.1235218688322793,-0.0056962856926094,174964100,63.5838163034847,0,0,0
2009-06-08,VTRS,11.519415855407717,13.579999923706056,13.850000381469728,13.31999969482422,13.850000381469728,6568200,-0.0382915689993205,-0.0699558037262402,0.4085715157645093,0.1211407202282545,0.0154921013240922,168395900,57.009346905028,0,0,0
2009-06-09,VTRS,11.493969917297363,13.550000190734863,13.75,13.380000114440918,13.75,3834900,-0.0457564484746667,-0.070110686043733,0.4057143756321502,0.115391257172565,0.0295230001876358,164561000,62.03390751033607,0,0,0
2009-06-10,VTRS,11.264935493469238,13.279999732971191,13.550000190734863,13.130000114440918,13.460000038146973,6578900,-0.0210843176657614,-0.0286144670242324,0.420714378356934,0.1111182012688924,0.0186409271658138,157982100,57.009346905027925,0,0,0
2009-06-11,VTRS,11.697552680969238,13.789999961853027,14.010000228881836,13.5,13.5,8948800,-0.0478607577402359,-0.0384336283130759,0.4371429852076943,0.1177194291717569,0.0505864332029286,166930900,66.66667572340717,0,0,0
2009-06-12,VTRS,11.553348541259766,13.619999885559082,13.8100004196167,13.5600004196167,13.720000267028809,5949600,-0.0411159670079098,-0.0146842739313964,0.4350001471383234,0.1155302389035062,0.0614772203572435,160981300,64.28571989996894,0,0,0
2009-06-15,VTRS,11.078319549560549,13.0600004196167,13.640000343322754,13.010000228881836,13.5,5418000,-0.0329249840244952,0.0145482063000483,0.4292858668736053,0.111612704446526,0.0246369711823728,155563300,49.04109946959998,0,0,0
2009-06-16,VTRS,10.968046188354492,12.93000030517578,13.130000114440918,12.859999656677246,13.020000457763672,7283400,-0.0255220352604287,0.0092807333895459,0.4271430969238284,0.113291958141645,-0.0148776146072684,148279900,49.86073422351856,0,0,0
2009-06-17,VTRS,11.027425765991213,13.0,13.260000228881836,12.779999732971191,13.199999809265137,9535800,-0.0076923370361329,-0.0153846007127028,0.4407145636422295,0.1112357604273476,-0.0400827689623817,157815700,53.29512439855631,0,0,0
2009-06-18,VTRS,11.13769817352295,13.130000114440918,13.25,13.0,13.09000015258789,4486900,0.0099009987287006,-0.0540746406670695,0.426428862980434,0.1079048540627098,-0.0490032338269426,162302600,48.742138930624655,1,1,1
2009-06-19,VTRS,11.078319549560549,13.0600004196167,13.220000267028809,12.890000343322754,12.890000343322754,5236300,0.0275650570528702,-0.0612557553622454,0.413571698325021,0.099723339779141,-0.061017781854078,157066300,40.14084838113686,1,1,1
2009-06-22,VTRS,10.713567733764648,12.630000114440918,12.970000267028809,12.619999885559082,12.81999969482422,4506800,0.0490894600111828,-0.0332541625089714,0.4228574207850866,0.098183828669921,-0.1040375485918794,152559500,35.962135809878816,1,1,1
2009-06-23,VTRS,10.688117980957031,12.600000381469728,12.710000038146973,12.510000228881836,12.609999656677246,7163800,0.0357142694953351,-0.0293651450818639,0.4100002561296735,0.1075450790936636,-0.1389500220440744,145395700,38.644062098123136,1,1,1
2009-06-24,VTRS,10.942596435546877,12.899999618530272,12.989999771118164,12.609999656677246,12.9399995803833,7453300,-0.0077518938567845,-0.0379844795045032,0.406428745814732,0.108104734394755,-0.1407880604300633,152849000,38.43536355768687,0,0,0
2009-06-25,VTRS,11.24797248840332,13.260000228881836,13.350000381469728,12.75,12.829999923706056,8599600,-0.0633484267035134,-0.0822021217023619,0.4207144464765276,0.1028899622795982,-0.1119056992465399,161448600,43.08176619319826,0,0,0
2009-06-26,VTRS,11.38369369506836,13.420000076293944,13.489999771118164,13.079999923706056,13.34000015258789,9402700,-0.0864381401503279,-0.0886736607520382,0.4121429579598561,0.1032273214979683,-0.0752382694744753,170851300,47.515529789889456,0,0,0
2009-06-29,VTRS,11.23948860168457,13.25,13.5,13.149999618530272,13.5,7834300,-0.078490563158719,-0.0679244995117186,0.4107144219534738,0.1005757834098919,-0.0592140696767966,163017000,45.535710991239526,0,0,0
2009-06-30,VTRS,11.06983757019043,13.050000190734863,13.300000190734863,12.9399995803833,13.170000076293944,7402700,-0.0628352978171381,-0.0528736033695614,0.4064287458147321,0.0998929297087236,-0.061939093711997,155614300,46.50456517365864,0,0,0
2009-07-01,VTRS,10.85777187347412,12.800000190734863,13.130000114440918,12.760000228881836,13.130000114440918,9811400,-0.0304687763680699,-0.0218749788124117,0.3807144165039062,0.1040038975958715,-0.0833112453781836,145802900,33.66336353198302,0,0,0
2009-07-02,VTRS,10.535429954528809,12.420000076293944,12.850000381469728,12.300000190734863,12.81999969482422,8059300,-0.0201288243530026,0.0016102660198473,0.4021430015563966,0.1133548297141647,-0.129419792190248,137743600,31.48147766591065,0,0,0
2009-07-06,VTRS,10.39971160888672,12.260000228881836,12.359999656677246,12.109999656677246,12.350000381469728,6519400,-0.0024470380167557,0.0513866315399227,0.3792858804975237,0.1217212992859815,-0.1768333731933715,131224200,35.91548562688152,0,0,0
2009-07-07,VTRS,10.357295989990234,12.210000038146973,12.369999885559082,12.06999969482422,12.3100004196167,6814100,0.0114660395483505,0.0745290617992671,0.3814287185668944,0.1300692290416987,-0.2159541897850001,124410100,36.95651347635459,1,1,1
2009-07-08,VTRS,10.374260902404783,12.229999542236328,12.550000190734863,12.140000343322754,12.4399995803833,5403100,0.0106296091011257,0.0580539709502838,0.3764286722455705,0.1349076157353561,-0.2425479837709137,129813200,35.793344688278566,1,1,1
2009-07-09,VTRS,10.526948928833008,12.40999984741211,12.460000038146973,12.079999923706056,12.130000114440918,6347900,0.0088638687916262,0.0805801782671684,0.3857143947056359,0.1377584994141978,-0.2462604990590069,136161100,36.95651347635453,1,1,1
2009-07-10,VTRS,10.323366165161133,12.170000076293944,12.460000038146973,12.09000015258789,12.09000015258789,3940900,0.0221856616595501,0.1380443956157628,0.388571534837995,0.131686598394051,-0.2655080583162643,132220200,34.81227746916257,1,1,1
2009-07-13,VTRS,10.374260902404783,12.229999542236328,12.260000228881836,12.010000228881836,12.25,5914300,0.0539657257391639,-0.0106295311228464,0.3750000681195938,0.1250046181952966,-0.272776039843599,138134500,42.18748428392241,1,1,1
2009-07-14,VTRS,10.476052284240724,12.350000381469728,12.40999984741211,12.199999809265137,12.34000015258789,6018600,0.0623481360571196,0.0170040511465943,0.3757143701825821,0.1261428253727054,-0.2657890519863564,144153100,45.28301818891104,1,1,1
2009-07-15,VTRS,10.484537124633787,12.359999656677246,12.5,12.3100004196167,12.390000343322754,5730800,0.0469255614738404,0.0444983985446745,0.3614286695207867,0.1276804433678336,-0.2564883181558794,149883900,38.55932117775567,1,1,1
2009-07-16,VTRS,10.620259284973145,12.520000457763672,12.609999656677246,12.3100004196167,12.479999542236328,4585900,0.0710862106316096,0.048722015525086,0.3400000163487023,0.1263211905687969,-0.2335148779666322,154469800,32.870374458480725,1,1,1
2009-07-17,VTRS,10.552393913269045,12.4399995803833,12.630000114440918,12.34000015258789,12.609999656677246,4008000,0.1133441196661988,0.0602893911011603,0.3314285959516251,0.1228022220732723,-0.2192364420770065,150461800,26.44230570842619,1,1,1
2009-07-20,VTRS,10.934114456176758,12.890000343322754,12.90999984741211,12.399999618530272,12.399999618530272,7648900,-0.0612878154237024,0.0457718528470951,0.3428571564810615,0.1204229089591168,-0.1696537155805391,158110700,42.372893684376855,0,0,0
2009-07-21,VTRS,11.1292142868042,13.119999885559082,13.119999885559082,12.899999618530272,13.0600004196167,7991200,-0.0426828864959643,0.041158534036833,0.3335713659014019,0.1250434983214035,-0.1105259325849044,166101900,51.46442796730215,0,0,0
2009-07-22,VTRS,10.976527214050291,12.9399995803833,13.15999984741211,12.880000114440918,12.970000267028809,5574300,-0.0023183720204033,0.0278207590437107,0.3271427835736955,0.1264552827676086,-0.0773001903934034,160527600,53.01722614151037,0,0,0
2009-07-23,VTRS,11.375211715698242,13.40999984741211,13.5,12.960000038146973,13.0600004196167,7340400,-0.0208799206679504,-0.0216256498995406,0.3278570856366836,0.1355135558603231,-0.0128948133533963,167868000,70.53939938347574,0,0,0
2009-07-24,VTRS,11.748448371887209,13.850000381469728,13.93000030517578,13.270000457763672,13.390000343322754,11056300,-0.0476534861305462,-0.0476534861305462,0.3528570447649272,0.1525115872622759,0.0728119470256043,178924300,79.55387935924486,0,0,0
2009-07-27,VTRS,10.263985633850098,12.100000381469728,13.100000381469728,11.65999984741211,13.079999923706056,50917600,0.1140495138231538,0.0925619710949992,0.4878570692879813,0.1499784569819885,-0.0004697871164953,128006700,48.74715717218117,1,1,1
2009-07-28,VTRS,10.654190063476562,12.5600004196167,13.369999885559082,11.970000267028809,12.3100004196167,46254500,0.0875795693507612,0.0597133738012158,0.5585713386535645,0.1439854091722493,-0.0211837377503893,174261200,53.41615618135597,1,1,1
2009-07-29,VTRS,10.951080322265623,12.90999984741211,13.0,12.40999984741211,12.670000076293944,13872800,0.030209167151999,0.0534469823557692,0.5735713413783483,0.1422569631237066,-0.009251024061065,188134000,54.99999809265209,1,1,1
2009-07-30,VTRS,11.13769817352295,13.130000114440918,13.550000190734863,12.90999984741211,13.300000190734863,18346600,-0.0007616320483376,0.0822543727564957,0.5928570883614678,0.1460686643718584,0.0177532717725945,206480600,59.63854994847673,0,0,0
2009-07-31,VTRS,11.188593864440918,13.1899995803833,13.4399995803833,13.130000114440918,13.15999984741211,8805200,0.0,0.0606520254879048,0.5971427645002094,0.1497916787382187,0.0434944493040845,215285800,59.63854994847672,0,0,0
2009-08-03,VTRS,11.434590339660645,13.479999542236328,13.5,13.170000076293944,13.34000015258789,8089000,-0.0192877807148935,0.0356083466031789,0.6057141848972868,0.1560082696450472,0.086300275389064,223374800,60.97086238798495,0,0,0
2009-08-04,VTRS,11.587278366088867,13.65999984741211,13.670000076293944,13.229999542236328,13.229999542236328,7991000,-0.0256222131555673,0.0241581205997285,0.6235713958740235,0.1628646221415731,0.133213123299992,231365800,62.218041035582246,0,0,0
2009-08-05,VTRS,11.281903266906738,13.300000190734863,13.59000015258789,13.130000114440918,13.550000190734863,6401600,0.0225564049949302,0.0578946987253248,0.6400000027247839,0.1602818764748821,0.1397321839704819,224964200,57.06521316602343,1,1,1
2009-08-06,VTRS,11.1292142868042,13.119999885559082,13.460000038146973,13.079999923706056,13.460000038146973,6039100,0.0830792806475273,0.0922256134680914,0.6464285850524902,0.1576045507862492,0.1288883218724219,218925100,56.04982387572505,1,1,1
2009-08-07,VTRS,11.188593864440918,13.1899995803833,13.460000038146973,13.109999656677246,13.329999923706056,5091900,0.0606520254879048,0.0909780743832731,0.6350000245230537,0.1496050449133931,0.1245076269739087,224017000,52.86258826492782,1,1,1
2009-08-10,VTRS,11.214040756225586,13.220000267028809,13.31999969482422,13.079999923706056,13.15999984741211,6674500,0.0559757758071874,0.1066565672414321,0.635714326586042,0.141362053704742,0.1220497854385467,230691500,50.99206709627417,1,1,1
2009-08-11,VTRS,11.290386199951172,13.3100004196167,13.4399995803833,13.229999542236328,13.229999542236328,4880900,0.0510893561279879,0.1021787839069361,0.6314285823277064,0.1349077088820081,0.1259127447219707,235572400,53.7373816384392,1,1,1
2009-08-12,VTRS,11.536381721496582,13.600000381469728,13.850000381469728,13.300000190734863,13.390000343322754,6244300,0.0345587720714239,0.0691176142659575,0.6307142802647182,0.130512344802626,0.1506382767901719,241816700,51.99161966272323,1,1,1
2009-08-13,VTRS,12.05382251739502,14.210000038146973,14.420000076293944,13.550000190734863,13.600000381469728,15629600,0.008444749137012,0.0471498996829922,0.645714282989502,0.1425798168943212,0.2169543981535824,257446300,53.643721530936965,1,1,1
2009-08-14,VTRS,11.867206573486328,13.989999771118164,14.25,13.81999969482422,14.25,5587900,0.028591892691119,0.0578985298690937,0.5199999809265134,0.14148492293819,0.2488891796507832,251858400,77.71260226129893,1,1,1
2009-08-17,VTRS,11.841756820678713,13.960000038146973,14.0,13.699999809265137,13.789999961853027,5013700,0.0479942746750077,0.0508596014474806,0.4414285932268412,0.1456110927512017,0.2686798225850673,246844700,73.48993009374172,1,1,1
2009-08-18,VTRS,11.867206573486328,13.989999771118164,14.130000114440918,13.920000076293944,13.949999809265137,6845300,0.0486061698571014,0.0200143453342693,0.414285727909633,0.1509546695371419,0.283516574835156,253690000,70.30075161013218,1,1,1
2009-08-19,VTRS,11.935066223144531,14.06999969482422,14.220000267028809,13.800000190734863,14.0,9101000,0.0334044262418642,0.0191897984093767,0.3985714231218609,0.154302637902409,0.2982916131063895,262791000,68.65078899535312,1,1,1
2009-08-20,VTRS,12.155613899230955,14.329999923706056,14.43000030517578,13.949999809265137,13.949999809265137,5264100,0.0383810323561131,-0.0006978526821408,0.4107143538338795,0.1648571457830508,0.3272089221686567,268055100,70.95588660673246,1,1,1
2009-08-21,VTRS,12.206507682800291,14.390000343322754,14.489999771118164,14.25,14.489999771118164,5000100,0.0284919970556052,0.0097289358101648,0.4042857715061729,0.1736311329026246,0.3509224151963384,273055200,68.27310313659179,1,1,1
2009-08-24,VTRS,12.4100923538208,14.630000114440918,14.699999809265137,14.399999618530272,14.5,7894100,0.0027341053684299,0.0041011254595384,0.3949999809265134,0.1599237521109377,0.3846475277693741,280949300,69.0196116563676,1,1,1
2009-08-25,VTRS,12.444022178649902,14.670000076293944,14.75,14.5,14.720000267028809,6612700,-0.0272665041888209,-0.0177232602269704,0.3749999999999997,0.1558561784422354,0.4098777693032538,287562000,80.71747939230002,0,0,0
2009-08-26,VTRS,12.333748817443848,14.539999961853027,14.75,14.350000381469728,14.5,6522000,-0.0137551451024658,0.0646492147764423,0.3764285360063822,0.1534589365810343,0.4146037013267829,281040000,82.56880453003991,0,0,0
2009-08-27,VTRS,12.622159957885742,14.880000114440918,14.989999771118164,14.350000381469728,14.350000381469728,9058800,-0.0376344365127538,0.0188171862108692,0.3971427508762901,0.1600303321563791,0.4407040454111826,290098800,84.48979607724687,0,0,0
2009-08-28,VTRS,12.55429744720459,14.800000190734863,15.0,14.619999885559082,15.0,6585500,-0.018243273938111,0.0297297009941088,0.4071427753993439,0.1619153883663041,0.44974900432228,283513300,81.59999847412114,0,0,0
2009-08-31,VTRS,12.444022178649902,14.670000076293944,14.869999885559082,14.449999809265137,14.770000457763672,6367100,0.0013632927052042,0.0402181424348664,0.4214285441807334,0.1635601302891614,0.4413397863134971,277146200,76.77164718705494,1,1,1
2009-09-01,VTRS,12.104719161987305,14.270000457763672,14.739999771118164,14.18000030517578,14.699999809265137,6441700,0.0098107487846834,0.1107217850750978,0.4221427781241277,0.162039693897156,0.3978130529331078,270704500,62.64151269322703,1,1,1
2009-09-02,VTRS,12.164098739624023,14.34000015258789,14.40999984741211,14.010000228881836,14.229999542236328,4635000,0.079497864541006,0.0955369505565759,0.3885713304792129,0.1544837399740562,0.3647614505505956,275339500,53.080571933495904,1,1,1
2009-09-03,VTRS,12.147130012512209,14.31999969482422,14.479999542236328,14.039999961853027,14.479999542236328,4806500,0.0586592297827699,0.1229050465355781,0.3892855644226073,0.1402011813157764,0.3331140167193265,270533000,58.638742148413776,1,1,1
2009-09-04,VTRS,12.325265884399414,14.529999732971191,14.539999961853027,14.25,14.359999656677246,2531700,0.0488644219680096,0.1004817663440122,0.388571262359619,0.1258905825447878,0.3212749873678699,273064700,63.636355339937005,1,1,1
2009-09-08,VTRS,12.46098804473877,14.6899995803833,14.729999542236328,14.470000267028809,14.579999923706056,4619900,0.0388019513124902,0.098025842172674,0.3921426364353722,0.1097096479359168,0.321101661745125,277684600,65.7657595735788,1,1,1
2009-09-09,VTRS,12.223474502563477,14.40999984741211,14.5,14.119999885559082,14.350000381469728,17353600,0.0999306418671635,0.1249132030618174,0.4028568949018203,0.0887444023862393,0.2949704260857846,260331000,57.02479631960541,1,1,1
2009-09-10,VTRS,13.13111686706543,15.479999542236328,15.539999961853027,14.289999961853027,14.479999542236328,20008400,0.01485791361189,0.0432816599552143,0.4578568594796315,0.0980942739928594,0.356491850428851,280339400,67.80185420295848,1,1,1
2009-09-11,VTRS,12.85967254638672,15.15999984741211,15.59000015258789,15.06999969482422,15.520000457763672,8058700,0.0606860214745315,0.0593667300520395,0.4778569085257391,0.1049958959244922,0.3751027701939495,272280700,61.031515257837846,1,1,1
2009-09-14,VTRS,12.927533149719238,15.239999771118164,15.300000190734863,15.050000190734863,15.220000267028809,4243100,0.0492125991642959,0.0577428531057431,0.4735712323869975,0.1079926275663177,0.3917910599899503,276523800,59.15915683708805,1,1,1
2009-09-15,VTRS,12.944499969482422,15.260000228881836,15.43000030517578,15.050000190734863,15.300000190734863,6745500,0.0570117246943524,0.0583223706618287,0.482856954847063,0.1079187359479965,0.4019965536404424,283269300,58.91239044988661,1,1,1
2009-09-16,VTRS,13.444974899291992,15.850000381469728,15.890000343322754,15.289999961853027,15.300000190734863,8209600,0.0227128513778336,0.0100946273540261,0.4992855616978234,0.1216274105070305,0.4524766927053552,291478900,67.37401315564804,1,1,1
2009-09-17,VTRS,13.326217651367188,15.710000038146973,15.890000343322754,15.670000076293944,15.890000343322754,6992600,0.0280076116686756,-0.0076384395460025,0.4692856243678501,0.1268686675058817,0.4757021111070418,284486300,61.62464978511605,1,1,1
2009-09-18,VTRS,13.64007568359375,16.079999923706055,16.15999984741211,15.710000038146973,15.789999961853027,12206800,-0.0012438095683188,-0.0124377991426657,0.4742856025695801,0.1426828922845453,0.5179932176930535,296693100,66.58030889662095,0,0,0
2009-09-21,VTRS,13.56373119354248,15.989999771118164,16.06999969482422,15.859999656677246,15.93000030517578,6573300,0.0081301482161399,0.0143839615715168,0.4599999019077846,0.1517916658244778,0.538044719595959,290119800,67.27748429682744,1,1,1
2009-09-22,VTRS,13.682489395141602,16.1299991607666,16.43000030517578,15.960000038146973,16.100000381469727,6953300,0.0012399540486225,-0.0037197438973413,0.453571387699672,0.1633846222418368,0.5587910644822038,297073100,76.12358120832697,1,1,1
2009-09-23,VTRS,13.750349044799805,16.209999084472656,16.440000534057617,16.030000686645508,16.15999984741211,7032200,-0.0123379930219981,0.0296114421156721,0.4542856897626603,0.1737733038083404,0.5750590942530245,304105300,76.19046346972925,0,0,0
2009-09-24,VTRS,13.699454307556152,16.149999618530273,16.469999313354492,15.970000267028809,16.43000030517578,4964900,-0.0346748903510714,0.0179567134598939,0.4585713659014019,0.1784567736048303,0.5764650394484008,299140400,75.3462684374899,0,0,0
2009-09-25,VTRS,13.623109817504885,16.059999465942383,16.170000076293945,15.880000114440918,16.079999923706055,5642400,-0.0112079301050526,0.0454546372266722,0.4585713659014019,0.1829761563081369,0.563817661951175,293498000,71.91977437533626,0,0,0
2009-09-28,VTRS,13.674005508422852,16.1200008392334,16.270000457763672,16.010000228881836,16.149999618530273,4438400,0.0062033789649511,0.0328783344729701,0.458571434020996,0.1860791164079522,0.5522699097933597,297936400,71.09146185879824,1,1,1
2009-09-29,VTRS,13.699454307556152,16.149999618530273,16.239999771118164,15.960000038146973,16.190000534057617,8375200,-0.0049535557644387,0.0136223669287707,0.437857151031494,0.1862462102007784,0.5393219164535861,306311600,77.70700811048528,0,0,0
2009-09-30,VTRS,13.580697059631348,16.010000228881836,16.209999084472656,15.75,16.059999465942383,7197000,0.0424734725455575,0.0462210968481571,0.3814285142081123,0.1751936379584561,0.5118633160421684,299114600,61.99097072865924,1,1,1
2009-10-01,VTRS,13.224427223205566,15.59000015258789,16.209999084472656,15.5,15.770000457763672,6894800,0.0545221535054718,0.074406660427104,0.3949998446873256,0.1606635715235845,0.4510126877984675,292219800,59.30736806470123,1,1,1
2009-10-02,VTRS,13.470422744750977,15.880000114440918,15.979999542236328,15.420000076293944,15.529999732971191,5539000,0.0573048359274817,0.0497481080705168,0.4171426636832102,0.1431483350201919,0.4213318485211808,297758800,62.698422009293765,1,1,1
2009-10-05,VTRS,13.758831977844238,16.219999313354492,16.260000228881836,15.829999923706056,15.970000267028809,9065000,0.0265105008248518,0.0197288295758053,0.4207141058785576,0.1302469387725089,0.4203985703851174,306823800,66.90140277519396,1,1,1
2009-10-06,VTRS,13.631593704223633,16.06999969482422,16.350000381469727,16.0,16.06999969482422,10744400,0.0186683976419614,0.0143123551091544,0.4007141249520439,0.1162048112618061,0.4029107211321108,296079400,54.58332339921635,1,1,1
2009-10-07,VTRS,14.15751838684082,16.690000534057617,16.75,15.979999542236328,16.149999618530273,15812000,0.0035949349324433,-0.0341521675605148,0.4399998528616769,0.0951208818015005,0.4340765959737904,311891400,67.01390809024281,1,1,1
2009-10-08,VTRS,13.945448875427246,16.440000534057617,16.950000762939453,16.3799991607666,16.75,7685600,0.0188564145907526,0.0042578888412567,0.4485714094979422,0.0958950376697996,0.4336045424056056,304205800,56.521754153668816,1,1,1
2009-10-09,VTRS,14.242341995239258,16.790000915527344,16.790000915527344,16.299999237060547,16.520000457763672,5849500,-0.007147160970219,-0.0393092149357999,0.4678572246006557,0.0945395033571199,0.4562135959106719,310055300,63.24505841731671,0,0,0
2009-10-12,VTRS,14.123586654663086,16.649999618530273,16.81999969482422,16.510000228881836,16.790000915527344,4095900,-0.0066065288602474,-0.0396396313833891,0.4564285959516252,0.0882947797783599,0.4575600318489439,305959400,58.60927779707582,0,0,0
2009-10-13,VTRS,13.88607406616211,16.3700008392334,16.700000762939453,16.309999465942383,16.639999389648438,7788100,-0.0042762124975022,-0.0042762124975022,0.4550001280648367,0.0748199360681863,0.4310644875051146,298171300,52.4844998273316,0,0,0
2009-10-14,VTRS,14.208414077758787,16.75,16.809999465942383,16.389999389648438,16.420000076293945,6980600,-0.0376118901950209,-0.0585074353573927,0.4507143838065011,0.0788823330603783,0.4357067776956906,305151900,58.4745840335478,0,0,0
2009-10-15,VTRS,14.208414077758787,16.75,16.899999618530273,16.649999618530273,16.780000686645508,6408200,-0.014328344544368,-0.0149253731343284,0.447857243674142,0.0786700251120108,0.4343785802359328,305151900,60.0000110570972,0,0,0
2009-10-16,VTRS,14.140551567077637,16.670000076293945,16.8700008392334,16.549999237060547,16.610000610351562,6564900,-0.0323935760681409,-0.0257948592206233,0.4521430560520717,0.0808779144262708,0.422006026144345,298587000,57.9250669771195,0,0,0
2009-10-19,VTRS,14.030277252197266,16.540000915527344,16.829999923706055,16.420000076293945,16.829999923706055,9455900,-0.0332527880269252,-0.0102781177076207,0.4614287785121372,0.0800576959200731,0.3971329407277402,289131100,55.46220642440296,0,0,0
2009-10-20,VTRS,13.826692581176758,16.299999237060547,16.600000381469727,16.139999389648438,16.350000381469727,8056200,0.0,0.0239264610583749,0.4614289147513253,0.0793672793241625,0.3539743160851571,281074900,53.95094008378821,0,0,0
2009-10-21,VTRS,13.674005508422852,16.1200008392334,16.510000228881836,16.110000610351562,16.299999237060547,7787400,-0.0217121813429366,0.0459056906074799,0.4392860957554408,0.0799095421469207,0.301767836939252,273287500,57.72596114011679,0,0,0
2009-10-22,VTRS,14.004826545715332,16.510000228881836,16.510000228881836,15.890000343322754,16.149999618530273,11276100,-0.0006057073739067,0.0551181002299563,0.4435718400137763,0.0798890678152371,0.2885374375012937,284563600,58.92351986548052,0,0,0
2009-10-23,VTRS,13.682489395141602,16.1299991607666,16.469999313354492,16.040000915527344,16.389999389648438,10176200,0.0068196290188979,0.0830750292812914,0.4464289120265415,0.0792370346227734,0.2445700884908355,274387400,48.73949355348163,1,1,1
2009-10-26,VTRS,13.56373119354248,15.989999771118164,16.3700008392334,15.890000343322754,15.970000267028809,8496800,0.0237649201722698,0.1200750533944305,0.4557146344866071,0.0806306066365997,0.1961675692828741,265890600,48.87640539736883,1,1,1
2009-10-27,VTRS,13.826692581176758,16.299999237060547,16.389999389648438,16.020000457763672,16.100000381469727,8152400,0.0239264610583749,0.0779141421599658,0.4292860031127929,0.0799790951565575,0.1807391418955966,274043000,43.999976524926126,1,1,1
2009-10-28,VTRS,13.377114295959473,15.770000457763672,16.360000610351562,15.710000038146973,16.229999542236328,7295400,0.0691185872509774,0.1097019335458953,0.4350002152579171,0.0839257356334682,0.1243125324386227,266747600,40.50990552402154,1,1,1
2009-10-29,VTRS,13.996347427368164,16.5,16.729999542236328,16.200000762939453,16.200000762939453,11260500,0.0557575803814511,0.0454545454545454,0.4685714585440499,0.0731556903109028,0.1369205650659601,278008100,46.291544632003294,1,1,1
2009-10-30,VTRS,13.775796890258787,16.239999771118164,16.829999923706055,16.170000076293945,16.600000381469727,9501900,0.0757388891361812,0.0800493326804814,0.4935714857918875,0.0682035182343942,0.1244975459877899,268506200,44.91314690199813,1,1,1
2009-11-02,VTRS,13.88607406616211,16.3700008392334,16.690000534057617,16.209999084472656,16.350000381469727,4463200,0.0940744611623873,0.0989614446446558,0.5000000681195941,0.0675227412314829,0.1237160915056811,272969400,50.0,1,1,1
2009-11-03,VTRS,14.15751838684082,16.690000534057617,16.729999542236328,16.139999389648438,16.34000015258789,8633800,0.0527261313725471,0.0718992700534733,0.5107144628252301,0.066489387071419,0.1472210120369474,281603200,49.214666221285526,1,1,1
2009-11-04,VTRS,14.301722526550291,16.860000610351562,17.190000534057617,16.780000686645508,16.84000015258789,13859600,0.0379596302775633,0.0468564044827894,0.528571605682373,0.0689987677746721,0.1775200753821906,295462800,51.378454501823214,1,1,1
2009-11-05,VTRS,14.776747703552246,17.420000076293945,17.440000534057617,16.81999969482422,17.0,5499200,-0.0097589021555338,0.0005740659493707,0.5500001226152692,0.0862290000711409,0.2439079590425912,300962000,58.3892666133576,0,0,0
2009-11-06,VTRS,14.819161415100098,17.469999313354492,17.489999771118164,17.110000610351562,17.280000686645508,4514500,0.0040069607855874,0.0045792745764392,0.5478572164263044,0.0995213230948778,0.2971302234532338,305476500,60.59224295203863,1,1,1
2009-11-09,VTRS,15.192398071289062,17.90999984741211,17.940000534057617,17.5,17.510000228881836,5998900,0.0044667741143289,0.0039084140380007,0.5485715184892926,0.1231666610613218,0.3705422370507456,311475400,67.53814700309165,1,1,1
2009-11-10,VTRS,14.903987884521484,17.56999969482422,17.899999618530273,17.5,17.670000076293945,7044700,0.0182128457815786,0.0415480680088669,0.5492858205522809,0.1324214866292269,0.3967135490696947,304430700,65.26315197719853,1,1,1
2009-11-11,VTRS,14.844609260559082,17.5,17.8799991607666,17.31999969482422,17.84000015258789,7193200,0.0085714067731583,0.0451429094587052,0.5450000762939453,0.1394798071277075,0.4071131648926425,297237500,61.17381635627391,1,1,1
2009-11-12,VTRS,14.63254165649414,17.25,17.479999542236328,17.229999542236328,17.399999618530273,5208400,0.0104348003000454,0.0440579842830048,0.5307144437517438,0.1423955268507957,0.3906785258377709,292029100,63.02327365989824,1,1,1
2009-11-13,VTRS,14.878538131713867,17.540000915527344,17.719999313354492,17.260000228881836,17.5,3193000,0.0005700297041804,0.0188141337788598,0.5300000735691616,0.148478010497968,0.3964841833629116,295222100,67.41574767442708,1,1,1
2009-11-16,VTRS,15.260262489318848,17.989999771118164,18.100000381469727,17.510000228881836,17.549999237060547,6351700,-0.0005558770988919,0.0133407323052592,0.5435715402875628,0.1605912366681338,0.4324117817746078,301573800,68.40959891227065,0,0,0
2009-11-17,VTRS,15.175430297851562,17.889999389648438,17.989999771118164,17.75,17.799999237060547,6310000,0.0229178234432665,0.0346562806252608,0.5142857687813895,0.1662206737340422,0.4476551770878991,295263800,75.48075732747435,1,1,1
2009-11-18,VTRS,14.97184944152832,17.649999618530273,17.8700008392334,17.510000228881836,17.84000015258789,3927500,0.036260697497418,0.0311615386003605,0.4728572028023856,0.164073563781057,0.4353512437873164,291336300,65.66756940903896,1,1,1
2009-11-19,VTRS,14.785231590270996,17.43000030517578,17.6200008392334,17.329999923706055,17.610000610351562,5012500,0.0332759560270246,0.0321284828535597,0.4485714776175363,0.1631561436477216,0.4032003394946244,286323800,66.39119571871068,1,1,1
2009-11-20,VTRS,14.8870210647583,17.549999237060547,17.6299991607666,17.309999465942383,17.440000534057617,4093300,0.0182337103181804,0.0358974983192508,0.4371427808489118,0.1571513568538981,0.3829885732675713,290417100,66.29833380841457,1,1,1
2009-11-23,VTRS,15.251776695251465,17.979999542236328,18.07999992370605,17.649999618530273,17.739999771118164,9648500,0.0139043385075028,0.0088987681582672,0.4328571047101699,0.1506532559078728,0.3970906203884006,300065600,67.29222287050527,1,1,1
2009-11-24,VTRS,15.52322006225586,18.299999237060547,18.450000762939453,17.979999542236328,18.06999969482422,7648100,0.0114754645123702,-0.0098359784334101,0.4307143347603931,0.151769046190505,0.4291410247523686,307713700,68.55669646982946,1,1,1
2009-11-25,VTRS,15.51473903656006,18.290000915527344,18.43000030517578,18.13999938964844,18.14999961853028,3879200,-0.0049207298022322,-0.0065610078308702,0.4071429116385318,0.1354880978759952,0.4485636575106362,303834500,63.06309092794052,0,0,0
2009-11-27,VTRS,15.277223587036133,18.010000228881836,18.14999961853028,17.790000915527344,17.8700008392334,2207300,-0.0011105195729869,0.028317613681313,0.4157144001552031,0.1288356243398495,0.4363327462639326,301627200,57.58428772266704,0,0,0
2009-11-30,VTRS,15.158467292785645,17.8700008392334,18.0,17.770000457763672,17.989999771118164,4735300,0.017347479092546,0.0503637143963828,0.3992857251848488,0.1112770874922603,0.4106096280643463,296891900,49.38651760467173,1,1,1
2009-12-01,VTRS,15.46384334564209,18.229999542236328,18.309999465942383,17.979999542236328,18.020000457763672,4143300,-0.0049369256636221,0.0444323309726013,0.4014284951346256,0.0957557514783681,0.4144947211325487,301035200,60.0609887291805,0,0,0
2009-12-02,VTRS,15.7013578414917,18.51000022888184,18.600000381469727,18.309999465942383,18.3799991607666,4168700,-0.0210696588236617,0.0189087183761134,0.3878571646554124,0.0894944187324812,0.4351512480137387,305203900,64.4699340843596,0,0,0
2009-12-03,VTRS,15.438395500183104,18.200000762939453,18.549999237060547,18.190000534057617,18.489999771118164,4218800,-0.0016483893070267,0.0120878738534162,0.3942856107439308,0.0785172732164247,0.4216468458880591,300985100,63.38030968934353,0,0,0
2009-12-04,VTRS,15.260262489318848,17.989999771118164,18.520000457763672,17.829999923706055,18.38999938964844,5409900,0.0294608501049784,0.0144524865030433,0.4099999836512969,0.0758467604622215,0.3895091657196552,295575200,56.48414177720049,1,1,1
2009-12-07,VTRS,15.421424865722656,18.18000030517578,18.450000762939453,18.020000457763672,18.020000457763672,5646500,0.0324532531729342,0.0401539895479814,0.4007143293108254,0.0745329093081543,0.3750479584388131,301221700,52.95951247888396,1,1,1
2009-12-08,VTRS,15.387495040893556,18.13999938964844,18.299999237060547,17.93000030517578,18.13999938964844,3801700,0.0496141982448183,0.0413450951066727,0.4099999836512969,0.07545934499696,0.3562529457016268,297420000,53.96825685162518,1,1,1
2009-12-09,VTRS,15.370534896850586,18.1200008392334,18.200000762939453,17.920000076293945,18.14999961853028,2995100,0.0408388375742188,0.0342162750093446,0.4028572354997902,0.0740196800222884,0.3358723197838067,294424900,58.02050825368677,1,1,1
2009-12-10,VTRS,15.412946701049805,18.170000076293945,18.420000076293945,18.15999984741211,18.31999969482422,4752400,0.013758943255381,0.0313703738266839,0.4014286313738137,0.0713019829248242,0.3200655312685896,299177300,63.40581037198181,1,1,1
2009-12-11,VTRS,15.709837913513184,18.520000457763672,18.600000381469727,18.09000015258789,18.25,5020500,-0.0145788580502159,0.0091792695514043,0.4150000980922149,0.0659747806849581,0.3319540831614489,304197800,66.22076778811189,0,0,0
2009-12-14,VTRS,15.92190647125244,18.770000457763672,18.790000915527344,18.56999969482422,18.63999938964844,3636100,0.0074586780092769,-0.0085242324725641,0.396428653172084,0.0700142011645092,0.3574285430984574,307833900,64.05696800538671,1,1,1
2009-12-15,VTRS,16.15093231201172,19.040000915527344,19.09000015258789,18.59000015258789,18.799999237060547,8701500,-0.0078782310223827,-0.0225840485556444,0.3985714231218608,0.0831358321587552,0.3948524038610408,316535400,63.40583566108326,0,0,0
2009-12-16,VTRS,15.998250961303713,18.86000061035156,19.209999084472656,18.809999465942383,19.01000022888184,6688300,-0.0063627166145228,-0.0227995912651119,0.406428473336356,0.0886220338674635,0.4053143512950683,309847100,59.72695623644341,0,0,0
2009-12-17,VTRS,15.62501335144043,18.420000076293945,18.729999542236328,18.270000457763672,18.709999084472656,8091000,0.0173724046416292,0.0162866034646023,0.4128570556640622,0.0846925728916642,0.3737923090886994,301756100,56.63430141045028,1,1,1
2009-12-18,VTRS,15.480807304382324,18.25,18.64999961853028,18.25,18.540000915527344,18320300,0.024109618304527,0.0147945456308862,0.4242856161934988,0.0743713812315721,0.3312745513128128,283435800,56.08972850244439,1,1,1
2009-12-21,VTRS,16.04066276550293,18.90999984741211,19.0,18.479999542236328,18.59000015258789,7064600,-0.0158645816753725,-0.0301427657019376,0.4464285714285714,0.0707906622256461,0.3468372696430677,290500400,59.941519163265575,0,0,0
2009-12-22,VTRS,16.02369499206543,18.88999938964844,19.030000686645508,18.700000762939453,18.8700008392334,5672600,-0.0148225933480081,-0.0455266665320384,0.4435713631766183,0.0728452430343644,0.3534822429902604,284827800,56.012641609994496,0,0,0
2009-12-23,VTRS,15.89645290374756,18.739999771118164,18.989999771118164,18.68000030517578,18.979999542236328,3756100,-0.0165421275202014,-0.0704375512778066,0.4399999891008649,0.0745289104487101,0.3426943494850469,281071700,58.99997774761343,0,0,0
2009-12-24,VTRS,15.89645290374756,18.739999771118164,18.799999237060547,18.68000030517578,18.75,1433900,-0.0010672602992504,-0.0517609031591047,0.3992855889456613,0.0758242178399258,0.3303369474569173,281071700,63.44085580449068,0,0,0
2009-12-28,VTRS,15.854043960571287,18.690000534057617,18.84000015258789,18.61000061035156,18.68000030517578,2038900,-0.0090957769628826,-0.0684858560765176,0.3828569139753072,0.073653988273907,0.3129021554761202,279032800,59.62264721314732,0,0,0
2009-12-29,VTRS,15.786182403564451,18.61000061035156,18.799999237060547,18.61000061035156,18.700000762939453,2594300,-0.0145083529773494,-0.0429877011376446,0.3699997493198945,0.0676102293364679,0.2892948213439439,276438500,58.73608662912458,0,0,0
2009-12-30,VTRS,15.786182403564451,18.61000061035156,18.700000762939453,18.440000534057617,18.6299991607666,2125500,-0.0311660346417954,-0.0397635543712204,0.3685711451939179,0.0663690747759602,0.2675022396581212,276438500,59.17602541416959,0,0,0
2009-12-31,VTRS,15.633492469787598,18.43000030517578,18.670000076293945,18.43000030517578,18.6200008392334,2658600,-0.0548019648484863,-0.0124796276954882,0.3642854690551763,0.0665126710359319,0.2330208223727758,273779900,54.642859332414616,0,0,0
2010-01-04,VTRS,15.87949275970459,18.71999931335449,18.770000457763672,18.309999465942383,18.350000381469727,3611900,-0.0507478039763124,0.0010684005607526,0.3607140949794229,0.0651871396189633,0.2264837830167749,277391800,53.64961445798223,0,0,0
2010-01-05,VTRS,15.709837913513184,18.520000457763672,18.65999984741211,18.280000686645508,18.450000762939453,7942400,-0.0599352366584983,-0.016198765496435,0.3728568213326593,0.059190745694859,0.2028268345509332,269449400,45.3531574790085,0,0,0
2010-01-06,VTRS,15.55714988708496,18.34000015258789,18.5,18.26000022888184,18.3700008392334,6838100,-0.0288986195330386,-0.0218102298365483,0.3557139805385044,0.0571850976648797,0.167621772695572,262611300,36.53843896627509,0,0,0
2010-01-07,VTRS,15.294190406799316,18.030000686645508,18.34000015258789,18.020000457763672,18.190000534057617,6821900,-0.0088740899233918,-0.0138657787287368,0.3499997002737863,0.0593339824676776,0.1133999375178085,255789400,34.798523026189386,0,0,0
2010-01-08,VTRS,14.776747703552246,17.420000076293945,17.799999237060547,16.75,17.700000762939453,20293300,0.0447761586239585,0.0149253862079861,0.3992854527064735,0.0779864527591674,0.0209651183901797,235496100,32.75860708192525,1,1,1
2010-01-11,VTRS,15.07363986968994,17.770000457763672,17.81999969482422,17.440000534057617,17.440000534057617,8390400,0.0545863414950393,0.0180078608092781,0.3992854527064732,0.0844359790550135,-0.0237739843235154,243886500,42.20779462053025,1,1,1
2010-01-12,VTRS,14.768263816833496,17.40999984741211,17.75,17.34000015258789,17.510000228881836,4852200,0.0465249553728617,0.0482481424439962,0.3764283316476004,0.0994455364163848,-0.0872730566848147,239034300,23.02157088753492,1,1,1
2010-01-13,VTRS,15.107568740844728,17.809999465942383,17.8799991607666,17.43000030517578,17.5,4700900,0.0072993302646544,0.0067378350831999,0.3864282880510603,0.1029362914840308,-0.1041196759263272,243735200,32.911382472541035,1,1,1
2010-01-14,VTRS,15.158467292785645,17.8700008392334,17.969999313354492,17.729999542236328,17.75,7066300,-0.0050363821131051,0.0201454217177514,0.3814283098493303,0.1012601304719867,-0.1113456107854773,250801500,35.83063488000474,0,0,0
2010-01-15,VTRS,15.438395500183104,18.200000762939453,18.21999931335449,17.6200008392334,17.6200008392334,7216400,-0.0285714525255704,-0.0043956000193668,0.4157139914376392,0.0983796084389553,-0.0894132796725273,258017900,42.05883722404447,0,0,0
2010-01-19,VTRS,15.89645290374756,18.739999771118164,18.75,18.09000015258789,18.100000381469727,9341800,-0.0346851454892781,-0.0288153156229462,0.4464282989501948,0.1002346667136671,-0.028134030658979,267359700,50.64266381626688,0,0,0
2010-01-20,VTRS,15.45535659790039,18.21999931335449,18.729999542236328,18.11000061035156,18.600000381469727,5800600,0.0016465800096667,-0.0115257460146407,0.4778569085257388,0.100313541310618,-0.021284125291519,261559100,45.49652074054463,1,1,1
2010-01-21,VTRS,15.21784496307373,17.940000534057617,18.43000030517578,17.8799991607666,18.270000457763672,5505600,-0.0005574263424825,-0.0089186088433143,0.4985712596348349,0.097872121382087,-0.0380109211407919,256053500,42.73318584821392,0,0,0
2010-01-22,VTRS,15.082120895385742,17.780000686645508,18.06999969482422,17.739999771118164,17.920000076293945,5598200,0.0253092709905693,0.0061866534732784,0.5049998419625413,0.0960304470032144,-0.0634463083246288,250455300,42.91939142673471,1,1,1
2010-01-25,VTRS,14.997296333312988,17.68000030517578,18.0,17.68000030517578,17.68000030517578,3790000,0.0248869076053583,0.0045248824844552,0.4949997493198935,0.0961237292165309,-0.0906285217816318,246665300,38.1818284279068,1,1,1
2010-01-26,VTRS,15.345085144042969,18.09000015258789,18.200000762939453,17.56999969482422,17.579999923706055,11144600,0.0060807412616756,-0.022664446874173,0.508571352277483,0.092022363567518,-0.0781857835651358,257809900,45.33622290406824,1,1,1
2010-01-27,VTRS,15.480807304382324,18.25,18.26000022888184,17.979999542236328,18.100000381469727,5142500,-0.0131506723900364,-0.0350684597067636,0.5099999564034601,0.0881264236052953,-0.0547826728205897,262952400,49.01960621355157,0,0,0
2010-01-28,VTRS,15.20936107635498,17.93000030517578,18.290000915527344,17.649999618530273,18.25,6756500,-0.008365845843682,0.0200781151268381,0.532857213701521,0.0851281004727973,-0.061349639513029,256195900,48.91303942199048,0,0,0
2010-01-29,VTRS,15.46384334564209,18.229999542236328,18.46999931335449,18.0,18.010000228881836,7603500,-0.0186505848121476,0.0043883667424513,0.4799999509538923,0.0814007727740635,-0.041863994626059,263799400,59.44055539870932,0,0,0
2010-02-01,VTRS,15.370534896850586,18.1200008392334,18.450000762939453,18.0,18.350000381469727,4803700,-0.019867582432562,0.0309050463579378,0.4835714612688337,0.0794492459657714,-0.0348952064826413,258995700,54.32099521278725,0,0,0
2010-02-02,VTRS,15.438395500183104,18.200000762939453,18.239999771118164,17.81999969482422,18.209999084472656,4753300,-0.0285714525255704,0.0368131894619621,0.4828571592058454,0.0725014211090299,-0.0226559032657185,263749000,60.47747505266716,0,0,0
2010-02-03,VTRS,15.277223587036133,18.010000228881836,18.31999969482422,17.860000610351562,18.309999465942383,7157700,-0.0222098619348606,0.0471960228021883,0.4821428571428571,0.0681266358202934,-0.0279652564164223,256591300,52.80900140586692,0,0,0
2010-02-04,VTRS,15.082120895385742,17.780000686645508,18.030000686645508,17.549999237060547,17.889999389648438,6957900,0.0286839262759361,0.0725533722362352,0.4992858341761997,0.0667534434237052,-0.0501538554859237,249633400,48.793562256339776,1,1,1
2010-02-05,VTRS,15.175430297851562,17.889999389648438,17.989999771118164,17.489999771118164,17.860000610351562,7505500,0.0234768077486333,0.0961431682160007,0.4921430860246933,0.0668339825916315,-0.0581917063066832,257138900,45.58401911046772,1,1,1
2010-02-08,VTRS,15.065156936645508,17.760000228881836,18.0,17.709999084472656,17.989999771118164,3469400,0.0518018054300368,0.0788288063337721,0.4657145908900672,0.061724619227869,-0.0741963178506921,253669500,34.19352853952218,1,1,1
2010-02-09,VTRS,14.997296333312988,17.68000030517578,17.959999084472656,17.540000915527344,17.799999237060547,5953400,0.0673077213527675,0.0984162749481845,0.4507145200456892,0.0626594572599746,-0.0922717616312311,247716100,39.84962028620337,1,1,1
2010-02-10,VTRS,14.937920570373535,17.610000610351562,17.799999237060547,17.290000915527344,17.610000610351562,5483500,0.0709823939054958,0.175468486399229,0.447857175554548,0.0587592785217587,-0.1109659253013219,242232600,43.26529404758105,1,1,1
2010-02-11,VTRS,15.51473903656006,18.290000915527344,18.309999465942383,17.510000228881836,17.530000686645508,7887400,0.0426461859077706,0.1667577410819725,0.4814285550798688,0.0596510653765575,-0.070102742290345,250120000,58.58587545187213,1,1,1
2010-02-12,VTRS,15.53170394897461,18.309999465942383,18.34000015258789,17.799999237060547,17.959999084472656,3703600,0.0709995184231027,0.1676679292391345,0.4971429279872349,0.0607563548582972,-0.0356932103564417,253823600,60.899663342328914,1,1,1
2010-02-16,VTRS,15.845561981201172,18.68000030517578,18.700000762939453,18.290000915527344,18.39999961853028,4256400,0.0256959065521713,0.14293362059283,0.4814285550798688,0.0678658958804123,0.0211883213295536,258080000,60.35089926637211,1,1,1
2010-02-17,VTRS,16.006731033325195,18.8700008392334,18.920000076293945,18.51000022888184,18.700000762939453,4494000,0.0291467521250461,0.1197667313736599,0.4907142094203399,0.0712425503434775,0.0806688993407931,262574000,60.76392085285113,1,1,1
2010-02-18,VTRS,15.998250961303713,18.86000061035156,18.959999084472656,18.700000762939453,18.89999961853028,3726000,0.0975609805430222,0.1288441265395319,0.4635711397443494,0.0805570749108354,0.1255534490474446,258848000,68.09342015618009,1,1,1
2010-02-19,VTRS,16.17638397216797,19.06999969482422,19.100000381469727,18.84000015258789,18.850000381469727,4826300,0.1190351596271799,0.1415836814969777,0.44357122693743,0.0923407180680395,0.1760406619772823,263674300,66.93551612327641,1,1,1
2010-02-22,VTRS,16.634443283081055,19.61000061035156,19.700000762939453,19.01000022888184,19.14999961853028,11221800,0.0902599946621476,0.0922998169100994,0.4607140677315843,0.1131053940137699,0.2566670054033899,274896100,75.60138876053048,1,1,1
2010-02-23,VTRS,16.25272560119629,19.15999984741211,19.700000762939453,19.1299991607666,19.5,7143200,0.1143006550886489,0.1278706045120541,0.4714284624372205,0.1168601688596322,0.2810133161106876,267752900,64.6341378315764,1,1,1
2010-02-24,VTRS,16.473276138305664,19.420000076293945,19.56999969482422,19.1200008392334,19.1200008392334,8683700,0.088053505548646,0.1230689691173543,0.4707141603742322,0.126832880215022,0.3176263890131245,276436600,71.04478342758108,1,1,1
2010-02-25,VTRS,17.559051513671875,20.700000762939453,21.030000686645508,19.959999084472656,20.030000686645508,27066600,0.0285024217798197,0.0618356875420285,0.5514283861432752,0.1662186542620524,0.4448004879253524,303503200,83.18182192558132,1,1,1
2010-02-26,VTRS,18.101938247680664,21.34000015258789,21.46999931335449,20.559999465942383,20.700000762939453,13308600,0.0201499672962108,0.0285848456415118,0.5807140895298541,0.2083276757076286,0.5904234456442055,316811800,84.98986358395815,1,1,1
2010-03-01,VTRS,18.13586807250977,21.3799991607666,21.600000381469727,21.1200008392334,21.39999961853028,19325900,0.0018709502851967,0.0266605062931355,0.5942854200090674,0.2398866259603621,0.7009778382912444,336137700,87.39668200164411,1,1,1
2010-03-02,VTRS,18.11042594909668,21.350000381469727,21.51000022888184,21.239999771118164,21.46999931335449,11763600,0.0121779964513486,0.034660410205914,0.5835712977818075,0.2612906981426714,0.7772131112384209,324374100,88.30898576416804,1,1,1
2010-03-03,VTRS,17.92380142211914,21.1299991607666,21.440000534057617,21.040000915527344,21.440000534057617,7016100,0.0321817478553609,0.0459063539625779,0.5757142475673126,0.2735319591964259,0.8105345170385121,317358000,85.62751184081131,1,1,1
2010-03-04,VTRS,18.05953025817871,21.290000915527344,21.39999961853028,20.86000061035156,21.01000022888184,8046500,0.0324095160656263,0.0502583207520594,0.557142802647182,0.2819720921316618,0.8401678437056717,325404500,83.93663635335818,1,1,1
2010-03-05,VTRS,18.466691970825195,21.770000457763672,21.8700008392334,21.209999084472656,21.3799991607666,8994500,0.0082682729164385,0.0349104369729493,0.5657142911638532,0.2898862300904751,0.8921008369856231,334399000,85.45080821894786,1,1,1
2010-03-08,VTRS,18.169801712036133,21.420000076293945,21.71999931335449,21.38999938964844,21.59000015258789,7429000,0.0247432625937322,0.0695611468632619,0.5635715212140762,0.2887609112881699,0.8947024299283335,326970000,78.18928345344521,1,1,1
2010-03-09,VTRS,18.33097267150879,21.61000061035156,21.6200008392334,21.350000381469727,21.600000381469727,6069300,0.0222119171068604,0.0606200568691734,0.5535715648106166,0.2833286056337203,0.901701413669489,333039300,78.1892834534452,1,1,1
2010-03-10,VTRS,18.500619888305664,21.809999465942383,22.0,21.56999969482422,21.690000534057617,10665500,0.0132966952145137,0.0389729666338163,0.5657145636422294,0.2734424120085821,0.9128634730161592,343704800,79.20790284232658,1,1,1
2010-03-11,VTRS,18.64482879638672,21.979999542236328,22.049999237060547,21.71999931335449,21.770000457763672,6294600,0.0172884929949623,0.0127388850080487,0.5707145418439595,0.2577101167454576,0.9247669333138866,349999400,79.04190226155872,1,1,1
2010-03-12,VTRS,18.619382858276367,21.950000762939453,22.040000915527344,21.790000915527344,22.0,3526300,0.0264236858107691,0.0195899035481201,0.5392859322684157,0.2478099188011269,0.921161286670884,346473100,76.00000169542108,1,1,1
2010-03-15,VTRS,18.619382858276367,21.950000762939453,22.0,21.71999931335449,22.0,6283300,0.0437357198681069,0.0419134416545114,0.51857158115932,0.232905694011651,0.9078387853218572,346473100,84.4444622359028,1,1,1
2010-03-16,VTRS,18.73813438415528,22.09000015258789,22.100000381469727,21.76000022888184,21.770000457763672,3711900,0.0375735589847345,0.0253508131314694,0.5107145309448248,0.2207719038989045,0.8982232294753771,350185000,83.9694804681111,1,1,1
2010-03-17,VTRS,18.74662208557129,22.100000381469727,22.21999931335449,21.989999771118164,22.049999237060547,3235900,0.0253393419129497,0.0276017507906649,0.4121430260794506,0.20714765874006,0.8812512512218404,353420900,76.31580268247998,1,1,1
2010-03-18,VTRS,18.967164993286133,22.36000061035156,22.420000076293945,22.040000915527344,22.040000915527344,4579900,-0.0044722888524173,0.0357781402157113,0.3742858341762002,0.1903840687850566,0.8786521269599632,358000800,72.3684430672859,0,0,0
2010-03-19,VTRS,19.111373901367188,22.530000686645508,22.8799991607666,22.32999992370605,22.5,10816600,-0.0066578571374753,0.0319573586955665,0.3792858123779304,0.1733805164747481,0.8801639060379536,368817400,73.85895432968167,0,0,0
2010-03-22,VTRS,19.4337158203125,22.90999984741211,23.0,22.56999969482422,22.59000015258789,8485900,-0.0017459191813669,-0.0034919216167125,0.3935714449201316,0.1663186460182731,0.901631313797953,377303300,78.26085754663848,0,0,0
2010-03-23,VTRS,19.442195892333984,22.920000076293945,23.299999237060547,22.89999961853028,23.239999771118164,9305600,-0.0117801246450661,-0.0087260367484167,0.3935714449201314,0.1412356598189811,0.908973246240972,386608900,85.09806766826186,0,0,0
2010-03-24,VTRS,19.221649169921875,22.65999984741211,22.93000030517578,22.540000915527344,22.86000061035156,6586500,0.0022064976786069,-0.0048543958999243,0.3828571864536828,0.1077532121559047,0.8836260440420389,380022400,75.84905877661834,1,1,1
2010-03-25,VTRS,18.88234519958496,22.26000022888184,22.959999084472656,22.21999931335449,22.8700008392334,5504600,0.0404312492936338,0.0125786470694735,0.3885713304792131,0.0966584624837744,0.8217885109944021,374517800,59.53307768407608,1,1,1
2010-03-26,VTRS,18.98413276672364,22.3799991607666,22.440000534057617,22.01000022888184,22.39999961853028,5311000,0.0388740335950752,0.0067024813004401,0.3921427045549665,0.0945110020093979,0.7735477544721618,379828800,70.5128330529364,1,1,1
2010-03-29,VTRS,19.3997802734375,22.8700008392334,22.950000762939453,22.350000381469727,22.530000686645508,5610400,-0.0017490561460201,-0.0148666436428205,0.4157141276768276,0.0966355994962234,0.766025383918219,385439200,73.86366345668264,0,0,0
2010-03-30,VTRS,19.213165283203125,22.64999961853028,22.89999961853028,22.57999992370605,22.81999969482422,7809400,0.0030904943047744,-0.0242825274315054,0.407856941223145,0.0941336747049416,0.7338521998222234,377629800,65.7894774581496,1,1,1
2010-03-31,VTRS,19.264060974121094,22.709999084472656,22.96999931335449,22.59000015258789,22.799999237060547,4774000,-0.0070453480344482,-0.0290620816388921,0.4114283152988979,0.0866570300181449,0.7050685833569794,382403800,64.31372079698781,0,0,0
2010-04-01,VTRS,19.64578056335449,23.15999984741211,23.32999992370605,22.790000915527344,22.89999961853028,9407400,-0.0267702476670803,-0.060880822828229,0.4378569466727118,0.0851448833438444,0.7103798440434019,391811200,70.37034658501258,0,0,0
2010-04-05,VTRS,19.72212600708008,23.25,23.6299991607666,23.01000022888184,23.13999938964844,6847100,-0.0309677124023437,-0.0722580776419691,0.4621425356183725,0.0894345062783894,0.7136250907244666,398658300,71.24180806596192,0,0,0
2010-04-06,VTRS,19.3658504486084,22.82999992370605,23.229999542236328,22.809999465942383,23.200000762939453,8324600,-0.0131405710934335,-0.0446780753908162,0.4692854200090676,0.0815828589225449,0.6745309036537073,390333700,61.0778340527764,0,0,0
2010-04-07,VTRS,19.27254295349121,22.71999931335449,23.030000686645508,22.549999237060547,22.799999237060547,6361900,-0.0272886862069725,-0.028168988071767,0.4871426991053987,0.0743622754570563,0.6274396154801565,383971800,59.01160598640902,0,0,0
2010-04-08,VTRS,19.12833595275879,22.549999237060547,22.68000030517578,22.280000686645508,22.59000015258789,5547100,-0.0221729497523999,-0.0261640874744791,0.4914283752441401,0.0686466525487814,0.5698331629277966,378424700,52.83579846114085,0,0,0
2010-04-09,VTRS,19.119861602783203,22.540000915527344,22.700000762939453,22.43000030517578,22.6299991607666,2660400,-0.0350488413238319,-0.0133097219265202,0.4714284624372202,0.0646598354312224,0.5174084902595908,375764300,50.156743373160445,0,0,0
2010-04-12,VTRS,19.111373901367188,22.530000686645508,22.81999969482422,22.450000762939453,22.600000381469727,6061400,-0.0426098962522589,-0.0346205354138248,0.4642855780465255,0.0595405355368438,0.4696408966599179,369702900,43.262430055468606,0,0,0
2010-04-13,VTRS,19.111373901367188,22.530000686645508,22.729999542236328,22.489999771118164,22.530000686645508,3398300,-0.0319574433537368,-0.0519307607916522,0.4528570175170893,0.0534783884481279,0.4268641108292925,369702900,43.06051247242487,0,0,0
2010-04-14,VTRS,18.74662208557129,22.100000381469727,22.549999237060547,21.8799991607666,22.520000457763672,6898600,-0.0009049980732328,-0.0176471172065714,0.472857066563197,0.0533213248708914,0.3541829681180068,362804300,40.60404037688674,0,0,0
2010-04-15,VTRS,18.70420837402344,22.049999237060547,22.18000030517578,21.86000061035156,21.88999938964844,5189600,-0.0040816397143734,-0.0126983577770953,0.4428570611136295,0.0541296554686229,0.2892140844669164,357614700,46.007590223652606,0,0,0
2010-04-16,VTRS,18.44972419738769,21.75,22.1200008392334,21.600000381469727,21.989999771118164,6881600,0.022528725108881,0.0119540335118086,0.4492856434413362,0.0632409694795575,0.211085087374002,350733100,38.79006360762691,1,1,1
2010-04-19,VTRS,18.29704475402832,21.56999969482422,21.850000381469727,21.40999984741211,21.59000015258789,6216600,0.008344937771092,0.0213259619067898,0.4378570829118998,0.0747705631129472,0.1331083833997297,344516500,23.999996948244444,1,1,1
2010-04-20,VTRS,18.500619888305664,21.809999465942383,21.90999984741211,21.5,21.600000381469727,4005100,-0.0206326853099434,-0.0206326853099434,0.4442856652396058,0.0785679105060871,0.089643900393419,348521600,33.33333333333324,0,0,0
2010-04-21,VTRS,18.729656219482425,22.07999992370605,22.1200008392334,21.6200008392334,21.809999465942383,6665800,-0.0167572844434725,-0.0113224638072388,0.4528571537562774,0.0782221314186661,0.0761074456614387,355187400,38.46155995883474,0,0,0
2010-04-22,VTRS,18.627864837646484,21.959999084472656,22.18000030517578,21.700000762939453,22.07999992370605,9234500,-0.0086520325423569,-0.0268669521783555,0.4428570611136297,0.0800680824260147,0.0550619233466882,345952900,24.999999999999915,0,0,0
2010-04-23,VTRS,18.865379333496094,22.239999771118164,22.25,21.8700008392334,22.040000915527344,5603800,-0.010341706142237,-0.0404676091633351,0.4257142203194754,0.080137058181026,0.060282017067859,351556700,30.50194159099256,0,0,0
2010-04-26,VTRS,18.44972419738769,21.75,22.39999961853028,21.700000762939453,22.39999961853028,5959700,0.0128735947882991,0.0032183767735272,0.4442855290004188,0.0843241309150636,0.0245965587024521,345597000,29.69926294647881,1,1,1
2010-04-27,VTRS,18.1189079284668,21.36000061035156,21.88999938964844,21.31999969482422,21.71999931335449,7836700,0.0,0.0191947488621988,0.4507139750889374,0.0909630178031496,-0.0347534988344513,337760300,26.870774558568822,0,0,0
2010-04-28,VTRS,18.415796279907227,21.709999084472656,21.84000015258789,21.3700008392334,21.40999984741211,8084900,0.0055274456146441,-0.0050667299696757,0.4535711833408911,0.0928622667674174,-0.0529366741960437,345845200,36.53845448465501,1,1,1
2010-04-29,VTRS,18.466691970825195,21.770000457763672,21.86000061035156,20.520000457763672,21.46999931335449,25933000,-0.0183738911400722,-0.0289389552075346,0.5299997329711922,0.0930014148860004,-0.0617930504795367,371778200,37.85488996951855,0,0,0
2010-04-30,VTRS,18.670278549194336,22.01000022888184,22.190000534057617,21.64999961853028,21.71999931335449,10353600,-0.0304407119185199,-0.0676964904872181,0.5421427318028046,0.0848057458889254,-0.0488823316326261,382131800,42.352937876561,0,0,0
2010-05-03,VTRS,18.687240600585938,22.030000686645508,22.34000015258789,21.8799991607666,21.90999984741211,9073600,-0.0095325004664476,-0.0649114961690692,0.5578571047101707,0.0719199955095753,-0.0366145543482545,391205400,42.69006271938679,0,0,0
2010-05-04,VTRS,18.1189079284668,21.36000061035156,21.90999984741211,21.280000686645508,21.729999542236328,8909700,0.0191947488621988,-0.0641386142362495,0.5635713849748889,0.0708971035380857,-0.0800330875836827,382295700,39.890718356137214,1,1,1
2010-05-05,VTRS,18.51758575439453,21.82999992370605,22.059999465942383,21.290000915527344,21.39999961853028,9387900,-0.0105359387558475,-0.073293650346385,0.595714160374233,0.0650558966617567,-0.0756455762317784,391683600,47.303929932985646,0,0,0
2010-05-06,VTRS,18.12738990783692,21.3700008392334,21.93000030517578,20.51000022888184,21.790000915527344,9884900,-0.0107628189308581,-0.0903135343650747,0.6599998474121094,0.0648382072411265,-0.1080410931506783,381798700,45.51887757925056,0,0,0
2010-05-07,VTRS,18.101938247680664,21.34000015258789,21.65999984741211,20.88999938964844,21.3799991607666,14260900,-0.0384254774583391,-0.0857544475454995,0.6835712705339702,0.063372820745679,-0.1345841757893389,367537800,47.1882697597114,0,0,0
2010-05-10,VTRS,18.50910377502441,21.81999969482422,21.959999084472656,21.43000030517578,21.59000015258789,12231700,-0.0559119766460803,-0.1182401448116444,0.6985712051391599,0.0568281047725039,-0.1155557536806668,379769500,50.11547608612055,0,0,0
2010-05-11,VTRS,18.466691970825195,21.770000457763672,21.93000030517578,21.420000076293945,21.5,13738200,-0.0817639250903515,-0.1203491402913151,0.6992855072021482,0.0484926011168022,-0.1033191142022857,366031300,46.22871576923029,0,0,0
2010-05-12,VTRS,18.322486877441406,21.600000381469727,21.68000030517578,20.959999084472656,21.65999984741211,11543800,-0.0634259636591811,-0.1055555854805206,0.7228570665631973,0.0471624449645377,-0.1061158373443582,354487500,45.67309036939768,0,0,0
2010-05-13,VTRS,17.932287216186523,21.13999938964844,21.64999961853028,21.059999465942383,21.5,6570500,-0.0804162206562435,-0.0624408577547349,0.7378571374075753,0.0516704412991589,-0.1437929407223848,347917000,37.32717942137001,0,0,0
2010-05-14,VTRS,17.406360626220703,20.520000457763672,21.1299991607666,20.31999969482422,21.100000381469727,9804200,-0.0492202829605543,-0.0526315740552257,0.7464286259242466,0.0706003168670209,-0.2211319770723605,338112800,36.24160787449556,0,0,0
2010-05-17,VTRS,17.474225997924805,20.600000381469727,20.63999938964844,20.059999465942383,20.5,6725500,-0.0660194458819001,-0.0805825153724426,0.7471429279872349,0.0825328287894401,-0.2728234563435414,344838300,40.86537734114557,0,0,0
2010-05-18,VTRS,16.956783294677734,19.989999771118164,20.770000457763672,19.96999931335449,20.75,10627400,-0.0420210186195965,-0.0520259639863186,0.7700001852852958,0.1049273802724713,-0.3588743966969439,334210900,30.542994528671287,0,0,0
2010-05-19,VTRS,17.160367965698242,20.229999542236328,20.43000030517578,19.68000030517578,19.84000015258789,9257800,-0.0449826924371503,-0.0682154815616989,0.7278573172433038,0.1145122037304203,-0.4030582070077422,343468700,33.26085406124416,0,0,0
2010-05-20,VTRS,16.49024200439453,19.440000534057617,20.06999969482422,19.350000381469727,19.8799991607666,9857800,0.0195472813954333,-0.0483539356087361,0.7521429061889654,0.1382418873982563,-0.4961017603879156,333610900,25.04853556299396,1,1,1
2010-05-21,VTRS,16.549619674682617,19.51000022888184,19.59000015258789,19.14999961853028,19.25,11458000,-0.0035878879550497,-0.0553562230156855,0.7507143020629885,0.1509330025236108,-0.5577615287153179,345068900,25.76921214717703,0,0,0
2010-05-24,VTRS,16.320587158203125,19.239999771118164,19.51000022888184,19.14999961853028,19.31999969482422,9727100,-0.0155924761241882,-0.0732848162258665,0.7228572028023859,0.168815038919682,-0.6212527053322923,335341800,27.916645639460896,0,0,0
2010-05-25,VTRS,16.244237899780273,19.14999961853028,19.15999984741211,18.690000534057617,18.700000762939453,17766600,-0.0104438046775362,-0.0621410212930829,0.7071429661342078,0.1860939431619102,-0.6710962011180435,317575200,19.68324190714236,0,0,0
2010-05-26,VTRS,16.38844871520996,19.31999969482422,19.71999931335449,19.14999961853028,19.18000030517578,16056200,-0.0243270869968182,-0.0538301772570588,0.6464286531720843,0.1951774543160092,-0.6889382934268156,333631400,25.181579164913657,0,0,0
2010-05-27,VTRS,16.812578201293945,19.81999969482422,19.850000381469727,19.57999992370605,19.790000915527344,5475400,-0.0665993801790483,-0.0756811313368339,0.6292858123779299,0.195320247146752,-0.6551799521481954,339106800,33.47825041339722,0,0,0
2010-05-28,VTRS,16.49024200439453,19.440000534057617,19.799999237060547,19.39999961853028,19.76000022888184,5901800,-0.0519547428567391,-0.0766460766555937,0.6150001798357282,0.1944347030395178,-0.6515779944309656,333205000,23.555553671753643,0,0,0
2010-06-01,VTRS,16.066110610961914,18.940000534057617,19.440000534057617,18.88999938964844,19.31999969482422,4374100,-0.0586061551770062,-0.0290391303537806,0.6178573880876811,0.196321287915602,-0.681216597422523,328830900,21.41413557591345,0,0,0
2010-06-02,VTRS,16.0745906829834,18.950000762939453,19.06999969482422,18.64999961853028,18.89999961853028,16391800,-0.0522428305334395,-0.055409029136435,0.5900001525878901,0.2023133070070782,-0.6958768339589874,345222700,22.3382028471664,0,0,0
2010-06-03,VTRS,15.989765167236328,18.850000381469727,19.11000061035156,18.68000030517578,19.059999465942383,7506000,-0.0302387099888098,-0.0259946822918824,0.5785715920584532,0.200513318714776,-0.7074097923431566,337716700,24.15350071794693,0,0,0
2010-06-04,VTRS,15.69286823272705,18.5,18.809999465942383,18.39999961853028,18.51000022888184,6718700,-0.0097297462257178,0.0070269816630594,0.5521430969238266,0.2060349846992731,-0.7363041942446564,330998000,25.721147453643624,0,0,0
2010-06-07,VTRS,15.633492469787598,18.43000030517578,18.82999992370605,18.43000030517578,18.5,6140000,-0.0260444674057617,-0.0249593588824903,0.5392859322684131,0.2089820847404894,-0.7561353486634914,324858000,23.85541836432201,0,0,0
2010-06-08,VTRS,15.124537467956545,17.829999923706055,18.39999961853028,17.639999389648438,18.38999938964844,13448700,0.0314077099460798,0.0134604471197483,0.5385716302054246,0.2086735726252225,-0.8109189291526029,311409300,23.91304147516392,1,1,1
2010-06-09,VTRS,15.23480987548828,17.959999084472656,18.25,17.81999969482422,18.1200008392334,9719200,-0.0033407276726564,-0.009465377372557,0.5157145091465518,0.1990734529545383,-0.8342289930170779,321128500,21.83621407746772,0,0,0
2010-06-10,VTRS,15.506251335144045,18.280000686645508,18.32999992370605,18.0,18.31999969482422,7377400,0.0043763632768623,-0.0295405303743693,0.4792860576084656,0.1802134642901696,-0.8174577871191389,328505900,33.707873596411616,1,1,1
2010-06-11,VTRS,15.540185928344728,18.31999969482422,18.420000076293945,18.07999992370605,18.07999992370605,5761600,0.0169213685101732,-0.0212881766454734,0.4721431732177714,0.163996415578252,-0.7918113911094089,334267500,33.14447163481351,1,1,1
2010-06-14,VTRS,15.22632884979248,17.950000762939453,18.479999542236328,17.90999984741211,18.43000030517578,5793700,0.001114125323957,-0.0155989233840933,0.4871431078229611,0.1604596328319627,-0.7922101535756774,328473800,32.23141451214158,1,1,1
2010-06-15,VTRS,15.599564552307127,18.38999938964844,18.43000030517578,17.969999313354492,18.170000076293945,6215300,-0.017400745266166,-0.0619901809398719,0.4821431296212312,0.1448709694522747,-0.7483949328237394,334689100,40.45225275739038,0,0,0
2010-06-16,VTRS,15.183913230895996,17.899999618530273,18.229999542236328,17.510000228881836,18.020000457763672,21308700,-0.006145179069672,-0.0480446213033798,0.5042859486171165,0.1433813821116976,-0.7446263520637153,313380400,33.488360952202285,0,0,0
2010-06-17,VTRS,15.574115753173828,18.36000061035156,18.3799991607666,17.950000762939453,17.950000762939453,9091600,-0.0337691077681028,-0.0816993436892524,0.5007144383021751,0.1278083187922521,-0.6964927540914694,322472000,32.86385375913487,0,0,0
2010-06-18,VTRS,15.803145408630373,18.6299991607666,18.809999465942383,18.290000915527344,18.450000762939453,9233100,-0.0375737459540506,-0.093397737493326,0.507857186453682,0.1232689116204308,-0.6293056604437339,331705100,40.240941927406745,0,0,0
2010-06-21,VTRS,15.243292808532717,17.969999313354492,18.84000015258789,17.889999389648438,18.739999771118164,7348200,-0.0166944489996502,-0.0528658259260379,0.5364285877772732,0.1211652223618246,-0.6221441856079437,324356900,38.74707923245772,0,0,0
2010-06-22,VTRS,15.328116416931152,18.06999969482422,18.38999938964844,17.969999313354492,18.07999992370605,6115900,-0.0453790652281577,-0.034864370304724,0.5364285877772738,0.1199086784632026,-0.6014661428631349,330472800,39.99998266045798,0,0,0
2010-06-23,VTRS,15.090605735778809,17.790000915527344,18.34000015258789,17.649999618530273,18.34000015258789,6713400,-0.0421585138506311,0.0033726510879499,0.5550000326974052,0.1216392700190775,-0.600747167062675,323759400,38.4279435974042,0,0,0
2010-06-24,VTRS,15.048190116882324,17.739999771118164,17.860000610351562,17.649999618530273,17.790000915527344,5684700,-0.0496053648320388,-0.0073280249404652,0.5378571919032508,0.1195527319441049,-0.597326440652644,318074700,41.12148616435922,0,0,0
2010-06-25,VTRS,15.20936107635498,17.93000030517578,17.979999542236328,17.6200008392334,17.75,5055300,-0.0580033964208651,-0.0228666949488983,0.534999983651298,0.0989189754681339,-0.5726825076640907,323130000,44.31817886257807,0,0,0
2010-06-28,VTRS,14.988810539245604,17.670000076293945,18.030000686645508,17.59000015258789,17.90999984741211,3649000,-0.0367854904201337,0.0101867744424783,0.5099999564034603,0.0861757827277686,-0.5675890455734454,319481000,48.02955734451811,0,0,0
2010-06-29,VTRS,14.63254165649414,17.25,17.559999465942383,17.100000381469727,17.520000457763672,8878900,0.0110145237134851,0.0347826308098391,0.5199999128069202,0.0905559047667106,-0.5906344697301655,310602100,41.83908812041471,1,1,1
2010-06-30,VTRS,14.45440673828125,17.040000915527344,17.40999984741211,16.889999389648438,17.18000030517578,12276500,0.0475351773722199,0.0751172952185996,0.5307141712733685,0.0958447992387558,-0.6187111880475804,298325600,35.377347244395935,1,1,1
2010-07-01,VTRS,14.301722526550291,16.860000610351562,16.979999542236328,16.549999237060547,16.90999984741211,9867000,0.0444839841547526,0.0504150915391556,0.5414285659790045,0.1032257534935924,-0.6480167758823931,288458600,33.33333333333336,1,1,1
2010-07-02,VTRS,14.327168464660645,16.889999389648438,17.1299991607666,16.639999389648438,16.829999923706055,5558500,0.0373002422073116,0.0722321648780424,0.5357142857142863,0.1115034768384796,-0.6611991226935956,294017100,36.88116170834356,1,1,1
2010-07-06,VTRS,14.437444686889648,17.020000457763672,17.270000457763672,16.889999389648438,17.0,7359300,0.0487661516676076,0.0675675433372682,0.5285715375627795,0.1151693308671124,-0.6536216838761604,301376400,31.635400804052352,1,1,1
2010-07-07,VTRS,14.793710708618164,17.440000534057617,17.479999542236328,16.809999465942383,16.940000534057617,6787400,0.0235091648427099,0.0194954209963424,0.5135716029575895,0.116554563546049,-0.6067319843133951,308163800,43.71585923974956,1,1,1
2010-07-08,VTRS,15.141502380371094,17.850000381469727,17.920000076293945,17.219999313354492,17.219999313354492,8580900,0.0263304931826446,-0.0033613145467866,0.5292859758649556,0.1162680239027094,-0.5303741750696567,316744700,42.936282380689015,1,1,1
2010-07-09,VTRS,14.937920570373535,17.610000610351562,17.860000610351562,17.399999618530273,17.860000610351562,6173000,0.0056785048640095,0.0085178656065521,0.525000435965402,0.1136100511794635,-0.4836508113915982,310571700,35.754209886139805,1,1,1
2010-07-12,VTRS,14.861573219299316,17.520000457763672,17.670000076293945,17.420000076293945,17.59000015258789,2283800,0.0336758069162286,0.0433790073644122,0.4750003814697268,0.1101065350750869,-0.4487119966207409,308287900,42.52493652204825,1,1,1
2010-07-13,VTRS,15.141502380371094,17.850000381469727,17.950000762939453,17.6200008392334,17.6299991607666,5472800,0.0179271533885463,0.0134453650414096,0.4757146835327148,0.1096525777790038,-0.3898999740787516,313760700,46.60494862815117,1,1,1
2010-07-14,VTRS,15.141502380371094,17.850000381469727,17.989999771118164,17.68000030517578,17.780000686645508,5791100,-0.0039215514469617,0.0033613145467867,0.4485717500959124,0.1040641390692454,-0.3393788740919632,313760700,51.01350415267031,0,0,0
2010-07-15,VTRS,15.540185928344728,18.31999969482422,18.440000534057617,17.850000381469727,17.979999542236328,8011600,-0.0289300648540191,-0.0453056734460834,0.4757145472935268,0.1083691411911634,-0.2584364274633017,321772300,58.579882658528646,0,0,0
2010-07-16,VTRS,15.022745132446287,17.709999084472656,18.309999465942383,17.579999923706055,18.309999465942383,7222300,0.00282332845816,-0.0175042056447183,0.5028574807303292,0.1027513751984647,-0.2407358535519286,314550000,47.1052465148216,1,1,1
2010-07-19,VTRS,15.36204719543457,18.11000061035156,18.26000022888184,17.6200008392334,17.760000228881836,6516200,0.0093870828583395,-0.0176697782462417,0.5171431132725309,0.0928818171336043,-0.192215500376875,321066200,55.58376236569286,1,1,1
2010-07-20,VTRS,15.412946701049805,18.170000076293945,18.18000030517578,17.729999542236328,17.809999465942383,5134700,-0.0044028576428256,-0.0379747127771258,0.5085717609950476,0.0952393552609236,-0.1472242064423028,326200900,62.849163350561625,0,0,0
2010-07-21,VTRS,15.082120895385742,17.780000686645508,18.290000915527344,17.719999313354492,18.14999961853028,4404800,0.0073115385684008,-0.0022497701902446,0.512143271309989,0.0929541468501936,-0.1414079108650412,321796100,59.84042188925915,1,1,1
2010-07-22,VTRS,15.090605735778809,17.790000915527344,18.18000030517578,17.540000915527344,17.899999618530273,9553600,-0.0168634698690394,-0.008993914925608,0.5228573935372491,0.0929541468501936,-0.1344417589109134,331349700,62.95264993937926,0,0,0
2010-07-23,VTRS,15.065156936645508,17.760000228881836,17.920000076293945,17.56999969482422,17.799999237060547,6655500,-0.0202703043756788,-0.006193727980514,0.5128574371337893,0.0930206387194051,-0.1298450649024936,324694200,62.11699637922744,0,0,0
2010-07-26,VTRS,15.506251335144045,18.280000686645508,18.32999992370605,17.719999313354492,17.739999771118164,5994000,-0.0268052381133735,-0.0098468434581231,0.5292859758649554,0.0974223479113913,-0.0832824326252641,330688200,65.82914283879506,0,0,0
2010-07-27,VTRS,15.345085144042969,18.09000015258789,18.690000534057617,18.059999465942383,18.3799991607666,9123600,-0.0337203209069236,0.0005528042453004,0.5264289038521903,0.0998314534927185,-0.0610093880294613,321564600,58.666657172313855,0,0,0
2010-07-28,VTRS,15.192398071289062,17.90999984741211,18.290000915527344,17.899999618530273,18.100000381469727,5437900,-0.0094919083049858,-0.0212171504189884,0.5042860848563058,0.0980067074197571,-0.0572227319866094,316126700,50.85226456858458,0,0,0
2010-07-29,VTRS,14.836126327514648,17.489999771118164,18.26000022888184,17.260000228881836,17.90999984741211,14817500,0.0080045392498875,-0.0022869644769671,0.5428574425833569,0.0925975664371157,-0.0871081473612527,301309200,48.37836820771734,1,1,1
2010-07-30,VTRS,14.75978183746338,17.399999618530273,17.540000915527344,16.8700008392334,17.1200008392334,7971000,0.0143678164069476,0.0034482452447002,0.5728574480329244,0.0830992188697527,-0.1167094604981251,293338200,48.37836820771734,1,1,1
2010-08-02,VTRS,15.090605735778809,17.790000915527344,17.8700008392334,17.450000762939453,17.639999389648438,8328800,0.0174254890381602,-0.0207982473407551,0.5757146562848775,0.0702741547370437,-0.1074601355828264,301667000,49.20213561944377,1,1,1
2010-08-03,VTRS,14.827643394470217,17.479999542236328,17.950000762939453,17.399999618530273,17.489999771118164,5595700,0.0354691564914124,0.0268879423919592,0.5928576333182202,0.0604401379737848,-0.123718350848101,296071300,45.4545411942236,1,1,1
2010-08-04,VTRS,15.048190116882324,17.739999771118164,17.760000228881836,17.389999389648438,17.450000762939453,5024100,-0.0118376035615597,0.0016911323017236,0.5771433966500421,0.0574732824098083,-0.114305614055695,301095400,42.48705994549736,0,0,0
2010-08-05,VTRS,14.954880714416504,17.6299991607666,17.75,17.56999969482422,17.639999389648438,3606000,-0.0102097791489242,-0.0017015757643161,0.5371434347970148,0.0582704313995282,-0.1144033121061482,297489400,48.80952718846556,0,0,0
2010-08-06,VTRS,14.97184944152832,17.649999618530273,17.670000076293945,17.260000228881836,17.469999313354492,4954500,-0.0107649030121304,-0.0062322212680075,0.5207148960658482,0.0579429020622125,-0.111580636602067,302443900,42.28187618769052,0,0,0
2010-08-09,VTRS,15.353569984436035,18.100000381469727,18.14999961853028,17.81999969482422,17.90999984741211,5967600,-0.0375690768422274,-0.0303868029180958,0.5242862701416018,0.0573300714919687,-0.0722000677350145,308411500,48.96143088223475,0,0,0
2010-08-10,VTRS,15.353569984436035,18.100000381469727,18.239999771118164,17.860000610351562,18.020000457763672,4972400,-0.0082872715673442,-0.0414364632150963,0.5107146671840125,0.0586290332531452,-0.0405235528934753,308411500,55.36910947514756,0,0,0
2010-08-11,VTRS,14.870055198669434,17.530000686645508,17.8799991607666,17.43000030517578,17.81999969482422,5942300,0.0136908021515935,-0.0085568465489667,0.5128575733729773,0.0608282669653699,-0.0607140248652164,302469200,46.32768726868727,1,1,1
2010-08-12,VTRS,14.80219841003418,17.450000762939453,17.639999389648438,17.219999313354492,17.229999542236328,4477200,0.0085959663021244,-0.0275072451918967,0.5178575515747073,0.0585786131254255,-0.0822226332884028,297992000,45.68246575677254,1,1,1
2010-08-13,VTRS,14.810676574707031,17.459999084472656,17.56999969482422,17.25,17.31999969482422,3134600,0.0045820066007811,-0.0068727914190718,0.4971432004656115,0.060808890197384,-0.0973395101553364,301126600,36.68830183631624,1,1,1
2010-08-16,VTRS,14.776747703552246,17.420000076293945,17.520000457763672,17.239999771118164,17.31999969482422,3401000,0.0074626383580509,-0.0223880245660371,0.4721431732177739,0.0610204452325685,-0.1112647390065824,297725600,38.56656023278749,1,1,1
2010-08-17,VTRS,15.22632884979248,17.950000762939453,18.010000228881836,17.530000686645508,17.639999389648438,6990000,-0.0334262036750727,-0.0440111911949565,0.4864288057599754,0.0581063402491552,-0.0786275873028579,304715600,50.60976957153307,0,0,0
2010-08-18,VTRS,15.07363986968994,17.770000457763672,18.010000228881836,17.700000762939453,18.0,3924100,-0.0219471742797102,-0.0180078608092781,0.4371430533272882,0.0580925538266287,-0.0665201271239013,300791500,54.60527017505554,0,0,0
2010-08-19,VTRS,14.929438591003418,17.600000381469727,17.799999237060547,17.43000030517578,17.739999771118164,4550300,-0.0357955144579732,-0.0090909002241026,0.4157144001552039,0.0584534237168631,-0.0698374207949044,296241200,53.20513761019208,0,0,0
2010-08-20,VTRS,14.878538131713867,17.540000915527344,17.65999984741211,17.209999084472656,17.559999465942383,4603500,-0.0114025514538258,0.0142531349458874,0.4142857960292274,0.059199420498887,-0.0764268541930057,291637700,45.51971473183644,0,0,0
2010-08-23,VTRS,14.8870210647583,17.549999237060547,17.809999465942383,17.489999771118164,17.559999465942383,4189000,-0.0296295483202615,0.0056980276818789,0.397857121058873,0.0521412520710606,-0.0799209674829661,295826700,51.405617567844985,0,0,0
2010-08-24,VTRS,14.717370986938477,17.350000381469727,17.540000915527344,17.18000030517578,17.43000030517578,4770700,-0.0109510391861744,0.0126800754188718,0.3978569848196849,0.0501714641701425,-0.0977020650366675,291056000,41.9753096110102,0,0,0
2010-08-25,VTRS,14.742815971374512,17.3799991607666,17.440000534057617,17.190000534057617,17.25,4602200,0.0040277103310149,0.0184120608529843,0.4028569630214149,0.0498991560947263,-0.1081266455119092,295658200,44.68083897558101,1,1,1
2010-08-26,VTRS,14.395028114318848,16.969999313354492,17.389999389648438,16.969999313354492,17.3799991607666,5240300,0.0276960070548299,0.0548026130115351,0.4035712650844031,0.0592284910950119,-0.1477683799169824,290417900,37.59120835671117,1,1,1
2010-08-27,VTRS,14.708888053894045,17.34000015258789,17.469999313354492,16.979999542236328,17.190000534057617,4687700,0.0259516008638727,0.0351788122827971,0.4035712650844029,0.0598158427833863,-0.147627012233773,295105600,35.714249861788616,1,1,1
2010-08-30,VTRS,14.44592571258545,17.030000686645508,17.299999237060547,17.020000457763672,17.25,2191200,0.0364062775623346,0.0581326912038526,0.3992855889456613,0.0650302070916078,-0.1705631970900931,292914400,31.98649825448324,1,1,1
2010-08-31,VTRS,14.556198120117188,17.15999984741211,17.299999237060547,16.969999313354492,16.969999313354492,5380200,0.0238927652131617,0.0501165861304631,0.3749998637608119,0.0678940646379668,-0.1762190989295931,298294600,42.68771038377016,1,1,1
2010-09-01,VTRS,14.80219841003418,17.450000762939453,17.510000228881836,17.25,17.31999969482422,4733400,0.014326646938088,0.0401145458444616,0.369999885559082,0.0672094285478013,-0.1555081900275325,303028000,50.0,1,1,1
2010-09-02,VTRS,14.793710708618164,17.440000534057617,17.649999618530273,17.34000015258789,17.420000076293945,3585600,0.0263760934854531,0.0435779934408644,0.3692855834960937,0.0671112422304721,-0.1383072603993724,299442400,49.635062410070816,1,1,1
2010-09-03,VTRS,15.090605735778809,17.790000915527344,17.829999923706055,17.450000762939453,17.56999969482422,3168900,0.008993807710963,0.034288851692555,0.3771426337105887,0.0681877891272303,-0.0953343391159151,302611300,56.06559283886892,1,1,1
2010-09-07,VTRS,14.97184944152832,17.649999618530273,17.780000686645508,17.59000015258789,17.780000686645508,3371600,0.0209632208062455,0.0368271746503527,0.349285534449986,0.0616261479225545,-0.071747859362361,299239700,44.36087637718207,1,1,1
2010-09-08,VTRS,14.903987884521484,17.56999969482422,17.829999923706055,17.469999313354492,17.729999542236328,6663200,0.0256118822285473,0.0455322230110706,0.3528570447649274,0.0532163045596725,-0.0588325445307198,292576500,46.09373137353074,1,1,1
2010-09-09,VTRS,15.014263153076172,17.700000762939453,17.780000686645508,17.56999969482422,17.75,4161700,0.025423663061814,0.0423728795294948,0.3414286204746791,0.0543556671380113,-0.0376727962000913,296738200,51.984135694309366,1,1,1
2010-09-10,VTRS,15.183913230895996,17.899999618530273,17.950000762939453,17.75,17.81999969482422,5181400,0.0167598408269582,0.0569832670112326,0.3271428516932896,0.0581585956870626,-0.0047110015212687,301919600,56.76689815395757,1,1,1
2010-09-13,VTRS,15.22632884979248,17.950000762939453,18.049999237060547,17.84000015258789,18.0,4112100,0.0250695730620755,0.0389971490717748,0.3192856652396066,0.0621484146698508,0.0251561482970181,306031700,57.407433571304445,1,1,1
2010-09-14,VTRS,15.285706520080566,18.020000457763672,18.1200008392334,17.860000610351562,17.8799991607666,3732200,0.0155382226517226,0.0432851697826024,0.3114286150251116,0.0663954965988461,0.0538536783879557,309763900,63.03501281336716,1,1,1
2010-09-15,VTRS,15.285706520080566,18.020000457763672,18.11000061035156,17.889999389648438,17.950000762939453,6652600,0.0194228841608565,0.0432851697826024,0.3092858450753346,0.06754249756156,0.0757237811271487,309763900,62.59843672678312,1,1,1
2010-09-16,VTRS,15.39597988128662,18.14999961853028,18.18000030517578,17.889999389648438,18.0,6451600,0.0165289890200817,0.0363636287208666,0.300000190734863,0.0729554318630388,0.1023658313557298,316215500,76.1061767654774,1,1,1
2010-09-17,VTRS,15.438395500183104,18.200000762939453,18.299999237060547,18.040000915527344,18.11000061035156,5207800,0.0395604001743024,0.038461473969618,0.2828572137015204,0.0790882898406771,0.1260613656317843,321423300,72.16493629070317,1,1,1
2010-09-20,VTRS,15.60804557800293,18.39999961853028,18.43000030517578,18.209999084472656,18.25,3816400,0.0135869568034245,0.0152174289375268,0.2764286313738139,0.0879109832707268,0.1591439708167676,325239700,87.43162735239432,1,1,1
2010-09-21,VTRS,15.52322006225586,18.299999237060547,18.450000762939453,18.15999984741211,18.40999984741211,6014800,0.0273224055106744,0.0300547085977651,0.2735715593610489,0.0931373389664485,0.1752725459206239,319224900,81.66659602424436,1,1,1
2010-09-22,VTRS,15.582598686218262,18.3700008392334,18.420000076293945,18.020000457763672,18.299999237060547,7096000,0.0234076417083655,0.022863367289398,0.2771429334368022,0.0968603387986924,0.1914956593984484,326320900,79.11385757933874,1,1,1
2010-09-23,VTRS,15.650458335876465,18.450000762939453,18.799999237060547,18.40999984741211,18.540000915527344,10974600,0.0195121240171469,0.0092140958950757,0.2857142857142855,0.1006477663745251,0.2084055495197532,337295500,80.60600385861592,1,1,1
2010-09-24,VTRS,16.049142837524414,18.920000076293945,18.96999931335449,18.56999969482422,18.65999984741211,7392300,-0.0010571066428656,-0.0169133030409004,0.2949999400547567,0.1050063001026289,0.2567718696314536,344687800,81.92083759433,0,0,0
2010-09-27,VTRS,15.820110321044922,18.64999961853028,18.93000030517578,18.63999938964844,18.8700008392334,6200900,0.0016086159388279,-0.0134048260114496,0.301428522382463,0.1068291232398093,0.2702010369670908,338486900,76.31576833964435,1,1,1
2010-09-28,VTRS,15.94735050201416,18.799999237060547,18.89999961853028,18.38999938964844,18.75,6227500,0.0026596354488468,-0.0037233881736669,0.312142780848911,0.1027585108852285,0.2896090318054902,344714400,81.21824314904032,1,1,1
2010-09-29,VTRS,15.94735050201416,18.799999237060547,18.950000762939453,18.71999931335449,18.71999931335449,4775100,-0.0005318256350507,0.0069149507122832,0.3135713849748879,0.0980889989201162,0.3015143379403575,344714400,79.89126040489691,0,0,0
2010-09-30,VTRS,15.95583438873291,18.809999465942383,18.989999771118164,18.71999931335449,18.84000015258789,6974000,-0.010100937379238,0.0069112744181951,0.3149999891008647,0.0966911823943504,0.3082035352167622,351688400,77.57572745053614,0,0,0
2010-10-01,VTRS,16.032180786132812,18.89999961853028,18.96999931335449,18.6299991607666,18.850000381469727,7545300,-0.0158729758262227,0.0216931140575329,0.324285779680524,0.0940616632515327,0.3171115676458385,359233700,78.10646613554366,0,0,0
2010-10-04,VTRS,15.845561981201172,18.68000030517578,18.989999771118164,18.600000381469727,18.89999961853028,7218100,-0.0149893298753278,0.0139186415757068,0.3335714340209956,0.0925859094330688,0.302927185519021,352015600,67.9347769749867,0,0,0
2010-10-05,VTRS,15.989765167236328,18.850000381469727,18.920000076293945,18.68000030517578,18.8799991607666,11042900,-0.0063660921381923,-0.0010610322206325,0.3349999019077843,0.0894031344326022,0.3019231636081372,363058500,70.64676192021582,0,0,0
2010-10-06,VTRS,15.938870429992676,18.790000915527344,18.959999084472656,18.63999938964844,18.799999237060547,4532300,0.0074507388412496,0.010111687996352,0.3371426718575608,0.0816201604640123,0.2929095347582446,358526200,66.4948742477526,1,1,1
2010-10-07,VTRS,15.79466438293457,18.6200008392334,18.86000061035156,18.530000686645508,18.790000915527344,3801500,0.0171858045328312,0.0295380887363692,0.3421427862984786,0.0731625023278723,0.2689483147896254,354724700,60.19417925193023,1,1,1
2010-10-08,VTRS,15.777697563171388,18.600000381469727,18.690000534057617,18.46999931335449,18.59000015258789,6594500,0.0381719930059782,0.0419354173817088,0.3414286204746786,0.0672836458525229,0.245514863029193,348130200,55.31916620504788,1,1,1
2010-10-11,VTRS,15.60804557800293,18.39999961853028,18.600000381469727,18.32999992370605,18.56999969482422,3527400,0.0293478764523187,0.0679347840171229,0.3400000163487023,0.0614994041290378,0.2084029540589895,344602800,52.52526030954907,1,1,1
2010-10-12,VTRS,15.887974739074709,18.729999542236328,18.799999237060547,18.450000762939453,18.600000381469727,9444400,0.0053390487941133,0.0464495921247376,0.3400000163487021,0.0563681440057151,0.2032764899015227,354047200,58.03568615596837,1,1,1
2010-10-13,VTRS,16.05762481689453,18.93000030517578,19.030000686645508,18.700000762939453,18.86000061035156,8399500,0.0026412697440303,0.0697305691254166,0.3328572681971953,0.0515638179963464,0.212897964999513,362446700,60.16947919697413,1,1,1
2010-10-14,VTRS,16.066110610961914,18.940000534057617,18.989999771118164,18.82999992370605,18.84000015258789,4728800,0.0121435868928696,0.0823653337885188,0.307143075125558,0.0480894183648803,0.2188077091608846,367175500,50.52632741319564,1,1,1
2010-10-15,VTRS,16.37996482849121,19.309999465942383,19.32999992370605,18.89999961853028,19.11000061035156,7680600,0.0036250490295288,0.0523045187372068,0.3171430315290176,0.0515286581407982,0.2504598997606209,374856100,66.49999618530268,1,1,1
2010-10-18,VTRS,16.066110610961914,18.940000534057617,19.36000061035156,18.59000015258789,19.309999465942383,11646000,0.0374867510270631,0.06546989103239,0.3357144764491485,0.0500976732878758,0.2428887964076622,363210100,53.1531833400778,1,1,1
2010-10-19,VTRS,15.972800254821776,18.82999992370605,19.020000457763672,18.700000762939453,18.89999961853028,5724500,0.0408922177845727,0.0706319664946812,0.3421429225376666,0.0452834858108916,0.2254140793206573,357485600,50.64379157999683,1,1,1
2010-10-20,VTRS,16.100040435791016,18.979999542236328,19.239999771118164,18.799999237060547,18.88999938964844,5731300,0.066912565247303,0.0621707235845774,0.354285785130091,0.0418381941545224,0.2211200217783187,363216900,53.44129804763121,1,1,1
2010-10-21,VTRS,16.261207580566406,19.170000076293945,19.350000381469727,18.809999465942383,19.01000022888184,7421200,0.0693792341373416,0.0558163636184543,0.3685715539114808,0.0415828493869538,0.2303925831525539,370638100,55.25292781760691,1,1,1
2010-10-22,VTRS,16.439340591430664,19.3799991607666,19.459999084472656,19.06999969482422,19.21999931335449,4869200,0.0485036416286632,0.0392156997829187,0.3685715539114808,0.0485631683873285,0.2517839176555156,375507300,63.67185550042953,1,1,1
2010-10-25,VTRS,16.668373107910156,19.64999961853028,19.799999237060547,19.479999542236328,19.540000915527344,6149800,0.0269720456455226,0.0173028070833782,0.3814287185668937,0.0596016160358182,0.2872126758751037,381657100,65.03758050660909,1,1,1
2010-10-26,VTRS,16.625965118408203,19.600000381469727,19.770000457763672,19.450000762939453,19.64999961853028,8796200,0.028571400767513,-0.0061224916784619,0.381428718566894,0.0672032228383668,0.3077086279240788,372860900,65.28301099136795,1,1,1
2010-10-27,VTRS,17.17733383178711,20.25,20.26000022888184,19.14999961853028,19.170000076293945,11328500,-0.0044444519796489,-0.037037037037037,0.4371430533272877,0.0892555059145739,0.3721118804044785,384189400,76.03833223340828,0,0,0
2010-10-28,VTRS,17.3893985748291,20.5,20.549999237060547,20.11000061035156,20.209999084472656,9738700,-0.0126829379942359,-0.0502439359339274,0.4528571537562776,0.1109206900266657,0.4382726978132822,393928100,78.27381476118106,0,0,0
2010-10-29,VTRS,17.236711502075195,20.31999969482422,20.540000915527344,20.26000022888184,20.43000030517578,6183900,-0.0088582828680664,-0.0526574660873032,0.4535714558192654,0.1230021168013613,0.4707545367057264,387744200,78.74253121286293,0,0,0
2010-11-01,VTRS,17.117956161499023,20.18000030517578,20.459999084472656,20.1299991607666,20.3700008392334,5463100,-0.0094152889585876,-0.0465807988028882,0.4485714776175357,0.1281813392663125,0.4796705043366174,382281100,73.01590184958445,0,0,0
2010-11-02,VTRS,17.100994110107422,20.15999984741211,20.56999969482422,20.07999992370605,20.420000076293945,7166800,-0.0337301741231447,-0.0595238478185551,0.4600000381469724,0.132576085977636,0.4795941404157204,375114300,70.7070810861492,0,0,0
2010-11-03,VTRS,17.100994110107422,20.15999984741211,20.280000686645508,19.950000762939453,20.15999984741211,5831800,-0.0327380879170409,-0.0570436323032954,0.4721429007393968,0.134877566613312,0.4740688508433273,375114300,70.60811616279742,0,0,0
2010-11-04,VTRS,17.168851852416992,20.239999771118164,20.3799991607666,20.030000686645508,20.299999237060547,5606900,-0.0380435013078627,-0.0489130327229975,0.466428484235491,0.1344944385943985,0.4707191865356037,380721200,67.41574799549656,0,0,0
2010-11-05,VTRS,17.08402442932129,20.13999938964844,20.32999992370605,20.040000915527344,20.31999969482422,2377400,-0.0441906363763785,-0.0143991567511053,0.4321426664079938,0.1307465702295824,0.4547532460458043,378343800,74.99998013178188,0,0,0
2010-11-08,VTRS,16.956783294677734,19.989999771118164,20.18000030517578,19.8799991607666,20.030000686645508,2636600,-0.0375187598092727,0.0075037328788267,0.4307141985212053,0.1200432854806283,0.425096163602138,375707200,73.77050205509111,0,0,0
2010-11-09,VTRS,16.524169921875,19.479999542236328,20.049999237060547,19.350000381469727,20.040000915527344,9045900,-0.026694069300988,0.0338808964538785,0.4492855072021484,0.1126850779078521,0.356332378032036,366661300,58.92857386141471,0,0,0
2010-11-10,VTRS,16.5411376953125,19.5,19.600000381469727,19.32999992370605,19.5,5938800,-0.0251281933906748,0.0523077157827525,0.4299997602190292,0.1076397330732,0.2999923275291216,372600100,56.273764810059184,0,0,0
2010-11-11,VTRS,16.515687942504883,19.46999931335449,19.57999992370605,19.299999237060547,19.43000030517578,5488900,-0.0112994001598958,0.0441705516528543,0.422142710004534,0.1023552025401074,0.2500393291687395,367111200,51.83673723594898,0,0,0
2010-11-12,VTRS,16.329065322875977,19.25,19.520000457763672,19.07999992370605,19.40999984741211,5463200,0.0311688509854404,0.041039008598823,0.4235713141305108,0.1028896873909854,0.1905031108220001,361648000,41.66667328940596,1,1,1
2010-11-15,VTRS,16.320587158203125,19.239999771118164,19.51000022888184,19.14999961853028,19.450000762939453,6984000,0.0467775275071102,0.0171517633904252,0.426428522382464,0.0989779275627699,0.1408892108295987,354664000,42.37287039731032,1,1,1
2010-11-16,VTRS,16.083070755004883,18.959999084472656,19.25,18.950000762939453,19.06999969482422,9959900,0.0622363060208241,0.043249031738846,0.3685712814331057,0.0966708929225509,0.0780761094982516,344704100,17.587944033262602,1,1,1
2010-11-17,VTRS,16.1254825592041,19.01000022888184,19.18000030517578,18.81999969482422,18.88999938964844,10558200,0.0794318890426784,0.0384008171197829,0.3628571374075753,0.096192595482024,0.0319625047670371,355262300,8.379960297375618,1,1,1
2010-11-18,VTRS,16.329065322875977,19.25,19.450000762939453,19.200000762939453,19.350000381469727,10799000,0.056103892140574,0.0337662139496248,0.3742856979370117,0.0952728391776001,0.0146146479897026,366061300,21.08112510748154,1,1,1
2010-11-19,VTRS,16.838024139404297,19.850000381469727,19.850000381469727,18.989999771118164,19.200000762939453,26398100,0.0095718151338166,0.0156171012586867,0.4121428898402622,0.0938014065164861,0.0487197519083011,392459400,42.8571546527268,1,1,1
2010-11-22,VTRS,17.08402442932129,20.13999938964844,20.18000030517578,19.6299991607666,19.75,9886800,-0.0283018724974336,-0.00049653570928,0.4164287022181917,0.0949883397252399,0.098018888087747,402346200,49.6123945044742,0,0,0
2010-11-23,VTRS,17.08402442932129,20.13999938964844,20.13999938964844,19.75,19.920000076293945,15771400,-0.0178748120115617,-0.0029791195511768,0.4207143783569336,0.0956906556375327,0.1355265430649446,402346200,49.6123945044742,0,0,0
2010-11-24,VTRS,17.406360626220703,20.520000457763672,20.6299991607666,20.25,20.280000686645508,34482700,-0.0380117285207173,-0.0199804989408268,0.4307144709995812,0.0988290468452773,0.1936818959244775,436828900,54.86111800978971,0,0,0
2010-11-26,VTRS,17.245195388793945,20.32999992370605,20.43000030517578,20.170000076293945,20.3799991607666,3819900,-0.021151023452507,-0.0093458206970309,0.4350002833775112,0.0967675184033074,0.2218812677166717,433009000,53.19865882064314,0,0,0
2010-11-29,VTRS,16.99920082092285,20.040000915527344,20.6299991607666,19.700000762939453,20.18000030517578,8791100,0.0059879703793719,-0.0099800775350508,0.4800000871930803,0.0946251570779533,0.2183124071553699,424217900,50.80387626898378,1,1,1
2010-11-30,VTRS,16.600513458251953,19.56999969482422,19.940000534057617,19.489999771118164,19.81999969482422,7807800,0.0286152005454802,0.0567195006469587,0.4692859649658203,0.0936081673504528,0.1755354257802501,416410100,51.4657988550951,1,1,1
2010-12-01,VTRS,16.77864646911621,19.780000686645508,20.07999992370605,19.63999938964844,19.75,7137800,0.0151667960892989,0.054095028194141,0.4864288057599744,0.0919566035546449,0.1567725089418381,423547900,54.29448373226709,1,1,1
2010-12-02,VTRS,16.74471664428711,19.739999771118164,19.790000915527344,19.600000381469727,19.739999771118164,5862400,0.0187437104115242,0.0805471211258186,0.4800002234322681,0.0900882440040205,0.1370946804486834,417685500,54.128441972347616,1,1,1
2010-12-03,VTRS,16.88043975830078,19.89999961853028,19.93000030517578,19.520000457763672,19.739999771118164,4786100,0.0120602902371256,0.0753768858670351,0.477857317243303,0.087435297613486,0.1328787664034578,422471600,60.12458948987121,1,1,1
2010-12-06,VTRS,17.100994110107422,20.15999984741211,20.229999542236328,19.71999931335449,19.82999992370605,6615400,-0.0158730008554686,0.0515873473908208,0.4885715757097514,0.0876351823151832,0.1488021709067091,429087000,63.294780321702014,0,0,0
2010-12-07,VTRS,17.075538635253906,20.1299991607666,20.43000030517578,20.049999237060547,20.350000381469727,5802300,0.0273224623616046,0.0536512652127167,0.4942859922136576,0.0887161048595142,0.157188804321791,423284700,68.22427296554241,1,1,1
2010-12-08,VTRS,17.03312873840332,20.07999992370605,20.25,19.96999931335449,20.1299991607666,4145700,0.0383466364885105,0.0662350562131171,0.4885717119489397,0.0891627438820485,0.1579796599746856,419139000,66.66664686036427,1,1,1
2010-12-09,VTRS,17.05858039855957,20.11000061035156,20.229999542236328,20.0,20.170000076293945,7263200,0.0606662991708961,0.0646444155944669,0.4735716411045622,0.0895385134512798,0.1591921553898458,426402200,64.3333252800937,1,1,1
2010-12-10,VTRS,17.08402442932129,20.13999938964844,20.209999084472656,19.96999931335449,20.209999084472656,5483200,0.0625620788017229,0.0635551502202824,0.4292858668736054,0.0894596418406753,0.1607210255833564,431885400,55.96705234843072,1,1,1
2010-12-13,VTRS,16.829545974731445,19.84000015258789,20.200000762939453,19.790000915527344,20.1299991607666,4257100,0.0685484173332613,0.0715725839401633,0.4192857742309575,0.0853932973525683,0.136155716646563,427628300,43.85248080146079,1,1,1
2010-12-14,VTRS,17.542085647583008,20.68000030517578,20.71999931335449,19.89999961853028,19.96999931335449,10633700,0.025628567286057,0.0251450894627658,0.4542857578822544,0.0876895344839401,0.1823663190632487,438262000,58.23171476321557,1,1,1
2010-12-15,VTRS,17.68629264831543,20.850000381469727,20.950000762939453,20.6299991607666,20.6299991607666,6442400,0.0268584870837738,0.0153477069050136,0.4421430315290181,0.0846069265011659,0.23005421799364,444704400,55.37458878641121,1,1,1
2010-12-16,VTRS,18.09346008300781,21.32999992370605,21.36000061035156,20.729999542236328,20.920000076293945,6499300,0.0037505824656449,-0.0093765008745813,0.4621430805751255,0.0893479042680259,0.3030853932543209,451203700,64.88094967779435,1,1,1
2010-12-17,VTRS,18.152835845947266,21.39999961853028,21.459999084472656,21.13999938964844,21.290000915527344,13627300,0.0009346008467379,0.0121495436222671,0.4185717446463446,0.0953592142509679,0.3624336071538891,464831000,71.65602135743632,1,1,1
2010-12-20,VTRS,17.983184814453125,21.200000762939453,21.479999542236328,21.01000022888184,21.479999542236328,4459000,0.0028301633859972,0.0165093613927098,0.4128573281424381,0.1018223312323989,0.3888468733567976,460372000,78.39724172030927,1,1,1
2010-12-21,VTRS,17.99166488647461,21.209999084472656,21.34000015258789,21.06999969482422,21.280000686645508,4926200,-0.0004713966037143,0.0226309038332943,0.3957144873482838,0.1083303159769474,0.4059073112921361,465298200,76.77903370868367,0,0,0
2010-12-22,VTRS,18.16132164001465,21.40999984741211,21.489999771118164,21.209999084472656,21.209999084472656,4189700,-0.0112097044758817,0.0490424682178343,0.4021430696759903,0.1163710871549437,0.4306025037404417,469487900,79.50534226845375,0,0,0
2010-12-23,VTRS,18.16132164001465,21.40999984741211,21.420000076293945,21.26000022888184,21.38999938964844,2472400,-0.0130780330986014,0.0425034962119397,0.3842859268188471,0.1235204249921652,0.445043437952183,469487900,78.27719743657674,0,0,0
2010-12-27,VTRS,18.169801712036133,21.420000076293945,21.489999771118164,21.170000076293945,21.350000381469727,2124900,0.0112044710673824,0.0466853406367036,0.3707144601004457,0.1294587614830262,0.4520835791633288,471612800,76.03310279600379,1,1,1
2010-12-28,VTRS,18.03407859802246,21.26000022888184,21.479999542236328,21.239999771118164,21.39999961853028,2403500,0.0136405929001233,0.0625587915986585,0.3607143674577978,0.130839236201207,0.4396838891031365,469209300,72.15692346357173,1,1,1
2010-12-29,VTRS,17.983184814453125,21.200000762939453,21.3700008392334,21.13999938964844,21.32999992370605,2282600,0.0231131959190658,0.0660377154786553,0.3571429933820439,0.1246511744522724,0.4201721074240687,466926700,71.87505355113893,1,1,1
2010-12-30,VTRS,17.957738876342773,21.170000076293945,21.26000022888184,21.100000381469727,21.200000762939453,1555900,0.0609352387118431,0.0736891573131954,0.3521430151803142,0.1195153822367679,0.3977035956932582,465370800,70.70314973829784,1,1,1
2010-12-31,VTRS,17.92380142211914,21.1299991607666,21.209999084472656,20.940000534057617,21.11000061035156,2059700,0.0563180587468818,0.0790345547857256,0.3542857851300908,0.1117296307108714,0.3723768699282672,463311100,69.26071251778386,1,1,1
2011-01-03,VTRS,18.37338256835937,21.65999984741211,21.76000022888184,21.200000762939453,21.200000762939453,5724400,0.0350877301124561,0.100184676434945,0.3700001580374571,0.1093428888569546,0.390569639617695,469035500,82.50000340598055,1,1,1
2011-01-04,VTRS,18.280075073242188,21.549999237060547,21.670000076293945,21.39999961853028,21.63999938964844,5327500,0.0482599049812868,0.0677494683763357,0.3264288221086764,0.1073596968362545,0.3915973205757552,463708000,71.0144700518577,1,1,1
2011-01-05,VTRS,18.39883041381836,21.690000534057617,21.729999542236328,21.299999237060547,21.3799991607666,7115200,0.041954809820462,0.07929918261891,0.3342858723231714,0.1046158324013167,0.3991080308238501,470823200,70.58822979426816,1,1,1
2011-01-06,VTRS,19.05199432373047,22.459999084472656,22.5,21.76000022888184,21.809999465942383,12037400,0.0120213921981116,0.024488030580082,0.3471429007393966,0.1108956152546031,0.4618686365405189,482860600,74.2489098233369,1,1,1
2011-01-07,VTRS,18.933238983154297,22.31999969482422,22.540000915527344,22.11000061035156,22.459999084472656,4798300,0.0215053561289984,0.0537634757771847,0.3550000871930801,0.1104522168595208,0.4946085485512483,478062300,69.16667130258412,1,1,1
2011-01-10,VTRS,19.01806259155273,22.420000076293945,22.549999237060547,22.07999992370605,22.170000076293945,4716400,0.0628902695189099,0.0615521479068039,0.3550000871930806,0.108271870210168,0.522600150516773,482778700,76.52171100697177,1,1,1
2011-01-11,VTRS,19.16227149963379,22.59000015258789,22.71999931335449,22.39999961853028,22.440000534057617,3978600,0.0185923007285075,0.0606462559818894,0.3585714612688334,0.096682181907243,0.5521365951739838,486757300,78.04876914130645,1,1,1
2011-01-12,VTRS,19.170753479003903,22.600000381469727,22.790000915527344,22.39999961853028,22.709999084472656,6329200,0.0358406837287719,0.048672582429319,0.3664286477225162,0.0987482081660297,0.5697832684182274,493086500,76.21143819818761,1,1,1
2011-01-13,VTRS,19.28102302551269,22.729999542236328,22.82999992370605,22.520000457763672,22.530000686645508,3333700,0.0123185522342497,0.007919063299641,0.3771429061889643,0.1024225285999942,0.5874860563668314,496420200,77.49997615815725,1,1,1
2011-01-14,VTRS,19.34040260314941,22.799999237060547,22.799999237060547,22.600000381469727,22.6299991607666,2259300,0.0315790019647364,0.0157895009823683,0.368571417672293,0.1095779609630184,0.6002447854707533,498679500,78.04875212153682,1,1,1
2011-01-18,VTRS,20.21411895751953,23.82999992370605,24.06999969482422,22.89999961853028,22.90999984741211,11400200,-0.0012589461494567,-0.0121694926188488,0.4421428952898293,0.1346741777966452,0.6855658412763646,510079700,88.58856278782036,0,0,0
2011-01-19,VTRS,19.518539428710938,23.01000022888184,23.65999984741211,22.90999984741211,23.6200008392334,8075100,0.0412863470726259,0.0056496809853756,0.4914285114833281,0.1375741441100114,0.6791870251121424,502004600,72.1271216911133,1,1,1
2011-01-20,VTRS,19.857845306396484,23.40999984741211,23.59000015258789,22.940000534057617,22.940000534057617,7295000,0.0123879076214261,0.0059803242443812,0.5264284951346253,0.1436063391686158,0.6983581555202285,509299600,75.11209947291339,1,1,1
2011-01-21,VTRS,19.518539428710938,23.01000022888184,23.459999084472656,22.96999931335449,23.290000915527344,6367400,-0.0043459530845293,0.0060842845830446,0.5421428680419916,0.1442922277011926,0.6735109729598179,502932200,69.5020870035948,0,0,0
2011-01-24,VTRS,19.951152801513672,23.520000457763672,23.559999465942383,23.0,23.030000686645508,4497400,-0.0153061481014015,-0.008503433632946,0.5371427536010734,0.1489230993240123,0.6870522473550835,507429600,69.37500943740368,0,0,0
2011-01-25,VTRS,20.18866539001465,23.799999237060547,23.850000381469727,23.32999992370605,23.51000022888184,6556000,-0.0109242995742765,-0.0336134143993926,0.5549998964582168,0.1546814007525427,0.7121679376388172,513985600,72.63582670366245,0,0,0
2011-01-26,VTRS,20.32439041137696,23.959999084472656,24.170000076293945,23.76000022888184,23.81999969482422,7739300,-0.0342236947477856,-0.0267111608557276,0.55357129233224,0.1574292929380908,0.7364931194194746,521724900,72.74549488856918,0,0,0
2011-01-27,VTRS,20.10384559631348,23.700000762939453,24.06999969482422,23.5,24.0,5460000,-0.0063291781033808,-0.0118143745836225,0.5364284515380854,0.1526463517214591,0.7264176194453249,516264900,63.83931764537593,0,0,0
2011-01-28,VTRS,19.4337158203125,22.90999984741211,23.850000381469727,22.8799991607666,23.76000022888184,4806500,0.0104757648501372,0.0192056105189071,0.574999945504324,0.1396875946889171,0.6472254296862445,511458400,55.75049189543712,1,1,1
2011-01-31,VTRS,19.64578056335449,23.15999984741211,23.270000457763672,22.790000915527344,22.90999984741211,3668200,0.0069084563241044,0.0090674003974466,0.575714247567312,0.1234166629199631,0.5977474983401123,515126600,57.00757774166178,1,1,1
2011-02-01,VTRS,19.96811485290528,23.540000915527344,23.799999237060547,23.25,23.25,5701000,-0.0229397151455142,-0.0084962088003798,0.5985713686261853,0.115645773397168,0.5824842755300814,520827600,58.652105032761966,0,0,0
2011-02-02,VTRS,19.62881851196289,23.13999938964844,23.59000015258789,23.100000381469727,23.420000076293945,4742000,0.0077787515092286,0.0086430755494713,0.6057141167776923,0.1009296344320776,0.5319789590073256,516085600,54.59182895621634,1,1,1
2011-02-03,VTRS,19.976606369018555,23.549999237060547,23.549999237060547,22.89999961853028,23.07999992370605,2767300,-0.0055201343939758,0.0025478290970213,0.6299998419625416,0.0869719997204474,0.5190533688299759,518852900,56.65584184363831,0,0,0
2011-02-04,VTRS,19.637296676635746,23.14999961853028,23.57999992370605,23.020000457763672,23.540000915527344,3841900,0.0086393419539998,0.0082073666172126,0.6557141712733673,0.0827734155876363,0.471102542354366,515011000,52.69645912028615,1,1,1
2011-02-07,VTRS,19.78150177001953,23.31999969482422,23.39999961853028,23.020000457763672,23.200000762939453,4588300,0.0021441314349706,-0.0201543447472174,0.592142650059291,0.0757961556163211,0.4417268007190991,519599300,45.47069000972647,1,1,1
2011-02-08,VTRS,19.51005744934082,23.0,23.34000015258789,22.96999931335449,23.31999969482422,5390300,0.0147826153299082,-0.0234783006751019,0.5528569902692525,0.0696472463950245,0.3881506536887507,514209000,49.90253186629815,1,1,1
2011-02-09,VTRS,19.78150177001953,23.31999969482422,23.32999992370605,23.0,23.09000015258789,3365500,0.0008576525739882,-0.0510291830887859,0.5299998692103794,0.06472358294842,0.3672787118282876,517574500,49.10890924569448,1,1,1
2011-02-10,VTRS,19.866331100463867,23.420000076293945,23.450000762939453,23.059999465942383,23.299999237060547,2548000,0.0081127469444346,-0.0345858011658283,0.5228571210588725,0.0590771663455194,0.3547177768488296,520122500,54.31578786749587,1,1,1
2011-02-11,VTRS,19.80694961547852,23.350000381469727,23.520000457763672,23.270000457763672,23.32999992370605,4070300,-0.0004282753198484,-0.020556725241737,0.5007143020629881,0.0543497411430934,0.335250199407735,516052200,48.02784109792488,0,0,0
2011-02-14,VTRS,19.823917388916016,23.3700008392334,23.40999984741211,22.940000534057617,23.309999465942383,4114100,-0.0222507676118992,-0.0299529626787302,0.4971427917480464,0.0498886251555474,0.317772786938935,520166300,44.69137930466093,0,0,0
2011-02-15,VTRS,19.79846572875977,23.34000015258789,23.5,23.25,23.290000915527344,4684100,-0.0377035587987201,-0.02913454587533,0.4857142312186102,0.0466082940582399,0.2980650980422119,515482200,42.09185436038164,0,0,0
2011-02-16,VTRS,19.79846572875977,23.34000015258789,23.56999969482422,23.21999931335449,23.350000381469727,4597800,-0.0518423729181992,-0.0102827664759699,0.4699999945504324,0.0446431107542697,0.2792278477893148,515482200,45.081963795849255,0,0,0
2011-02-17,VTRS,20.027496337890625,23.61000061035156,23.63999938964844,23.25,23.40999984741211,5189900,-0.0423549332549174,-0.0368488274774525,0.4285712923322408,0.0455302013159317,0.282825732708627,520672100,61.1464975890895,0,0,0
2011-02-18,VTRS,19.79846572875977,23.34000015258789,23.600000381469727,23.26000022888184,23.540000915527344,4834800,-0.0201370741337539,-0.034704347071419,0.4192856379917687,0.0432278302646301,0.2608830050863844,515837300,52.84810279390037,0,0,0
2011-02-22,VTRS,19.382816314697266,22.850000381469727,23.3799991607666,22.82999992370605,23.31999969482422,6223600,-0.0078774749308867,-0.0004376467708921,0.4128570556640625,0.0474109680753748,0.2016300828420227,509613700,39.449540749278256,0,0,0
2011-02-23,VTRS,19.05199432373047,22.459999084472656,23.049999237060547,22.270000457763672,22.81999969482422,8026700,0.0089047538331255,0.0089047538331255,0.4335712705339704,0.055058303821353,0.1217978598662803,501587000,39.57055430089271,1,1,1
2011-02-24,VTRS,18.772066116333008,22.1299991607666,22.39999961853028,21.520000457763672,22.34000015258789,19698100,0.04383195921773,0.0090375404665186,0.4542854854038786,0.0644007045583772,0.0315384563860448,481888900,27.67297030955997,1,1,1
2011-02-25,VTRS,19.179235458374023,22.61000061035156,22.86000061035156,22.030000686645508,22.280000686645508,12321700,0.0057496310153608,-0.0114993463893493,0.473571232386998,0.0649983676904773,-0.0012462991530775,494210600,41.71781689592837,1,1,1
2011-02-28,VTRS,19.3997802734375,22.8700008392334,23.209999084472656,22.57999992370605,22.950000762939453,15670600,-0.0148666436428205,-0.0279843145392085,0.4914283752441409,0.0652374642447283,-0.0061773993466793,509881200,43.28360758315317,0,0,0
2011-03-01,VTRS,19.23013496398925,22.670000076293945,22.979999542236328,22.59000015258789,22.979999542236328,10481200,0.0074989005611745,-0.0383767461978599,0.4928568431309291,0.0676915981608618,-0.0259248760365871,499400000,44.89165037352674,1,1,1
2011-03-02,VTRS,19.221649169921875,22.65999984741211,22.93000030517578,22.56999969482422,22.63999938964844,6530500,0.0,-0.0670785731685369,0.4949997493198942,0.0677621566302994,-0.0418988446812278,492869500,38.69865519124396,0,0,0
2011-03-03,VTRS,19.594884872436523,23.100000381469727,23.209999084472656,22.81999969482422,22.84000015258789,7439200,-0.033333352599481,-0.0701299053022062,0.5064281736101426,0.0677272176727841,-0.0188368248662378,500308700,45.09203817966722,0,0,0
2011-03-04,VTRS,19.28950881958008,22.739999771118164,23.1299991607666,22.68000030517578,23.07999992370605,5950000,-0.0171503691105473,-0.0474934008169055,0.520713806152344,0.0661646175377643,-0.029271623559282,494358700,41.40845872559269,0,0,0
2011-03-07,VTRS,19.111373901367188,22.530000686645508,23.030000686645508,22.34000015258789,22.93000030517578,7594600,-0.0133156296167804,-0.0324013061401131,0.5364281790597101,0.0687127175366432,-0.0538655196036756,486764100,38.770067930070766,0,0,0
2011-03-08,VTRS,19.37433815002441,22.84000015258789,23.0,22.38999938964844,22.489999771118164,4539500,-0.0455341903931426,-0.034150642794857,0.5621425083705357,0.0678208025317561,-0.047791087374069,491303600,43.78110113681652,0,0,0
2011-03-09,VTRS,19.221649169921875,22.65999984741211,22.81999969482422,22.459999084472656,22.81999969482422,3749100,-0.0670785731685369,-0.0308914725354421,0.5642854145595003,0.0689195829304774,-0.0568462877509468,487554500,41.904767094820535,0,0,0
2011-03-10,VTRS,18.94171905517578,22.32999992370605,22.540000915527344,22.049999237060547,22.3700008392334,3766800,-0.0380654001063091,0.0004478382855355,0.5799997874668661,0.0714469038944054,-0.0896177772563788,483787700,34.97653202260699,0,0,0
2011-03-11,VTRS,18.95868682861328,22.350000381469727,22.520000457763672,22.0,22.26000022888184,4180700,-0.03087250658974,-0.0017897501049041,0.5921426500592913,0.0715969696259534,-0.112676682349214,487968400,37.65587565050751,0,0,0
2011-03-14,VTRS,18.85688781738281,22.229999542236328,22.290000915527344,22.059999465942383,22.190000534057617,4672200,-0.01934324399597,-0.0049482098636095,0.573571341378348,0.0727150886843792,-0.1390314278468416,483296200,41.48351691538146,0,0,0
2011-03-15,VTRS,18.49214172363281,21.799999237060547,22.11000061035156,21.59000015258789,21.71999931335449,4729400,0.0119266164211524,0.0298165847994107,0.5635713849748881,0.0786537556470253,-0.1923973476342588,478566800,41.032620808113705,1,1,1
2011-03-16,VTRS,17.932287216186523,21.13999938964844,21.65999984741211,20.950000762939453,21.65999984741211,12727700,0.0387890122279634,0.0775781146805576,0.5571428026471816,0.0958801480568036,-0.2846652515617265,465839100,37.655875650507554,1,1,1
2011-03-17,VTRS,18.22069549560547,21.479999542236328,21.56999969482422,21.21999931335449,21.39999961853028,6841000,0.0400372732159763,0.0549348384694112,0.5285714013235907,0.1009328666039305,-0.3265883521353601,472680100,35.400513357345275,1,1,1
2011-03-18,VTRS,18.37338256835937,21.65999984741211,21.81999969482422,21.459999084472656,21.68000030517578,6745800,0.0300092162100331,0.0724838276031567,0.5092857905796591,0.0962291903011566,-0.3413532829168026,479425900,34.036938118912786,1,1,1
2011-03-21,VTRS,18.49214172363281,21.799999237060547,22.170000076293945,21.780000686645508,21.950000762939453,4754200,0.0146789730904595,0.0720184246384656,0.5178572790963304,0.0916849606770345,-0.3378631402474958,484180100,38.33779489106896,1,1,1
2011-03-22,VTRS,18.712690353393555,22.059999465942383,22.11000061035156,21.71999931335449,21.799999237060547,5788700,0.0176791163390179,0.0575702850638948,0.5200001852852952,0.090042109974838,-0.3105376467895411,489968800,42.46230951081317,1,1,1
2011-03-23,VTRS,18.627864837646484,21.959999084472656,22.030000686645508,21.559999465942383,21.979999542236328,3511600,0.0373406938232823,0.0564663811549777,0.5164288112095419,0.0908864357298414,-0.293567132239847,486457200,34.34064710447289,1,1,1
2011-03-24,VTRS,18.95020294189453,22.34000015258789,22.420000076293945,21.780000686645508,22.049999237060547,4545300,0.0143240686051271,0.0402864642964657,0.5300002779279431,0.0906526878961772,-0.2466121751533769,491002500,44.53552695692053,1,1,1
2011-03-25,VTRS,18.924755096435547,22.309999465942383,22.489999771118164,22.07999992370605,22.31999969482422,4393500,0.0412371178089172,0.0506499818541121,0.5100002288818357,0.0897704882494486,-0.2094069253718409,486609000,46.83906597008316,1,1,1
2011-03-28,VTRS,18.76358795166016,22.1200008392334,22.420000076293945,22.1200008392334,22.36000061035156,3568100,0.0565099436064633,0.066907752535493,0.4878572736467634,0.08666193418991,-0.1930276950483112,483040900,39.28573253202045,1,1,1
2011-03-29,VTRS,19.043514251708984,22.450000762939453,22.450000762939453,22.100000381469727,22.15999984741211,3727400,0.0391981795483635,0.0458796768059448,0.4857143674577985,0.0853529027403514,-0.1516704386866827,486768300,47.0085618708742,1,1,1
2011-03-30,VTRS,19.323442459106445,22.780000686645508,22.8799991607666,22.46999931335449,22.489999771118164,4962500,0.0184372284299432,0.0311676498275474,0.4728570665631975,0.086435582554225,-0.0912148115699729,491730800,56.410263376972345,1,1,1
2011-03-31,VTRS,19.221649169921875,22.65999984741211,22.86000061035156,22.489999771118164,22.809999465942383,3993800,0.0255957602652983,0.0225066298462521,0.4621428080967492,0.0809223946509695,-0.052382523237096,487737000,54.293618417472366,1,1,1
2011-04-01,VTRS,19.705162048339844,23.229999542236328,23.229999542236328,22.600000381469727,22.8799991607666,5910200,0.0090400773120753,0.0284115307971537,0.4864283970424105,0.0879785609354105,0.0241086472460025,493647200,62.315266770333714,1,1,1
2011-04-04,VTRS,19.823917388916016,23.3700008392334,23.5,23.14999961853028,23.209999084472656,3204000,0.0098416574230586,0.0047068335067521,0.4657141821725022,0.097909506016192,0.094931079182718,496851200,70.82228935320688,1,1,1
2011-04-05,VTRS,19.78998374938965,23.32999992370605,23.459999084472656,23.07999992370605,23.270000457763672,4164400,0.0064294735971199,0.0295756766529817,0.4321428026471817,0.1040050737897676,0.1461459476473869,492686800,84.7618753515723,1,1,1
2011-04-06,VTRS,19.679706573486328,23.200000762939453,23.559999465942383,22.959999084472656,23.46999931335449,4288800,0.0124999568380173,0.0685344870819062,0.4442856652396066,0.108875884178927,0.1742357725355106,488398000,79.25169714961905,1,1,1
2011-04-07,VTRS,19.713638305664062,23.239999771118164,23.440000534057617,23.07999992370605,23.18000030517578,3183700,-0.0030120350909474,0.0611015529379939,0.4442856652396068,0.1142927928227937,0.1974486813192584,491581700,78.21427282022498,0,0,0
2011-04-08,VTRS,19.88329315185547,23.440000534057617,23.5,23.09000015258789,23.3700008392334,4499200,0.0191979029581073,0.0674061385540654,0.437142780848912,0.1212675297986869,0.2293397826085943,496080900,78.67132610631126,1,1,1
2011-04-11,VTRS,20.019014358520508,23.600000381469727,23.790000915527344,23.5,23.5,4883400,-0.0050847812412587,0.0677966252376003,0.4342855725969589,0.1287181237946269,0.2644756499922742,500964300,77.89854571689993,0,0,0
2011-04-12,VTRS,19.917224884033203,23.479999542236328,23.65999984741211,23.31999969482422,23.5,2241900,0.0229983358626553,0.0745315176370451,0.4228570120675226,0.1302681015685015,0.27941706717748,498722400,77.33811222060456,1,1,1
2011-04-13,VTRS,19.925710678100582,23.489999771118164,23.6200008392334,23.350000381469727,23.5,2588300,0.0553427482791029,0.0647084066655705,0.3964285169328964,0.1200581110000982,0.2887368046872076,501310700,73.85889587546052,1,1,1
2011-04-14,VTRS,19.654260635375977,23.170000076293945,23.38999938964844,23.100000381469727,23.309999465942383,5043700,0.064307283824424,0.0755287006576441,0.3949999128069196,0.1101540367346418,0.2672211042352046,496267000,65.92593272853915,1,1,1
2011-04-15,VTRS,20.265010833740234,23.88999938964844,23.979999542236328,23.09000015258789,23.31999969482422,7636400,0.0473001714937197,0.039765625249496,0.4371427808489118,0.1075728169102859,0.3047546618781815,503903400,77.39934606906255,1,1,1
2011-04-18,VTRS,19.917224884033203,23.479999542236328,23.75,23.26000022888184,23.690000534057617,4957900,0.0732538864666139,0.031942078987305,0.4571426936558315,0.0998529085435098,0.2979817672250959,498945500,65.5588874918318,1,1,1
2011-04-19,VTRS,20.375288009643555,24.020000457763672,24.059999465942383,22.959999084472656,23.549999237060547,11342900,0.0503746486849696,0.0024978961198556,0.5049999782017299,0.0997540611573339,0.3323565607757111,510288400,67.61362127776013,1,1,1
2011-04-20,VTRS,21.02845001220703,24.790000915527344,25.100000381469727,24.100000381469727,24.100000381469727,17284600,0.008874518161744,-0.0302541336144216,0.5557141985212056,0.1083056645391615,0.4169253778717241,527573000,75.53956900344964,1,1,1
2011-04-21,VTRS,20.91817855834961,24.65999984741211,24.93000030517578,24.559999465942383,24.739999771118164,10277600,0.0105433994521748,-0.0308191497803917,0.5371428898402625,0.1145883928128881,0.4680612561699853,517295400,69.16888764346007,1,1,1
2011-04-25,VTRS,21.22355079650879,25.020000457763672,25.040000915527344,24.65999984741211,24.850000381469727,6145200,-0.0071942566699645,-0.0411670930375982,0.5392857960292277,0.1226358252002288,0.5315089444810575,523440600,70.88605700119604,0,0,0
2011-04-26,VTRS,21.376235961914062,25.200000762939453,25.350000381469727,24.84000015258789,25.030000686645508,7300000,-0.0384921107673006,-0.0392857797021478,0.5485715866088869,0.1258292585046634,0.589520588505394,530740600,72.86063444259516,0,0,0
2011-04-27,VTRS,21.40168571472168,25.229999542236328,25.459999084472656,25.020000457763672,25.3700008392334,6146400,-0.045580643654199,-0.0653983213819758,0.5371428898402625,0.1295929548668543,0.6306461884284218,536887000,75.43857049299439,0,0,0
2011-04-28,VTRS,21.215068817138672,25.01000022888184,25.209999084472656,24.93000030517578,25.14999961853028,5400000,-0.0387844583957391,-0.0367852885995387,0.5328570774623326,0.1308007919314964,0.63813044612413,531487000,71.22301697585218,0,0,0
2011-04-29,VTRS,21.13872528076172,24.920000076293945,25.06999969482422,24.790000915527344,24.950000762939453,6765900,-0.0409309973772423,-0.0333065778958653,0.523571286882673,0.1267112499354384,0.6295425395980949,524721100,68.22658918261209,0,0,0
2011-05-02,VTRS,21.070859909057617,24.84000015258789,25.239999771118164,24.729999542236328,25.1299991607666,7742200,-0.0342190167571787,-0.041465405809919,0.5349998474121094,0.1263974367860293,0.6092580885530232,516978900,65.57788089810207,0,0,0
2011-05-03,VTRS,20.55342483520508,24.229999542236328,24.68000030517578,23.84000015258789,24.59000015258789,13000000,-0.0008254419373309,-0.0243499861219326,0.5821426936558315,0.1234173464283478,0.5377615829078621,503978900,58.38925945396078,0,0,0
2011-05-04,VTRS,20.42617988586425,24.07999992370605,24.280000686645508,23.729999542236328,23.979999542236328,7817800,-0.0207641196671169,-0.0070598038551727,0.6021427427019391,0.1196183166774718,0.4636516834694077,496161100,56.39913312877948,0,0,0
2011-05-05,VTRS,20.39225196838379,24.040000915527344,24.229999542236328,23.709999084472656,23.920000076293945,5200000,0.0020798350730615,0.0016638521903247,0.6114285332815987,0.1139941163818759,0.3971137880037183,490961100,60.04619924437275,1,1,1
2011-05-06,VTRS,20.27349281311035,23.89999961853028,24.239999771118164,23.690000534057617,24.229999542236328,7550300,0.0079498132673734,-0.003347277195939,0.5871428080967495,0.108679302158112,0.3292892503370623,483410800,50.13333631727279,1,1,1
2011-05-09,VTRS,20.349838256835938,23.989999771118164,24.049999237060547,23.65999984741211,23.89999961853028,7677900,-0.0075031390951694,-0.0283451568013118,0.5699999673025948,0.1048882178039587,0.2795772828521095,491088700,57.43440087326484,0,0,0
2011-05-10,VTRS,20.536453247070312,24.209999084472656,24.26000022888184,23.729999542236328,24.01000022888184,6414900,-0.0235439783717212,-0.0342833521310781,0.5292857033865795,0.1018543371958669,0.2549928970519772,497503600,53.05463970130068,0,0,0
2011-05-11,VTRS,20.00204849243164,23.57999992370605,24.200000762939453,23.5,24.100000381469727,8100000,0.0139949077512206,-0.0258694067992044,0.5028570720127653,0.1008228527008739,0.1825693808562292,489403600,29.62960822279369,1,1,1
2011-05-12,VTRS,20.43466567993164,24.09000015258789,24.1299991607666,23.40999984741211,23.57999992370605,6700000,-0.0004151195026358,-0.0448318769973121,0.5278569630214148,0.0964788766456381,0.1644305259600322,496103600,41.49253799326336,0,0,0
2011-05-13,VTRS,20.43466567993164,24.09000015258789,24.229999542236328,23.799999237060547,24.209999084472656,5088500,-0.0112079890433154,-0.0286426122742672,0.5314283370971682,0.0866666727773163,0.148345320261189,496103600,34.44814432068996,0,0,0
2011-05-16,VTRS,20.19715118408203,23.809999465942383,24.09000015258789,23.6299991607666,23.950000762939453,5096700,-0.0209995804794198,-0.0109197914621433,0.5278569630214148,0.08731503629218,0.1117161690523609,491006900,27.50805685507044,0,0,0
2011-05-17,VTRS,20.05294609069824,23.63999938964844,23.71999931335449,23.38999938964844,23.71999931335449,3404000,-0.0109983179185566,-0.0181895226851855,0.5264284951346261,0.0852788940705074,0.0681837377279492,487602900,25.38699105376601,0,0,0
2011-05-18,VTRS,20.2819766998291,23.90999984741211,23.950000762939453,23.459999084472656,23.64999961853028,2912500,-0.0393141171081755,-0.0280217515922093,0.5400000980922154,0.0859902162699257,0.0548386073925009,490515400,33.23170501231337,0,0,0
2011-05-19,VTRS,20.42617988586425,24.07999992370605,24.100000381469727,23.600000381469727,23.950000762939453,4566000,-0.0444352034142171,-0.0514950072693902,0.5557144709995815,0.0850982148459015,0.0573193391999389,495081400,37.4999999999999,0,0,0
2011-05-20,VTRS,20.20563316345215,23.81999969482422,24.209999084472656,23.739999771118164,24.100000381469727,4220500,-0.0176322452424381,-0.0587741241169904,0.5528572627476284,0.0861164944068004,0.0378689616545102,490860900,35.59321759932752,0,0,0
2011-05-23,VTRS,19.77301597595215,23.309999465942383,23.6200008392334,23.09000015258789,23.459999084472656,4800000,0.0102960007128622,-0.0321750329121973,0.5335715157645089,0.0884711208081789,-0.0184852721925068,486060900,36.62790794382853,1,1,1
2011-05-24,VTRS,19.8323974609375,23.3799991607666,23.61000061035156,23.290000915527344,23.5,3933900,-0.0072711754660461,-0.0363557957498755,0.5171428407941543,0.0848671033000453,-0.0568427700958693,489994800,39.58332387228032,0,0,0
2011-05-25,VTRS,19.484607696533203,22.96999931335449,23.31999969482422,22.88999938964844,23.239999771118164,6639700,0.0117544826223263,-0.0178493626324898,0.5149999346051892,0.0834615185790077,-0.1189537004963874,483355100,35.65682055844887,1,1,1
2011-05-26,VTRS,19.518539428710938,23.01000022888184,23.07999992370605,22.76000022888184,22.8799991607666,6652000,-0.0073880953760516,-0.0421555542679641,0.4985713958740224,0.0816085568349991,-0.1630695564034816,490007100,37.74105884615425,0,0,0
2011-05-27,VTRS,19.849363327026367,23.39999961853028,23.440000534057617,22.950000762939453,23.01000022888184,3495000,-0.0418803230005302,-0.055982884072571,0.5057142802647172,0.0735096826866313,-0.1646638562287812,493502100,42.49363731841368,0,0,0
2011-05-31,VTRS,19.976606369018555,23.549999237060547,23.64999961853028,23.26000022888184,23.56999969482422,5008800,-0.0420382082034297,-0.0433120417604885,0.495714187622069,0.062767567364743,-0.1520706588162355,498510900,41.45078053042072,0,0,0
2011-06-01,VTRS,19.688194274902344,23.209999084472656,23.600000381469727,23.11000061035156,23.549999237060547,5455000,-0.0292976486277444,-0.0491167356577403,0.4799999509538913,0.0631100809325725,-0.1675937139408638,493055900,44.81791774255511,0,0,0
2011-06-02,VTRS,19.713638305664062,23.239999771118164,23.270000457763672,22.940000534057617,23.209999084472656,3712500,-0.0292599101494338,-0.0469019003150981,0.4521428516932886,0.0636478349559798,-0.1754525346742994,496768400,36.2459576889863,0,0,0
2011-06-03,VTRS,19.37433815002441,22.84000015258789,23.100000381469727,22.770000457763672,22.979999542236328,3406200,-0.035026236064622,-0.0249562036346849,0.4549999237060537,0.0687876370356637,-0.2115190727992129,493362200,32.09169915715995,0,0,0
2011-06-06,VTRS,19.01806259155273,22.420000076293945,22.799999237060547,22.38999938964844,22.729999542236328,3672400,-0.0147189974390313,0.0066904379134626,0.4542856216430651,0.0805726887686173,-0.2708701378401947,489689800,30.85400853104771,0,0,0
2011-06-07,VTRS,19.13682556152344,22.559999465942383,22.709999084472656,22.3799991607666,22.440000534057617,2776000,-0.0013297331563399,0.0128546508152689,0.4478570393153589,0.0862147078218104,-0.3031153783665559,492465800,35.00000264909498,0,0,0
2011-06-08,VTRS,19.111373901367188,22.530000686645508,22.6200008392334,22.3700008392334,22.549999237060547,3753400,-0.0204172648824618,0.0142032705313628,0.4307140622820163,0.0877668256049643,-0.3273175021602732,488712400,29.464290275867427,0,0,0
2011-06-09,VTRS,19.13682556152344,22.559999465942383,22.6299991607666,22.420000076293945,22.540000915527344,3735700,-0.0181737525318234,0.0159574742408588,0.4099997111729203,0.0925550849716466,-0.3401561010614671,492448100,26.397489405913817,0,0,0
2011-06-10,VTRS,18.695724487304688,22.040000915527344,22.530000686645508,22.01000022888184,22.420000076293945,3274300,0.0104355504846775,0.0485480785107586,0.4157139914376382,0.0994383515275896,-0.3878197754352683,489173800,24.425273496590947,1,1,1
2011-06-13,VTRS,18.73813438415528,22.09000015258789,22.299999237060547,21.90999984741211,22.020000457763672,3507700,0.0217292683984022,0.0516070340323144,0.3914282662527889,0.1021944853298192,-0.4167549683508191,492681500,29.80130066245748,1,1,1
2011-06-14,VTRS,19.111373901367188,22.530000686645508,22.670000076293945,22.1200008392334,22.239999771118164,4172800,0.0142032705313628,0.0541499900653636,0.4099997111729203,0.1008961674840334,-0.3995758892190792,496854300,37.4631329845713,1,1,1
2011-06-15,VTRS,18.721172332763672,22.06999969482422,22.46999931335449,22.049999237060547,22.350000381469727,3703000,0.0353421249402388,0.0956049224978645,0.4092855453491203,0.1049393630842756,-0.4182581611646441,493151300,36.9185977203836,1,1,1
2011-06-16,VTRS,18.78903579711914,22.14999961853028,22.290000915527344,21.989999771118164,22.15999984741211,3322200,0.0347630009491963,0.113769774318889,0.4078570774623323,0.1028120451249612,-0.4217470337475539,496473500,37.64365422138426,1,1,1
2011-06-17,VTRS,18.89082717895508,22.270000457763672,22.459999084472656,22.100000381469727,22.43000030517578,7495900,0.0377189104320403,0.1212392815488045,0.3985712868826727,0.0938245808261872,-0.4101015304050328,503969400,32.398751487703464,1,1,1
2011-06-20,VTRS,19.145301818847656,22.56999969482422,22.670000076293945,22.14999961853028,22.25,4230200,0.0292423507459533,0.0979176349890731,0.4078570774623321,0.0848087713586152,-0.3723724757654061,508199600,35.41665957086886,1,1,1
2011-06-21,VTRS,19.382816314697266,22.850000381469727,22.89999961853028,22.309999465942383,22.600000381469727,5791700,0.0393872911818473,0.0831509666000305,0.4149999618530268,0.0818440261199204,-0.3162328770331157,513991300,44.54546978323832,1,1,1
2011-06-22,VTRS,19.382816314697266,22.850000381469727,23.64999961853028,22.6299991607666,22.709999084472656,4620500,0.05820568496728,0.0897155012182409,0.464285714285714,0.0776415919001286,-0.2686450674618577,513991300,44.03670045846409,1,1,1
2011-06-23,VTRS,19.442195892333984,22.920000076293945,22.989999771118164,22.299999237060547,22.600000381469727,5041700,0.076352530286857,0.0898778123510144,0.4800000871930801,0.0773886525472574,-0.2227156675843034,519033000,51.36054443835332,1,1,1
2011-06-24,VTRS,19.60336685180664,23.11000061035156,23.3700008392334,22.790000915527344,23.100000381469727,6970400,0.0804845804361333,0.0527909684609884,0.4892857415335519,0.0781202390544668,-0.1690362869852215,526003400,62.73065042063763,1,1,1
2011-06-27,VTRS,19.705162048339844,23.229999542236328,23.32999992370605,22.84000015258789,23.040000915527344,6589300,0.0667241142898431,0.0387429890772883,0.5007143020629881,0.0759837752428962,-0.1154808883941598,532592700,62.45354820457296,1,1,1
2011-06-28,VTRS,20.14625740051269,23.75,23.76000022888184,23.229999542236328,23.31999969482422,7621300,0.0421052631578946,0.0113684403268914,0.520714351109096,0.0798034324707349,-0.0307239910052672,540214000,69.18238880541736,1,1,1
2011-06-29,VTRS,20.51100730895996,24.18000030517578,24.200000762939453,23.6299991607666,23.76000022888184,6158900,0.0297766461649042,-0.0132340649621797,0.5464288166591099,0.0963691036654181,0.0703331351795988,546372900,72.6257105273393,1,1,1
2011-06-30,VTRS,20.926658630371094,24.670000076293945,24.89999961853028,24.15999984741211,24.21999931335449,8997800,0.0125658477901777,-0.0445885844372877,0.5600002833775116,0.1200984690409192,0.187795729913013,555370700,87.04222975967951,1,1,1
2011-07-01,VTRS,21.181133270263672,24.96999931335449,24.989999771118164,24.520000457763672,24.670000076293945,4782900,-0.0256307331697103,-0.073688434248527,0.5657145636422298,0.145099042072186,0.3016162691430182,560153600,87.89471438717659,0,0,0
2011-07-05,VTRS,21.01996803283692,24.780000686645508,24.90999984741211,24.690000534057617,24.8700008392334,4305700,-0.026230892165762,-0.0439870912988035,0.5442859104701453,0.1590178101887262,0.3721980972450929,555847900,81.69014765568005,0,0,0
2011-07-06,VTRS,20.9945125579834,24.75,24.89999961853028,24.6200008392334,24.82999992370605,4898900,-0.0294949309994475,-0.054949519610164,0.530000005449568,0.1695650822015152,0.4208624593904346,550949000,92.94873754262508,0,0,0
2011-07-07,VTRS,21.12175750732422,24.89999961853028,25.0,24.76000022888184,24.979999542236328,5830400,-0.0417670290807861,-0.047791186838896,0.5264284951346266,0.1790246040527826,0.4661594368014192,556779400,93.1034668318508,0,0,0
2011-07-08,VTRS,21.18961906433105,24.979999542236328,25.0,24.56999969482422,24.739999771118164,5433900,-0.0564451510508666,-0.0416332677036392,0.5314286095755446,0.1867833190401663,0.5027179237090706,562213300,93.0158897394258,0,0,0
2011-07-11,VTRS,20.638246536254883,24.32999992370605,24.780000686645508,24.270000457763672,24.739999771118164,4133200,-0.0493218564201565,-0.0316481898963515,0.544999940054758,0.1812593990557173,0.4737798122729444,558080100,75.14287411437665,0,0,0
2011-07-12,VTRS,20.468595504760746,24.1299991607666,24.600000381469727,24.1299991607666,24.38999938964844,4477800,-0.0182345065069204,-0.0240364667997621,0.5364285877772745,0.1732099549722026,0.4297538257876709,553602300,68.71344246496504,0,0,0
2011-07-13,VTRS,20.375288009643555,24.020000457763672,24.39999961853028,23.989999771118164,24.280000686645508,4961200,-0.0262281871818867,-0.0466278442085288,0.4928571156093057,0.168149935580925,0.3815882267258921,548641100,66.57225372622231,0,0,0
2011-07-14,VTRS,20.239564895629883,23.86000061035156,24.309999465942383,23.799999237060547,24.18000030517578,4727300,-0.0062867360453388,-0.0276613508184809,0.4799999509538928,0.1556889207289599,0.3267395418927563,543913800,62.98344346260984,0,0,0
2011-07-15,VTRS,19.993566513061523,23.56999969482422,23.950000762939453,23.46999931335449,23.90999984741211,6388200,0.015697956895377,-0.0335171412137178,0.4728572028023863,0.1426162496270494,0.2569094218601364,537525600,56.182787704771,1,1,1
2011-07-18,VTRS,19.620332717895508,23.1299991607666,23.540000915527344,22.8700008392334,23.540000915527344,7904300,0.0185905888792747,-0.0423691992128825,0.4878571374075763,0.1321977457718522,0.1641717134555094,529621300,48.76237121262551,1,1,1
2011-07-19,VTRS,20.095359802246094,23.690000534057617,23.709999084472656,23.200000762939453,23.25,5867200,-0.0059097211414494,-0.1198818104079398,0.4914285114833294,0.1223456707482711,0.13431553621065,535488500,49.26471241342717,0,0,0
2011-07-20,VTRS,19.840877532958984,23.38999938964844,23.690000534057617,23.34000015258789,23.600000381469727,3835300,-0.0209491143182765,-0.1274048576313845,0.4757141385759634,0.1170049416960065,0.0854615677472985,531653200,39.99999034254046,0,0,0
2011-07-21,VTRS,20.11232185363769,23.709999084472656,23.850000381469727,23.479999542236328,23.559999465942383,3288200,-0.0215098414688338,-0.195697999528271,0.4557142257690432,0.1093830070338886,0.0717387867121601,534941400,37.30157648895524,0,0,0
2011-07-22,VTRS,20.307422637939453,23.940000534057617,23.940000534057617,23.540000915527344,23.64999961853028,3672900,-0.0484544620524074,-0.1954887301910414,0.4507142475673133,0.1011161557858612,0.0785174780422721,538614300,36.11862568183805,0,0,0
2011-07-25,VTRS,19.985084533691406,23.559999465942383,23.90999984741211,23.530000686645508,23.82999992370605,3716000,-0.0598471935218147,-0.2410866058544108,0.4600000381469731,0.0964249681360986,0.0526201569493522,534898300,34.35898012741069,0,0,0
2011-07-26,VTRS,19.976606369018555,23.549999237060547,23.76000022888184,23.420000076293945,23.61000061035156,4787500,-0.1146496366480489,-0.2106156791999859,0.4642858505249028,0.0931257853631394,0.0309328340517929,530110800,34.53609210319331,0,0,0
2011-07-27,VTRS,19.425228118896484,22.89999961853028,23.540000915527344,22.770000457763672,23.36000061035156,8129100,-0.1087336162706004,-0.2410480589395726,0.5021429061889654,0.1022685350888163,-0.0382629905974454,521981700,27.16897522365589,0,0,0
2011-07-28,VTRS,19.679706573486328,23.200000762939453,23.39999961853028,22.850000381469727,22.90999984741211,6877800,-0.1780172815646046,-0.1900861940684419,0.5107142584664489,0.1068463905530165,-0.0681084828273412,528859500,30.65221285319069,0,0,0
2011-07-29,VTRS,19.323442459106445,22.780000686645508,23.26000022888184,22.729999542236328,23.049999237060547,7209600,-0.1545215255338963,-0.1553995087279618,0.4978572300502242,0.1127808622963504,-0.1242198177793163,521649900,32.26548158080115,0,0,0
2011-08-01,VTRS,18.78903579711914,22.14999961853028,23.14999961853028,22.020000457763672,22.989999771118164,6866600,-0.192776547688582,-0.1051918719563689,0.5449999400547585,0.1227993382825128,-0.2170225748958429,514783300,29.37503427262168,0,0,0
2011-08-02,VTRS,17.68629264831543,20.850000381469727,22.14999961853028,20.81999969482422,22.07999992370605,11350500,-0.1083932943660948,-0.040287776365435,0.6107142312186118,0.1580649210518368,-0.390961738842158,503432800,23.53926410823276,0,0,0
2011-08-03,VTRS,17.31305503845215,20.40999984741211,21.07999992370605,20.32999992370605,20.86000061035156,14735100,-0.1484566736549828,-0.0274375046609022,0.6278570720127663,0.1914917637039487,-0.5578832148634767,488697700,22.48806767884787,0,0,0
2011-08-04,VTRS,16.17638397216797,19.06999969482422,20.31999969482422,18.979999542236328,20.1299991607666,13648900,-0.0146826839946342,-0.0267435887280195,0.6957141331263961,0.2429642124131901,-0.7891991046608275,475048800,19.26232583735643,0,0,0
2011-08-05,VTRS,16.33755111694336,19.26000022888184,19.559999465942383,18.450000762939453,19.270000457763672,16531200,-0.0010384453544129,-0.0742471593033208,0.7249998365129754,0.2731363997057306,-0.946279042900187,491580000,22.630870419130645,0,0,0
2011-08-08,VTRS,15.166948318481444,17.8799991607666,19.030000686645508,17.8799991607666,18.690000534057617,15334700,0.1085011535299445,-0.0078299438601558,0.7821427753993456,0.3280982683335428,-1.1686491191151411,476245300,13.181266130256532,1,1,1
2011-08-09,VTRS,15.769217491149902,18.59000015258789,18.63999938964844,17.290000915527344,18.06999969482422,15751600,0.0763851567852877,-0.0118342824932072,0.8535712105887292,0.357142484208506,-1.2729144943620234,491996900,21.08436586685244,1,1,1
2011-08-10,VTRS,14.742815971374512,17.3799991607666,18.36000061035156,17.360000610351562,18.170000076293945,20582500,0.1421174533931437,0.0776755147674115,0.9085711070469464,0.4007679436939913,-1.4366220384829376,471414400,15.560422737817008,1,1,1
2011-08-11,VTRS,15.938870429992676,18.790000915527344,19.040000915527344,17.360000610351562,17.440000534057617,11959700,-0.0122406300361005,-0.0276743178513612,0.9999997275216256,0.413795129946586,-1.4360324012921095,483374100,25.168778144635027,0,0,0
2011-08-12,VTRS,16.320587158203125,19.239999771118164,19.530000686645508,18.799999237060547,18.96999931335449,9172000,-0.0732848162258665,-0.0005197624220789,1.0235711506434868,0.4193766346715513,-1.3833080486163567,492546100,29.31035868729184,0,0,0
2011-08-15,VTRS,16.812578201293945,19.81999969482422,19.86000061035156,19.38999938964844,19.38999938964844,6620600,-0.1049444982710683,0.0110999608521979,1.043571199689594,0.4200749456246773,-1.2799678006275563,499166700,33.06086500379217,0,0,0
2011-08-16,VTRS,16.973751068115234,20.01000022888184,20.09000015258789,19.46999931335449,19.57999992370605,8463700,-0.0819589890499509,0.0189904625897066,1.0321427753993455,0.412052936031146,-1.1692599534678934,507630400,36.303329342668434,0,0,0
2011-08-17,VTRS,16.838024139404297,19.850000381469727,20.14999961853028,19.540000915527344,20.030000686645508,8422100,-0.0564232149979672,0.0453400302888877,1.0364284515380875,0.4046752835754448,-1.0819616570142188,499208300,33.909708985659364,0,0,0
2011-08-18,VTRS,15.743767738342283,18.559999465942383,19.489999771118164,18.3799991607666,19.190000534057617,8715600,-0.0156249470109554,0.0910560658775216,1.103571346827917,0.399729112714658,-1.1041415643701953,490492700,31.29433145777493,0,0,0
2011-08-19,VTRS,15.124537467956545,17.829999923706055,18.520000457763672,17.739999771118164,18.309999465942383,11508000,0.0785193283522616,0.0880538251005158,1.0814285278320324,0.3924054436858151,-1.1671697565298231,478984700,31.019341646554054,1,1,1
2011-08-22,VTRS,15.048190116882324,17.739999771118164,18.31999969482422,17.670000076293945,18.270000457763672,6057200,0.1296505735109268,0.0862458120848708,1.0328570774623334,0.3828590434878439,-1.2104292382683963,472927500,34.70993688686373,1,1,1
2011-08-23,VTRS,15.582598686218262,18.3700008392334,18.39999961853028,17.600000381469727,17.790000915527344,7471700,0.1099618104589776,0.0805661118466281,1.036428451538087,0.3565358767749536,-1.1802714337607263,480399200,40.15445095916935,1,1,1
2011-08-24,VTRS,15.887974739074709,18.729999542236328,18.75,18.1200008392334,18.200000762939453,4644100,0.1078483986723304,0.0405766282678239,0.9792855126517168,0.3303098876677652,-1.114475292282851,485043300,48.18763339232962,1,1,1
2011-08-25,VTRS,15.49777126312256,18.270000457763672,18.84000015258789,18.13999938964844,18.809999465942383,4490800,0.1083743564655985,0.0596606527245433,0.9499999455043256,0.2891851960541577,-1.0869201193189966,480552500,44.870469332117885,1,1,1
2011-08-26,VTRS,16.312101364135742,19.229999542236328,19.40999984741211,17.860000610351562,18.14999961853028,12887600,0.0088403577920304,0.0156006839079878,0.962142671857562,0.2386184103323825,-0.9763636309783444,493440100,57.31311034371739,1,1,1
2011-08-29,VTRS,16.99920082092285,20.040000915527344,20.059999465942383,19.3700008392334,19.3700008392334,6220300,-0.0384231747797507,0.0089819555690577,0.9249999182564874,0.1960326038874293,-0.8140031544263735,499660400,57.770634932316725,0,0,0
2011-08-30,VTRS,17.296091079711914,20.38999938964844,20.46999931335449,19.76000022888184,19.93000030517578,8415100,-0.0264835225278554,-0.0156939531340387,0.8878570284162246,0.1875581997850202,-0.6496011574323859,508075500,67.76859783291849,0,0,0
2011-08-31,VTRS,17.601465225219727,20.75,20.8799991607666,20.39999961853028,20.440000534057617,9784900,-0.0607229025967149,-0.0293976197759787,0.8028569902692517,0.1937175306035167,-0.4846753144326179,517860400,63.20754425975317,0,0,0
2011-09-01,VTRS,17.17733383178711,20.25,20.959999084472656,20.229999542236328,20.8799991607666,10519300,-0.0439505871431329,0.0128395174756463,0.8021426882062634,0.2015612383261815,-0.389822584852368,507341100,56.76037698608758,0,0,0
2011-09-02,VTRS,16.456310272216797,19.39999961853028,19.959999084472656,19.34000015258789,19.959999084472656,4868200,0.0067010861170873,0.0458763564173974,0.8228569030761717,0.2019115346050393,-0.3788716438471695,502472900,47.28682113233922,1,1,1
2011-09-06,VTRS,16.346033096313477,19.270000457763672,19.489999771118164,18.84000015258789,18.950000762939453,6786600,0.0492993686052598,0.0477426079106961,0.8249996730259481,0.1932270852597859,-0.3763445246153942,495686300,45.182292151730586,1,1,1
2011-09-07,VTRS,16.838024139404297,19.850000381469727,19.850000381469727,19.31999969482422,19.530000686645508,5735800,0.0110830886209889,-0.0221662733300682,0.8228569030761711,0.1934861382471395,-0.3238079612223181,501422100,50.0,1,1,1
2011-09-08,VTRS,16.532651901245117,19.489999771118164,19.82999992370605,19.450000762939453,19.76000022888184,3585100,0.033350416940153,-0.0600307896374501,0.7464282172066817,0.1723854126505543,-0.3076747142475575,497837000,56.48535943289217,1,1,1
2011-09-09,VTRS,16.422378540039062,19.36000061035156,19.540000915527344,18.96999931335449,19.32999992370605,8049800,0.0594008048695715,-0.0552685775356897,0.7285712105887272,0.1704681136214658,-0.3018987448071435,489787200,61.643844763252055,1,1,1
2011-09-12,VTRS,16.56658172607422,19.530000686645508,19.559999465942383,18.959999084472656,19.059999465942383,7612500,0.0389145008787183,-0.0537634975674713,0.7249998365129738,0.170541413696856,-0.2803717114408393,497399700,63.45865813244976,1,1,1
2011-09-13,VTRS,17.151885986328125,20.21999931335449,20.540000915527344,19.270000457763672,19.600000381469727,10629400,-0.0014836192045297,-0.0845696905312585,0.7585713522774825,0.1737061547225397,-0.205268057397113,508029100,63.78539328078406,0,0,0
2011-09-14,VTRS,17.02465057373047,20.06999969482422,20.350000381469727,19.190000534057617,20.18000030517578,14002900,-0.0328848957373085,-0.1175884726575344,0.7964285441807331,0.1741810226519844,-0.1560527076171531,494026200,60.30769953079195,0,0,0
2011-09-15,VTRS,17.08402442932129,20.13999938964844,20.799999237060547,19.799999237060547,20.32999992370605,8831600,-0.0903674155898766,-0.1216484076384865,0.8178570611136295,0.176265705495739,-0.110131273215341,502857800,65.30278160877921,0,0,0
2011-09-16,VTRS,17.39788055419922,20.51000022888184,20.8799991607666,20.059999465942383,20.280000686645508,12409300,-0.1082398482974335,-0.1716236186485688,0.7657142366681775,0.1779853815441259,-0.043382147711366,515267100,61.5942121628752,0,0,0
2011-09-19,VTRS,17.21126365661621,20.290000915527344,20.40999984741211,19.8799991607666,20.190000534057617,5429100,-0.0892065693257744,-0.2020699948974431,0.7514286041259763,0.1625684888010925,-0.0081412436358334,509838000,52.53549876235038,0,0,0
2011-09-20,VTRS,17.126436233520508,20.190000534057617,20.61000061035156,20.15999984741211,20.34000015258789,5055900,-0.0832095225724169,-0.1996037929690729,0.7328572954450335,0.1383162653599459,0.0115846905925458,504782100,47.86325935833995,0,0,0
2011-09-21,VTRS,16.464792251586914,19.40999984741211,20.40999984741211,19.39999961853028,20.239999771118164,6059900,-0.0875837597271341,-0.1324059616191533,0.7700001852852958,0.1240848333646757,-0.035314813896452,498722200,36.86273967151708,0,0,0
2011-09-22,VTRS,15.540185928344728,18.31999969482422,18.950000762939453,18.0,18.81999969482422,11588900,-0.0343886010513738,-0.0425763532909468,0.8185716356549945,0.1323063750791766,-0.1586085710228069,487133300,33.04041501770921,0,0,0
2011-09-23,VTRS,15.51473903656006,18.290000915527344,18.600000381469727,18.1299991607666,18.190000534057617,4423200,-0.0710771503190872,-0.0530345091387961,0.7871431623186383,0.1318432648529642,-0.2557918039173046,482710100,38.60370245186487,0,0,0
2011-09-26,VTRS,15.67590618133545,18.479999542236328,18.670000076293945,17.790000915527344,18.43000030517578,8393600,-0.1239176983173014,-0.0324675539140797,0.8035717010498047,0.1419677241019141,-0.313860921531166,491103700,41.987814625699016,0,0,0
2011-09-27,VTRS,15.7013578414917,18.51000022888184,18.950000762939453,18.38999938964844,18.479999542236328,5596600,-0.1269584199033632,-0.03241493106702,0.802143233163016,0.1511523066203171,-0.3533866891425994,496700300,34.70318501293349,0,0,0
2011-09-28,VTRS,15.022745132446287,17.709999084472656,18.57999992370605,17.649999618530273,18.540000915527344,8389800,-0.0491247304833314,0.0186336447269508,0.8400004250662663,0.1703335864206415,-0.4441447272623477,488310500,31.53525411079332,0,0,0
2011-09-29,VTRS,15.005780220031738,17.690000534057617,18.290000915527344,17.3700008392334,17.969999313354492,8760000,-0.0084793450538052,0.010175257192855,0.8650003160749156,0.1793365768581441,-0.5117852998706169,479550500,32.27175077296269,0,0,0
2011-09-30,VTRS,14.411994934082031,16.989999771118164,17.540000915527344,16.989999771118164,17.40999984741211,8469400,0.0194231858829705,0.0400235617620039,0.8721432004656103,0.2046593728132538,-0.6147882560817131,471081100,25.76334016193545,1,1,1
2011-10-03,VTRS,13.733384132385254,16.190000534057617,17.06999969482422,16.170000076293945,16.84000015258789,8457400,0.1043853348339223,0.0710314750213325,0.8457145690917961,0.2473730117976183,-0.7523000468834802,462623700,12.336449264512012,1,1,1
2011-10-04,VTRS,13.707934379577637,16.15999984741211,16.18000030517578,15.489999771118164,15.920000076293944,10140500,0.1082920802304492,0.0860148145280481,0.8128574916294635,0.2818389283479424,-0.8538572021798494,452483200,12.619501055059388,1,1,1
2011-10-05,VTRS,14.28475570678711,16.84000015258789,16.920000076293945,16.020000457763672,16.200000762939453,9251900,0.0712589520229334,0.0290973733181862,0.8057146072387688,0.2947824739981287,-0.869449168997118,461735100,21.746582612688726,1,1,1
2011-10-06,VTRS,14.878538131713867,17.540000915527344,17.600000381469727,16.15999984741211,16.84000015258789,8137600,0.0188141337788598,-0.0091221064087345,0.8500003814697258,0.2986809659696284,-0.8159163280753425,469872700,25.93193454919337,1,1,1
2011-10-07,VTRS,14.69192123413086,17.31999969482422,17.729999542236328,17.299999237060547,17.639999389648438,5554700,0.0202078745748661,0.0415705100109375,0.835714612688336,0.3039637383650428,-0.7822264067474123,464318000,25.93192653278756,1,1,1
2011-10-10,VTRS,15.166948318481444,17.8799991607666,17.959999084472656,17.450000762939453,17.75,4900600,-0.0302012882284474,0.0363535546078312,0.8492859431675495,0.3024327764152646,-0.7022445861247419,469218600,32.579177970270706,0,0,0
2011-10-11,VTRS,15.192398071289062,17.90999984741211,18.1299991607666,17.600000381469727,17.829999923706055,7805600,-0.0201005367626276,0.0167503763046594,0.8150001253400525,0.2916810267468394,-0.6291847620740043,477024200,37.24490027617626,0,0,0
2011-10-12,VTRS,15.302671432495115,18.040000915527344,18.239999771118164,17.889999389648438,18.100000381469727,6812300,-0.0393570374605789,0.0842571215784557,0.7392858777727395,0.2799294577559026,-0.5544035068903135,483836500,47.15448509748797,0,0,0
2011-10-13,VTRS,15.158467292785645,17.8700008392334,18.010000228881836,17.649999618530273,17.940000534057617,5804100,-0.027420350053426,0.1387800462097077,0.7335715975080213,0.2646257254000358,-0.5030574753608441,478032400,45.84980430841883,0,0,0
2011-10-14,VTRS,14.988810539245604,17.670000076293945,18.030000686645508,17.350000381469727,18.030000686645508,7246000,0.020939492792068,0.1477080135304094,0.7192859649658198,0.2372730287369873,-0.4730507311735401,470786400,42.01184812103789,1,1,1
2011-10-17,VTRS,14.708888053894045,17.34000015258789,17.899999618530273,17.280000686645508,17.639999389648438,5868300,0.068627481175657,0.1286043553986655,0.7235715048653736,0.2085671929198152,-0.4704750624771527,464918100,39.10615398221724,1,1,1
2011-10-18,VTRS,14.8870210647583,17.549999237060547,17.68000030517578,17.100000381469727,17.34000015258789,4741200,0.0376068305472276,0.0586895003659282,0.6985714776175362,0.1704314717364906,-0.4463434855351273,469659300,48.32636233698762,1,1,1
2011-10-19,VTRS,14.700404167175291,17.329999923706055,17.729999542236328,17.290000915527344,17.59000015258789,5061700,0.1286785661889049,0.0790537129408377,0.6642856597900391,0.1464994081252801,-0.4399002467109945,464597600,46.385538477094215,1,1,1
2011-10-20,VTRS,14.742815971374512,17.3799991607666,17.68000030517578,17.020000457763672,17.389999389648438,4377100,0.1708861544370825,0.0868814903219612,0.6614284515380859,0.1419468481994044,-0.4258504737731705,468974700,54.50345525088892,1,1,1
2011-10-21,VTRS,15.302671432495115,18.040000915527344,18.049999237060547,17.489999771118164,17.59000015258789,5678300,0.1241684954234207,0.0260531756930211,0.6449999128069196,0.1390973705171542,-0.3573401074304456,474653000,72.07635395437572,1,1,1
2011-10-24,VTRS,15.718323707580566,18.530000686645508,18.6299991607666,17.8799991607666,18.030000686645508,8364800,0.0561251467695969,0.0080949602251432,0.648571286882673,0.1399939459142069,-0.2605033417174027,483017800,75.4838611762959,1,1,1
2011-10-25,VTRS,15.446877479553224,18.209999084472656,18.780000686645508,18.100000381469727,18.530000686645508,7387800,0.0203185534231513,0.0428336477683077,0.632857050214495,0.135322037198956,-0.2071925751159291,475630000,65.96733591262307,1,1,1
2011-10-26,VTRS,16.59203338623047,19.559999465942383,19.8700008392334,18.34000015258789,18.96999931335449,11937600,-0.043967215055417,-0.0746420820212591,0.648571423121861,0.1686144390197456,-0.0553713734150136,487567600,70.44531145933277,0,0,0
2011-10-27,VTRS,17.262157440185547,20.350000381469727,20.520000457763672,19.96999931335449,20.14999961853028,11594000,-0.0717445191377358,-0.0982800964377945,0.6864286150251117,0.2151593593584038,0.1272278903917616,499161600,77.49544884795881,0,0,0
2011-10-28,VTRS,17.20277976989746,20.280000686645508,20.38999938964844,20.01000022888184,20.25,5883900,-0.0872781261259633,-0.0764300341187791,0.6678571701049805,0.242656334623563,0.2632560799365357,493277700,73.90437732339183,0,0,0
2011-10-31,VTRS,16.600513458251953,19.56999969482422,20.1299991607666,19.56999969482422,20.1299991607666,5298500,-0.0454777416212132,-0.0567195006469586,0.6807144709995815,0.2367762704231417,0.310192547270077,487979200,64.56139047611398,0,0,0
2011-11-01,VTRS,15.760736465454102,18.57999992370605,19.32999992370605,18.549999237060547,19.059999465942383,9158200,0.0220667303065484,0.0064586027839694,0.7285716193062919,0.2154926673593691,0.2644568342681808,478821000,54.115844040599725,1,1,1
2011-11-02,VTRS,15.862526893615724,18.700000762939453,19.1200008392334,18.46999931335449,18.780000686645508,9603400,-0.0320855805877203,-0.0283422815519819,0.7471430642264233,0.2044916073369012,0.2351829741141635,488424400,56.37480344213221,0,0,0
2011-11-03,VTRS,16.02369499206543,18.88999938964844,18.979999542236328,18.51000022888184,18.81999969482422,6066600,-0.0285865021506898,-0.0524086714190514,0.7321429933820452,0.2021391716325656,0.2247240513478949,494491000,59.384607348924106,0,0,0
2011-11-04,VTRS,15.7013578414917,18.51000022888184,18.84000015258789,18.350000381469727,18.709999084472656,6593200,0.011885430072076,-0.0351161323875112,0.7264287131173273,0.1948988822159762,0.1836554574231677,487897800,58.931296731853344,1,1,1
2011-11-07,VTRS,15.845561981201172,18.68000030517578,18.690000534057617,18.14999961853028,18.51000022888184,6173800,-0.0117773670829206,-0.0546038780032061,0.723571641104562,0.1930255178271599,0.1629475285833912,494071600,58.67896080883274,0,0,0
2011-11-08,VTRS,16.108522415161133,18.989999771118164,19.11000061035156,18.540000915527344,18.799999237060547,6217100,-0.0152711433214322,-0.0579252445880865,0.7328574316842212,0.1921144195688817,0.1695957180452545,500288700,62.57575205863533,0,0,0
2011-11-09,VTRS,15.353569984436035,18.100000381469727,19.280000686645508,17.950000762939453,18.559999465942383,6631800,0.0038673863728688,-0.0265193111668515,0.7807145799909316,0.1917656283480297,0.1018745964488871,493656900,54.83871629326399,1,1,1
2011-11-10,VTRS,15.565633773803713,18.350000381469727,18.440000534057617,17.959999084472656,18.309999465942383,4389500,-0.0245232018302231,-0.0512261860771867,0.7671432495117185,0.1891169352841179,0.067598793529239,498046400,52.20483240159045,0,0,0
2011-11-11,VTRS,15.887974739074709,18.729999542236328,18.809999465942383,18.459999084472656,18.549999237060547,2915500,-0.0464494902908518,-0.0245594818854829,0.7464288984026225,0.1838702565753304,0.0702874987270867,500961900,51.44507842041767,0,0,0
2011-11-14,VTRS,15.658939361572266,18.459999084472656,18.700000762939453,18.32999992370605,18.64999961853028,3701800,-0.0433369055653667,0.0016251727049512,0.7264288493565151,0.1730191205890791,0.0500545389467923,497260100,51.81950537750238,0,0,0
2011-11-15,VTRS,15.862526893615724,18.700000762939453,18.780000686645508,18.26000022888184,18.450000762939453,3224200,-0.0433155796921845,0.0443850208472176,0.6450001852852955,0.1639889558650732,0.0527775158747161,500484300,42.53473377752039,0,0,0
2011-11-16,VTRS,15.412946701049805,18.170000076293945,18.63999938964844,18.13999938964844,18.450000762939453,4121600,-0.030269633172876,0.083654400186095,0.6164287839617043,0.1518783000973684,0.0120301921300054,496362700,30.18181540749293,0,0,0
2011-11-17,VTRS,15.183913230895996,17.899999618530273,18.21999931335449,17.639999389648438,18.100000381469727,6632300,-0.0273742894726607,0.0893854980764015,0.6307145527430935,0.1427435046040863,-0.0415699435272536,489730400,29.12280044250485,0,0,0
2011-11-18,VTRS,15.149984359741213,17.860000610351562,18.14999961853028,17.81999969482422,17.93000030517578,5155300,0.0229563176596128,0.1192608671878805,0.6035716193062913,0.1451165209759743,-0.086281424326799,484575100,33.0019930470869,1,1,1
2011-11-21,VTRS,14.980329513549805,17.65999984741211,17.84000015258789,17.489999771118164,17.709999084472656,4831200,0.046998863583098,0.1217440338112649,0.5571430751255575,0.1539417830801958,-0.1362829994973786,479743900,39.150941910884576,1,1,1
2011-11-22,VTRS,15.175430297851562,17.889999389648438,18.059999465942383,17.219999313354492,17.639999389648438,8686700,0.0916714003884211,0.1196199759646343,0.5707144056047705,0.1571537404544633,-0.1555573983329949,488430600,40.68963612160032,1,1,1
2011-11-23,VTRS,14.94640064239502,17.6200008392334,18.100000381469727,17.56999969482422,17.809999465942383,5216400,0.1174801132934724,0.0993189510016014,0.5750002179827004,0.1596119751726914,-0.1904240350796726,483214200,35.665925398099915,1,1,1
2011-11-25,VTRS,14.768263816833496,17.40999984741211,17.65999984741211,17.399999618530273,17.59000015258789,1786000,0.1200459604196122,0.1487650876098587,0.5550003051757805,0.1448893517549515,-0.2323233420198853,481428200,37.08919809426325,1,1,1
2011-11-28,VTRS,15.49777126312256,18.270000457763672,18.270000457763672,17.690000534057617,17.760000228881836,4117900,0.0941433645462004,0.1001641969269033,0.5778574262346535,0.1135330302769875,-0.1938988376057402,485546100,45.85858803819012,1,1,1
2011-11-29,VTRS,15.6843900680542,18.489999771118164,18.68000030517578,18.07999992370605,18.270000457763672,6314600,0.0713899248871863,0.0838291597401921,0.5800003324236188,0.0965785433102574,-0.1440346927674554,491860700,44.855967724211546,1,1,1
2011-11-30,VTRS,16.56658172607422,19.530000686645508,19.530000686645508,19.0,19.040000915527344,8595700,0.0256016376047492,0.021505379494489,0.5592861175537109,0.1122086014370833,-0.0203628858262447,500456400,64.27145404624233,1,1,1
2011-12-01,VTRS,16.702308654785156,19.690000534057617,19.86000061035156,19.56999969482422,19.709999084472656,7538200,-0.0162518885802323,0.0279329213886621,0.5485717228480745,0.1279996342408385,0.0895265562810934,507994600,63.617882239102336,0,0,0
2011-12-02,VTRS,16.5411376953125,19.5,19.940000534057617,19.40999984741211,19.86000061035156,5815700,0.0256410256410255,0.0707691877316205,0.5535718372889925,0.1363294881838518,0.1594452896166522,502178900,58.13953394594263,1,1,1
2011-12-05,VTRS,16.956783294677734,19.989999771118164,20.350000381469727,19.780000686645508,19.84000015258789,5221500,0.0055027819715383,0.0315158116722678,0.5857147489275246,0.1545518609293594,0.2514961844887899,507400400,65.45454405337182,1,1,1
2011-12-06,VTRS,16.804096221923828,19.809999465942383,20.13999938964844,19.729999542236328,20.030000686645508,4967900,0.0116103713167878,0.0832912500258757,0.5778575624738421,0.1658529733983693,0.3063907793804148,502432500,61.34967697947826,1,1,1
2011-12-07,VTRS,16.99071502685547,20.030000686645508,20.1299991607666,19.440000534057617,19.68000030517578,8078100,-0.0039940050406185,0.0609086006755803,0.5871430805751258,0.1783629784614674,0.3634576872361492,510510600,70.30567540104279,0,0,0
2011-12-08,VTRS,16.430866241455078,19.3700008392334,19.88999938964844,19.309999465942383,19.809999465942383,9096700,0.0449147596381414,0.1135776334678717,0.597143173217774,0.1793112105462292,0.3513766991559315,501413900,64.7887410427553,1,1,1
2011-12-09,VTRS,16.965267181396484,20.0,20.049999237060547,19.3799991607666,19.459999084472656,4505800,0.0439999580383301,0.0914999961853024,0.6221430642264233,0.1879892533163176,0.3881635879957628,505919700,69.24459407445931,1,1,1
2011-12-12,VTRS,17.050094604492188,20.100000381469727,20.64999961853028,19.709999084472656,19.739999771118164,9168600,0.0258706690494923,0.0691541971775226,0.6628573281424391,0.1973853089064768,0.4205389462867117,515088300,72.34432317606327,1,1,1
2011-12-13,VTRS,16.99920082092285,20.040000915527344,20.559999465942383,19.8799991607666,20.25,8612300,0.0708581888259831,0.0723552290093627,0.6514287676130027,0.2034242607889387,0.4363255066812392,506476000,70.32137196392696,1,1,1
2011-12-14,VTRS,16.922855377197266,19.950000762939453,20.15999984741211,19.920000076293945,19.96999931335449,4856900,0.0651628665335952,0.0932330141289115,0.6307144165039068,0.2080637111788769,0.4365420246564788,501619100,72.79842246295695,1,1,1
2011-12-15,VTRS,17.168851852416992,20.239999771118164,20.3700008392334,20.1200008392334,20.13999938964844,3794100,0.06571145942422,0.0602766465983557,0.6421429770333431,0.2110588003423077,0.4548706473731982,505413200,77.2639656309777,1,1,1
2011-12-16,VTRS,17.711734771728516,20.8799991607666,21.06999969482422,20.14999961853028,20.3700008392334,9791100,0.0454981226591471,0.0608237791575201,0.6464286531720845,0.2169327608920478,0.515101050700153,515204300,76.25753585105946,1,1,1
2011-12-19,VTRS,17.491193771362305,20.6200008392334,21.030000686645508,20.51000022888184,20.920000076293945,4885500,0.0421919930395653,0.054316143855521,0.6407143729073658,0.2141372262730291,0.5356794088459722,510318800,71.25750281153181,1,1,1
2011-12-20,VTRS,18.203733444213867,21.459999084472656,21.489999771118164,20.82999992370605,20.959999084472656,7048800,0.0013979817299811,0.0013979817299811,0.6285713740757531,0.2161627385440319,0.6127058524967275,517367600,70.06237154629805,1,1,1
2011-12-21,VTRS,18.025598526000977,21.25,21.479999542236328,20.96999931335449,21.39999961853028,5942800,0.0263529160443474,0.0103529088637406,0.6414285387311666,0.2124239248682324,0.6493197391882859,511424800,66.04939410220496,1,1,1
2011-12-22,VTRS,18.29704475402832,21.56999969482422,21.65999984741211,21.13999938964844,21.34000015258789,4294900,-0.0050997038436656,0.0064904678548525,0.6407142366681781,0.2019540329201502,0.6961332187851603,515719700,70.74150464376876,0,0,0
2011-12-23,VTRS,18.51758575439453,21.82999992370605,21.84000015258789,21.489999771118164,21.670000076293945,2364800,0.0146587125947135,0.016491095355462,0.6049999509538923,0.1813997392549867,0.745618063294252,518084500,69.32775499998395,1,1,1
2011-12-27,VTRS,18.229177474975582,21.489999771118164,21.84000015258789,21.450000762939453,21.82999992370605,2864000,0.0116333179461449,0.038157268662528,0.6035713468279155,0.1680418238477086,0.7487686493750552,515220500,67.07319342475697,1,1,1
2011-12-28,VTRS,18.229177474975582,21.489999771118164,21.770000457763672,21.3700008392334,21.56999969482422,3865400,0.0,0.0367613273123008,0.5828571319580076,0.1532797478543043,0.7427040812118655,515220500,65.53192784530165,0,0,0
2011-12-29,VTRS,18.500619888305664,21.809999465942383,21.84000015258789,21.520000457763672,21.63999938964844,2389900,-0.0155891866535267,-0.0045850703309683,0.5564285005841934,0.1571976628479292,0.7550158159279725,517610400,77.98168067432762,0,0,0
2011-12-30,VTRS,18.203733444213867,21.459999084472656,21.780000686645508,21.450000762939453,21.700000762939453,2190900,0.0116495811120926,0.0051258441306809,0.5335713795253206,0.155986891187367,0.7281373347372764,515419500,67.89217107071602,1,1,1
2012-01-03,VTRS,18.78903579711914,22.14999961853028,22.32999992370605,21.90999984741211,21.959999084472656,5825600,0.0018059104386565,-0.0139954614573919,0.5285714013235902,0.1585708714383125,0.753823611908853,521245100,71.94862650311104,1,1,1
2012-01-04,VTRS,18.441246032714844,21.739999771118164,22.1200008392334,21.63999938964844,22.11000061035156,5090100,0.0262189374804626,0.0059798100038594,0.5164285387311656,0.1588045200642163,0.7326510650342293,516155000,66.9322772740692,1,1,1
2012-01-05,VTRS,18.229177474975582,21.489999771118164,21.670000076293945,21.32999992370605,21.530000686645508,10373700,0.0367613273123008,0.003257314824093,0.5285714013235905,0.153120562191158,0.6877705674540096,505781300,64.8648708359093,1,1,1
2012-01-06,VTRS,18.212215423583984,21.46999931335449,21.729999542236328,21.3799991607666,21.57999992370605,7296500,0.0111783781459595,0.0023288843040663,0.5235714231218606,0.1485355639307094,0.6431744651128142,498484800,62.52546370751577,1,1,1
2012-01-09,VTRS,18.415796279907227,21.709999084472656,21.75,21.34000015258789,21.57999992370605,5351900,-0.0064486133372786,-0.0400736512470423,0.4871428353445868,0.1315393131956305,0.620050156243952,503836700,59.20178030625021,0,0,0
2012-01-10,VTRS,18.82296371459961,22.190000534057617,22.209999084472656,21.790000915527344,21.96999931335449,4583100,-0.0157728874739114,-0.0441641021180164,0.4857142312186105,0.1279447687294826,0.6331574355159368,508419800,66.59619288337103,0,0,0
2012-01-11,VTRS,18.924755096435547,22.309999465942383,22.350000381469727,22.01000022888184,22.190000534057617,8325600,-0.0197220366311827,-0.0497534168343397,0.4478571755545477,0.1242861040156383,0.6457837664290551,516745400,60.59850789218961,0,0,0
2012-01-12,VTRS,18.899311065673828,22.280000686645508,22.350000381469727,21.82999992370605,22.280000686645508,5036000,-0.0323160322492579,-0.0556552842415939,0.448571477617536,0.1153916316961085,0.6459237667569155,511709400,63.44648442771819,0,0,0
2012-01-13,VTRS,18.415796279907227,21.709999084472656,22.25,21.63999938964844,22.09000015258789,4140600,-0.0087516644275159,-0.0336250379097636,0.4571429661342073,0.0952107550158591,0.5932022857378065,507568800,51.71567802473568,0,0,0
2012-01-17,VTRS,18.29704475402832,21.56999969482422,22.049999237060547,21.479999542236328,21.729999542236328,3907500,-0.0338432801374352,-0.0380157490229812,0.4728572028023853,0.0767373600843801,0.5339680996028733,503661300,46.71716964946703,0,0,0
2012-01-18,VTRS,18.52607536315918,21.84000015258789,21.90999984741211,21.3799991607666,21.520000457763672,4284300,-0.0288462025509914,0.0059523424843563,0.4828572954450332,0.0701477495822807,0.503012940719298,507945600,54.49871805621135,0,0,0
2012-01-19,VTRS,18.5515193939209,21.8700008392334,22.040000915527344,21.729999542236328,21.790000915527344,3459300,-0.0306355761583697,-0.0050297487942581,0.4764288493565148,0.0543351779476859,0.4754211993238932,511404900,54.84694994672076,0,0,0
2012-01-20,VTRS,18.288557052612305,21.559999465942383,21.8700008392334,21.440000534057617,21.8700008392334,4089500,-0.0241186717669665,0.0408163770831879,0.482143129621233,0.0536106585544678,0.4236563784316409,507315400,46.803072047953926,0,0,0
2012-01-23,VTRS,18.254627227783203,21.520000457763672,21.93000030517578,21.5,21.600000381469727,3827100,-0.0250929788122996,0.0376393795870091,0.487143244062151,0.0504056971551169,0.3750810978387697,503488300,50.8333518769888,0,0,0
2012-01-24,VTRS,17.67780876159668,20.84000015258789,21.489999771118164,20.71999931335449,21.40999984741211,8051100,-0.0043186253324818,0.0810940749368351,0.4821432658604215,0.0621392143990813,0.2785040747637879,495437200,31.754892558953784,0,0,0
2012-01-25,VTRS,17.99166488647461,21.209999084472656,21.43000030517578,20.3700008392334,20.3700008392334,5788700,0.0358321669819501,0.0792079385993784,0.5214289256504606,0.0652238006854645,0.2291800646444102,501225900,42.53520400295937,1,1,1
2012-01-26,VTRS,17.983184814453125,21.200000762939453,21.5,21.01000022888184,21.32999992370605,6784700,0.0264150681976078,0.0830187857639102,0.5271432059151783,0.0677428277502052,0.1871265716406043,494441200,45.6193496228232,1,1,1
2012-01-27,VTRS,17.847463607788086,21.040000915527344,21.3799991607666,20.8700008392334,21.200000762939453,4279800,0.0665399029282876,0.0836501066991084,0.5385716302054266,0.0721462967297943,0.1392826611273605,490161400,43.76813709473672,1,1,1
2012-01-30,VTRS,17.79656410217285,20.979999542236328,21.040000915527344,20.690000534057617,20.82999992370605,4372600,0.0643470167266657,0.0943755760456643,0.534285954066685,0.0767278640497039,0.0954244147233716,485788800,38.837929051307086,1,1,1
2012-01-31,VTRS,17.601465225219727,20.75,21.209999084472656,20.6200008392334,21.030000686645508,4415700,0.0857831656214702,0.11999998896955,0.5407144001552034,0.0841946985095224,0.0416275412116711,481373100,26.15892011173784,1,1,1
2012-02-01,VTRS,18.63634490966797,21.96999931335449,22.34000015258789,20.940000534057617,20.959999084472656,12070500,0.041875289260238,0.0541647961424502,0.630000114440918,0.082397120126899,0.0963264882013028,493443600,45.87378348624529,1,1,1
2012-02-02,VTRS,18.45821189880371,21.76000022888184,22.040000915527344,21.6200008392334,21.979999542236328,4556300,0.0551470056511336,0.0845588296522934,0.622857230050223,0.0824713601772116,0.121331987073411,488887300,43.95348197643938,1,1,1
2012-02-03,VTRS,19.035032272338867,22.440000534057617,22.46999931335449,22.020000457763672,22.06999969482422,5039700,0.0160427225684132,0.0436719928214335,0.6278570720127645,0.0894487303725455,0.1937855277755673,493927000,58.27666429221116,1,1,1
2012-02-06,VTRS,18.94171905517578,22.32999992370605,22.43000030517578,22.200000762939453,22.31999969482422,5258500,0.028213128657371,0.0165696748991297,0.6042856488909035,0.0935645392517181,0.2395677627959322,488668500,58.67580336189855,1,1,1
2012-02-07,VTRS,19.111373901367188,22.530000686645508,22.559999465942383,22.1200008392334,22.34000015258789,6329500,0.0315134959091902,0.0403905823203771,0.597856930324009,0.0998153193546245,0.2886613951085301,494998000,58.00464755865984,1,1,1
2012-02-08,VTRS,19.41674995422364,22.88999938964844,22.90999984741211,22.440000534057617,22.530000686645508,4689600,0.0117955642185718,0.034949810648355,0.6092853546142573,0.1090586217407871,0.3525533238538649,499687600,60.99136965382019,1,1,1
2012-02-09,VTRS,19.47612571716309,22.959999084472656,23.06999969482422,22.670000076293945,22.8799991607666,4631200,0.027874622060847,0.0226481044642261,0.6071424484252924,0.1175155440895722,0.4041774223285941,504318800,65.9091017463094,1,1,1
2012-02-10,VTRS,19.34040260314941,22.799999237060547,22.88999938964844,22.549999237060547,22.780000686645508,3033400,0.0271930201745624,0.0171053206161138,0.6057138442993159,0.1229503141339095,0.4272541222251647,501285400,64.15928904792852,1,1,1
2012-02-13,VTRS,19.47612571716309,22.959999084472656,23.049999237060547,22.799999237060547,22.8799991607666,2974500,-0.0113239691594341,0.010017485137467,0.5664280482700885,0.1311056496825784,0.4532286855020757,504259900,76.50001192094037,0,0,0
2012-02-14,VTRS,19.713638305664062,23.239999771118164,23.81999969482422,23.11000061035156,23.459999084472656,6848900,0.0086058848928221,0.0086058848928221,0.552142415727887,0.1410777994153623,0.4907503646622366,511108800,75.95910174076147,1,1,1
2012-02-15,VTRS,19.64578056335449,23.15999984741211,23.600000381469727,23.030000686645508,23.36000061035156,6915300,0.0228843130456553,0.020725368972313,0.5578566959926056,0.1486850370253035,0.5081733345956465,504193500,74.6231069083409,1,1,1
2012-02-16,VTRS,20.019014358520508,23.600000381469727,23.65999984741211,23.13999938964844,23.209999084472656,6608000,-0.0050847812412587,-0.0186440901248077,0.5585711342947816,0.1607998944426649,0.5511324182050963,510801500,80.04694047415973,0,0,0
2012-02-17,VTRS,19.866331100463867,23.420000076293945,23.65999984741211,23.309999465942383,23.489999771118164,5956600,-0.0098206465195163,-0.0328779015907465,0.5585711342947816,0.1667238062622229,0.5641501098713526,504844900,77.85389271205436,0,0,0
2012-02-21,VTRS,19.255578994750977,22.700000762939453,23.8799991607666,22.530000686645508,23.81999969482422,11037800,0.0215858922753056,-0.0215859762994715,0.6128568649291984,0.1651354027459984,0.510484252306707,493807100,70.02054610497395,1,1,1
2012-02-22,VTRS,19.88329315185547,23.440000534057617,23.850000381469727,22.71999931335449,22.71999931335449,9387500,0.0,-0.0456484501043223,0.5814282553536544,0.1599693664028646,0.5216521889215286,503194600,66.74261304192176,0,0,0
2012-02-23,VTRS,20.095359802246094,23.690000534057617,23.780000686645508,23.270000457763672,23.36000061035156,6257400,-0.0021106434479515,-0.0468552378779303,0.5878568376813609,0.1595551344272801,0.5444002624639595,509452000,71.78329765486544,0,0,0
2012-02-24,VTRS,19.917224884033203,23.479999542236328,23.86000061035156,23.3799991607666,23.709999084472656,4532400,-0.0136286073706516,-0.0217206234593164,0.5714284351893829,0.1539570871579406,0.5392666197383633,504919600,63.13129731945334,0,0,0
2012-02-27,VTRS,19.67122840881348,23.190000534057617,23.36000061035156,22.920000076293945,23.239999771118164,4320800,-0.0232859380375725,-0.0172487972970427,0.5942855562482556,0.140855495083585,0.5059652224235585,500598800,60.38648233260483,0,0,0
2012-02-28,VTRS,19.67122840881348,23.190000534057617,23.31999969482422,22.8799991607666,23.270000457763672,7347000,-0.0422596561886964,-0.0025873812811213,0.5942856924874437,0.122478967150978,0.4741083986307757,500598800,58.37563550070824,0,0,0
2012-02-29,VTRS,19.88329315185547,23.440000534057617,23.600000381469727,23.049999237060547,23.1299991607666,8367300,-0.0456484501043223,-0.0332764790475235,0.6000001089913499,0.0911945238617198,0.463689423879952,508966100,57.18017174106069,0,0,0
2012-03-01,VTRS,20.05294609069824,23.63999938964844,23.71999931335449,23.239999771118164,23.39999961853028,5053800,-0.0448392340655704,-0.0283417975292898,0.6057143892560679,0.0852566981870901,0.4661965241778105,514019900,58.58586442408658,0,0,0
2012-03-02,VTRS,19.64578056335449,23.15999984741211,23.68000030517578,23.06999969482422,23.65999984741211,3969700,-0.0082038227681098,-0.0116580509301617,0.6200001580374573,0.068069136314989,0.4245574338717794,510050200,54.205615806398704,0,0,0
2012-03-05,VTRS,19.213165283203125,22.64999961853028,23.209999084472656,22.59000015258789,23.14999961853028,5673900,0.0061810728192035,0.0097130783403251,0.6464286531720835,0.0653373940361253,0.3464121746742385,504376300,46.65227297912673,1,1,1
2012-03-06,VTRS,18.839927673339844,22.209999084472656,22.56999969482422,22.020000457763672,22.40999984741211,6900500,0.0414227876730139,0.0238631566183196,0.6299999782017294,0.0676516942852897,0.2461397817066171,497475800,39.24842484427632,1,1,1
2012-03-07,VTRS,18.97565078735352,22.3700008392334,22.489999771118164,22.170000076293945,22.280000686645508,4244900,0.0129637459677738,0.0308448189907457,0.6121428353445866,0.0699855238083124,0.1775374510524265,501720700,41.88912862381492,1,1,1
2012-03-08,VTRS,19.153789520263672,22.57999992370605,22.770000457763672,22.459999084472656,22.5,6046400,0.0172718950826473,0.0217006099545524,0.6035713468279155,0.0724267076646951,0.1385180311980747,507767100,39.00861431103596,1,1,1
2012-03-09,VTRS,19.484607696533203,22.96999931335449,23.020000457763672,22.530000686645508,22.64999961853028,5121400,-0.003482800439595,0.0004353604345135,0.6135713032313753,0.0723983659721924,0.1374797700169239,512888500,45.36081541735945,0,0,0
2012-03-12,VTRS,19.331920623779297,22.790000915527344,23.0,22.670000076293945,22.90999984741211,3430800,0.003510308051438,0.0232557594561471,0.5407142639160154,0.0724618956698642,0.1207407499484247,509457700,51.04408588826736,1,1,1
2012-03-13,VTRS,19.620332717895508,23.1299991607666,23.14999961853028,22.86000061035156,22.90999984741211,5365200,-0.0168611934197542,0.0095115101031344,0.4842856270926339,0.0722476660379115,0.1333725372648544,514822900,46.035784043036855,0,0,0
2012-03-14,VTRS,19.221649169921875,22.65999984741211,23.200000762939453,22.59000015258789,23.049999237060547,6193100,0.0176522339463278,0.0216239971058131,0.4914285114833286,0.0739824427843349,0.1042564990569729,508629800,37.53024397926021,1,1,1
2012-03-15,VTRS,19.484607696533203,22.96999931335449,23.1299991607666,22.790000915527344,22.90999984741211,4899100,0.0043535213086223,0.010013123920785,0.4907140731811526,0.0740273941195065,0.1049859820854379,513528900,43.97161969306517,1,1,1
2012-03-16,VTRS,19.41674995422364,22.88999938964844,23.07999992370605,22.690000534057617,22.8799991607666,5453000,0.0039318547395237,0.0244648924518653,0.4785712105887277,0.071212456998999,0.0979793326287925,508075900,46.268637596168254,1,1,1
2012-03-19,VTRS,19.3997802734375,22.8700008392334,22.93000030517578,22.549999237060547,22.780000686645508,5507100,0.0196763812452007,0.0279842311396212,0.474285534449986,0.0697616869845243,0.0897778929059569,502568800,46.03960115574188,1,1,1
2012-03-20,VTRS,19.28950881958008,22.739999771118164,22.979999542236328,22.690000534057617,22.81999969482422,3069800,0.0268250051227492,0.0351803497124592,0.4557139532906668,0.0695107137929559,0.0719586980266697,499499000,41.07140598071432,1,1,1
2012-03-21,VTRS,19.560949325561523,23.059999465942383,23.09000015258789,22.64999961853028,22.670000076293945,4273200,0.0039028688062554,0.0043365300861093,0.4528568812779018,0.0674130129026198,0.0827047893975176,503772200,42.821774582283005,1,1,1
2012-03-22,VTRS,19.569435119628903,23.06999969482422,23.15999984741211,22.81999969482422,22.940000534057617,4997200,0.0056350702139107,-0.0208062223054131,0.4335711342947824,0.0614977519767239,0.0909793260872184,508769400,48.73949220657517,1,1,1
2012-03-23,VTRS,19.49309158325196,22.979999542236328,23.100000381469727,22.81999969482422,23.06999969482422,3570300,0.020452620977615,-0.0435161018241988,0.4092855453491211,0.0578762890879275,0.089245924414449,505199100,55.238101004841,1,1,1
2012-03-26,VTRS,19.78150177001953,23.31999969482422,23.34000015258789,23.049999237060547,23.100000381469727,4506600,0.0081475358723863,-0.0767581059864247,0.3899999346051895,0.0589558363070806,0.1139933179038834,509705700,68.19675862810782,1,1,1
2012-03-27,VTRS,19.80694961547852,23.350000381469727,23.450000762939453,23.209999084472656,23.3799991607666,3492000,0.0081370677067911,-0.0620985327302243,0.3842857905796593,0.0602876088997253,0.1344764494254029,513197700,66.78084652476497,1,1,1
2012-03-28,VTRS,19.637296676635746,23.14999961853028,23.350000381469727,22.90999984741211,23.350000381469727,3262600,0.0004319753367869,-0.0328293840779806,0.3871429988316124,0.0576338609335898,0.1330375149764293,509935100,59.79382254161452,1,1,1
2012-03-29,VTRS,19.679706573486328,23.200000762939453,23.25,22.93000030517578,23.0,2979200,-0.0262931288918748,-0.0487069409894305,0.3750001362391878,0.0515086699473506,0.1343827429253927,512914300,54.4747402255721,0,0,0
2012-03-30,VTRS,19.89177894592285,23.450000762939453,23.489999771118164,23.229999542236328,23.350000381469727,3914900,-0.0626866171802572,-0.0575693107696302,0.3721429279872347,0.054733818590434,0.1538482891198711,516829200,62.500000000000064,0,0,0
2012-04-02,VTRS,19.942670822143555,23.51000022888184,23.6299991607666,23.36000061035156,23.420000076293945,4135100,-0.0842194607809454,-0.0357294829608704,0.3657143456595282,0.0578332150257752,0.1721320985027432,520964300,58.05086800504327,0,0,0
2012-04-03,VTRS,19.96811485290528,23.540000915527344,23.549999237060547,23.32999992370605,23.39999961853028,3949600,-0.0696687014958991,-0.0437553375780075,0.3378571101597377,0.053262609779457,0.1868886181960611,524913900,72.916670805874,0,0,0
2012-04-04,VTRS,19.64578056335449,23.15999984741211,23.40999984741211,23.030000686645508,23.40999984741211,3040500,-0.0332469975318115,-0.0462003325506834,0.3407143184116908,0.0463778881273058,0.166006733682245,521873400,54.773874163140434,0,0,0
2012-04-05,VTRS,19.16227149963379,22.59000015258789,23.18000030517578,22.38999938964844,23.13999938964844,8989000,-0.0230190550797363,-0.0332005309842408,0.3692858559744699,0.0462194997110342,0.1022844070978976,512884400,43.95163647214805,0,0,0
2012-04-09,VTRS,18.64482879638672,21.979999542236328,22.290000915527344,21.920000076293945,22.200000762939453,4547400,0.0054595469396079,-0.0191082841237953,0.3900000708443777,0.062047695740015,0.0025328557334205,508337000,35.50489044569126,1,1,1
2012-04-10,VTRS,18.26311111450196,21.530000686645508,22.020000457763672,21.40999984741211,21.90999984741211,5358400,0.0529493429303766,0.0190431878465484,0.4128573281424386,0.0839170435677236,-0.1115462781831269,502978600,32.1534227029411,1,1,1
2012-04-11,VTRS,18.57696533203125,21.89999961853028,22.09000015258789,21.63999938964844,21.670000076293945,5883700,0.0278539096336523,0.0136986826317264,0.4214286804199221,0.0928746696959293,-0.1701377500393768,508862300,33.13954906761771,1,1,1
2012-04-12,VTRS,18.992616653442383,22.38999938964844,22.549999237060547,21.93000030517578,22.0,5956600,-0.0133988050575494,-0.0116123374707212,0.4435714994158063,0.0945325763790802,-0.1750155567886722,514818900,41.32653110874319,0,0,0
2012-04-13,VTRS,18.721172332763672,22.06999969482422,22.39999961853028,22.0,22.34000015258789,5548800,-0.0104213659001666,0.0004531141377486,0.4521428516932899,0.0995509857182578,-0.2023697621561382,509270100,39.03615044792802,0,0,0
2012-04-16,VTRS,18.74662208557129,22.100000381469727,22.229999542236328,21.979999542236328,22.11000061035156,3871800,-0.0244344301450836,-0.0185520289744376,0.4442856652396068,0.1035841658950448,-0.2191016943537249,513141900,34.11460079562224,0,0,0
2012-04-17,VTRS,19.23013496398925,22.670000076293945,22.799999237060547,22.200000762939453,22.229999542236328,4688300,-0.0322011265893064,-0.0423467573264441,0.4771426064627513,0.1036979816126816,-0.184243811509976,517830200,42.237441331625135,0,0,0
2012-04-18,VTRS,19.09440803527832,22.51000022888184,22.65999984741211,22.36000061035156,22.600000381469727,5389500,-0.0137716331759355,-0.0484229294315755,0.467856815883092,0.1042865350385577,-0.1675973804543318,512440700,42.62673540153203,0,0,0
2012-04-19,VTRS,18.73813438415528,22.09000015258789,22.450000762939453,21.729999542236328,22.43000030517578,9688200,0.0018107291943147,-0.0389316706387985,0.500714029584613,0.1070265909976356,-0.186149642773735,502752500,38.216551739777685,1,1,1
2012-04-20,VTRS,18.52607536315918,21.84000015258789,22.200000762939453,21.71999931335449,22.170000076293945,6175600,0.0109890004322972,-0.0384615451794471,0.5142856325422025,0.1115565993052842,-0.2185065475222849,496576900,32.908695081712324,1,1,1
2012-04-23,VTRS,18.288557052612305,21.559999465942383,21.700000762939453,21.39999961853028,21.700000762939453,5123000,0.0060297342919972,-0.0236549277140505,0.5264286313738147,0.1188683125642704,-0.2637035328266606,491453900,30.22311721875312,1,1,1
2012-04-24,VTRS,18.610898971557617,21.940000534057617,22.0,21.51000022888184,21.59000015258789,3847800,-0.0104832016402154,-0.0428441436269998,0.5457143783569336,0.117966664296098,-0.2657956323143295,495301700,34.84848320648386,0,0,0
2012-04-25,VTRS,18.831445693969727,22.200000762939453,22.32999992370605,21.89999961853028,21.950000762939453,4171000,-0.0351351648576353,-0.0702703297152704,0.5400000980922149,0.1139165588351144,-0.2436649725455524,499472700,40.69768301491207,0,0,0
2012-04-26,VTRS,18.772066116333008,22.1299991607666,22.790000915527344,21.850000381469727,22.600000381469727,5807100,-0.0406687597225872,-0.0474468719782896,0.5507143565586633,0.1113462865937899,-0.2291335011331376,493665600,45.06436889909598,0,0,0
2012-04-27,VTRS,18.729656219482425,22.07999992370605,22.270000457763672,21.979999542236328,22.11000061035156,3655600,-0.0489130401919302,-0.0253622947408228,0.5235715593610488,0.1075373094745607,-0.2191257803204607,490010000,51.2195167337262,0,0,0
2012-04-30,VTRS,18.39883041381836,21.690000534057617,22.190000534057617,21.549999237060547,22.09000015258789,8900400,-0.0295067441788274,-0.0124481535784066,0.5257144655500137,0.1011211870834761,-0.2398988759483451,481109600,51.9801956825946,0,0,0
2012-05-01,VTRS,18.415796279907227,21.709999084472656,21.920000076293945,21.559999465942383,21.6200008392334,6160400,-0.0327037823313617,-0.0225702345362429,0.5114288330078123,0.0898831323301464,-0.2518448770373886,487270000,47.425467390804265,0,0,0
2012-05-02,VTRS,18.169801712036133,21.420000076293945,21.700000762939453,21.21999931335449,21.68000030517578,7653800,-0.0364145977529081,-0.0065359191946678,0.5000002724783764,0.0756842364231482,-0.2814680765255382,479616200,36.10316078840721,0,0,0
2012-05-03,VTRS,18.008630752563477,21.229999542236328,21.51000022888184,21.18000030517578,21.440000534057617,3977800,-0.0070654555706352,-0.0032972066101535,0.4950002942766464,0.0687198025165186,-0.3166262603054619,475638400,37.5,0,0,0
2012-05-04,VTRS,17.81352996826172,21.0,21.200000762939453,20.940000534057617,21.1299991607666,3624200,0.0247619265601748,-0.0090476444789341,0.4978573662894115,0.0743977222872804,-0.3589111112481227,472014200,34.550554122365,1,1,1
2012-05-07,VTRS,17.85594367980957,21.049999237060547,21.200000762939453,20.89999961853028,20.920000076293945,3753700,0.0175772376552858,0.0076009431454235,0.4692861012050083,0.0818030760914196,-0.383961569728303,475767900,23.3552406616745,1,1,1
2012-05-08,VTRS,17.81352996826172,21.0,21.059999465942383,20.57999992370605,20.940000534057617,4753900,0.010476157778785,0.0128571646554129,0.481428963797433,0.0879504905311349,-0.4032009100155775,471014000,24.23206391509231,1,1,1
2012-05-09,VTRS,17.508155822753906,20.63999938964844,20.8700008392334,20.209999084472656,20.81999969482422,5488000,0.031007815693931,0.0121124034589545,0.482143265860421,0.1001240272069931,-0.4423975824622488,465526000,24.738653265156145,1,1,1
2012-05-10,VTRS,17.881389617919922,21.07999992370605,21.450000762939453,21.01000022888184,21.270000457763672,5465300,0.0037950628081404,0.0094877022610679,0.5057146889822816,0.1003874553536253,-0.4329659005231363,470991300,37.58169343915578,1,1,1
2012-05-11,VTRS,18.254627227783203,21.520000457763672,21.780000686645508,21.059999465942383,21.1200008392334,7494600,-0.032992610442308,0.0051114637854594,0.5257147380283895,0.0995009019835413,-0.3855425640873449,478485900,49.37889725608293,0,0,0
2012-05-14,VTRS,18.169801712036133,21.420000076293945,21.549999237060547,21.170000076293945,21.309999465942383,8361200,-0.0098039678372224,0.0219420780429713,0.5178575515747068,0.0984373630283698,-0.3519711193721342,470124700,41.156450669064455,0,0,0
2012-05-15,VTRS,18.00014877319336,21.21999931335449,21.51000022888184,21.1200008392334,21.40999984741211,5197500,0.0023563216789415,0.014608924755993,0.5150003433227545,0.0897107664484649,-0.3376121153497209,464927200,32.98608098684119,1,1,1
2012-05-16,VTRS,18.0510482788086,21.280000686645508,21.770000457763672,21.14999961853028,21.21999931335449,8271100,-0.0183271280269184,0.0183270383958769,0.4921432222638814,0.081026811713795,-0.3177283175727652,473198300,35.19165870276319,0,0,0
2012-05-17,VTRS,17.949251174926758,21.15999984741211,21.63999938964844,21.15999984741211,21.25,7558100,0.0056711172069348,-0.0085066307407273,0.5057145527430948,0.0783001663686817,-0.3081017245231372,465640200,34.3537430412604,1,1,1
2012-05-18,VTRS,17.652360916137695,20.809999465942383,21.350000381469727,20.739999771118164,21.229999542236328,7562400,0.0394041189749296,0.0043248512685061,0.50357164655413,0.0809193622926036,-0.324968649578448,458077800,34.82757577431737,1,1,1
2012-05-21,VTRS,17.99166488647461,21.209999084472656,21.3799991607666,20.729999542236328,20.82999992370605,6278100,0.0320603646642114,-0.0103724338920668,0.5242858614240379,0.0810856401439122,-0.3025713289888436,464355900,42.37805480831743,1,1,1
2012-05-22,VTRS,18.042564392089844,21.270000457763672,21.559999465942383,21.14999961853028,21.26000022888184,5662600,0.012223799872413,0.0047014752852638,0.5185715811593192,0.0777793416486622,-0.2767890300422735,470018500,47.54099385834739,1,1,1
2012-05-23,VTRS,17.7202205657959,20.88999938964844,21.21999931335449,20.51000022888184,21.1200008392334,7644900,0.0373384734052226,0.0239348977792581,0.5492858886718744,0.0711444173789703,-0.2837484077538157,462373600,44.75309296071815,1,1,1
2012-05-24,VTRS,18.0510482788086,21.280000686645508,21.31999969482422,20.89999961853028,20.93000030517578,7429400,-0.014097797684633,0.0126879013958152,0.5592859813145221,0.0613936058856612,-0.254856096995244,469803000,54.11764837878518,0,0,0
2012-05-25,VTRS,18.347936630249023,21.6299991607666,21.690000534057617,21.209999084472656,21.25,5504600,-0.0337494022450277,-0.0240406181502881,0.5721431459699353,0.0528120695066001,-0.2013952220038497,475307600,57.83782306949595,0,0,0
2012-05-29,VTRS,18.5684871673584,21.88999938964844,22.25,21.700000762939453,21.739999771118164,5650000,-0.0411146479499618,-0.0402009678073698,0.582143238612583,0.0564226722772225,-0.1364740598404878,480957600,61.38104460065275,0,0,0
2012-05-30,VTRS,18.26311111450196,21.530000686645508,21.799999237060547,21.3700008392334,21.75,8344100,-0.0074314836186397,-0.0311193708744065,0.5628573553902757,0.054199373343401,-0.1127724867629851,472613500,61.3810745430784,0,0,0
2012-05-31,VTRS,18.38186836242676,21.670000076293945,21.90999984741211,21.31999969482422,21.520000457763672,6273800,-0.0129211207041856,-0.0295338895890715,0.5471429824829099,0.0566656622411833,-0.0817496792030922,478887300,58.171737249046615,0,0,0
2012-06-01,VTRS,17.79656410217285,20.979999542236328,21.5,20.979999542236328,21.489999771118164,6375100,0.0271687181725963,0.0104862357246588,0.5450000762939451,0.0576905002646226,-0.1115552181142867,472512200,43.00517750675231,1,1,1
2012-06-04,VTRS,17.728708267211914,20.89999961853028,21.31999969482422,20.520000457763672,21.01000022888184,7045600,0.0100478945289115,0.0081339750907563,0.5750000817435126,0.0585415132025342,-0.1400176118233815,465466600,43.22916770146851,1,1,1
2012-06-05,VTRS,17.80504608154297,20.989999771118164,21.040000915527344,20.690000534057617,20.84000015258789,2993200,0.000952856502228,0.016674625311398,0.5721430097307473,0.0589128422272995,-0.1535420663824886,468459800,46.91689899140727,1,1,1
2012-06-06,VTRS,18.12738990783692,21.3700008392334,21.40999984741211,20.950000762939453,21.07999992370605,3398000,-0.0238652414063328,0.0074871240584306,0.560714312962123,0.0583829197239967,-0.1320749063568413,471857800,51.1111121576665,0,0,0
2012-06-07,VTRS,18.14435386657715,21.38999938964844,21.65999984741211,21.34000015258789,21.51000022888184,3864500,-0.0168302343747215,-0.0126226534885133,0.5492857524326864,0.0525190665192114,-0.1121554532397404,475722300,52.911386048254506,0,0,0
2012-06-08,VTRS,18.280075073242188,21.549999237060547,21.59000015258789,21.309999465942383,21.489999771118164,3543600,-0.0162412290724903,-0.0148491742994543,0.5257143293108254,0.0529134286768832,-0.0825073986878877,479265900,59.84042188925916,0,0,0
2012-06-11,VTRS,17.906837463378906,21.11000061035156,21.739999771118164,21.07999992370605,21.690000534057617,3776300,-0.0018948798849264,-0.0146850480496433,0.5264286313738139,0.0525903307641957,-0.0934382162130766,475489600,48.68423033949804,0,0,0
2012-06-12,VTRS,17.822011947631836,21.01000022888184,21.229999542236328,20.809999465942383,21.1200008392334,5882800,0.0157068024802975,-0.0161827771958091,0.5271429334368024,0.0533566759447259,-0.108914662468706,469606800,46.61457880606879,1,1,1
2012-06-13,VTRS,17.694772720336914,20.86000061035156,21.11000061035156,20.71999931335449,21.020000457763672,5894700,0.0321188905412337,0.0043144846574565,0.5007144383021765,0.0558332791492151,-0.1317646721247527,463712100,49.58450407306462,1,1,1
2012-06-14,VTRS,17.83898162841797,21.030000686645508,21.11000061035156,20.850000381469727,20.88999938964844,4087700,0.0042796076866056,-0.0099857815009318,0.4885715757097519,0.0564805415081442,-0.1346042499899447,467799800,46.31267955263333,1,1,1
2012-06-15,VTRS,17.983184814453125,21.200000762939453,21.270000457763672,20.959999084472656,21.09000015258789,5412700,0.0014150367083625,0.0080188712347184,0.4764287131173272,0.0564154638916332,-0.1217337792683999,473212500,43.30219975127203,1,1,1
2012-06-18,VTRS,17.87291145324707,21.06999969482422,21.18000030517578,20.90999984741211,21.14999961853028,3680600,-0.0128144500082739,0.0317987700995805,0.4528572899954662,0.0539149740581895,-0.1206332531764537,469531900,36.68830806920456,0,0,0
2012-06-19,VTRS,18.101938247680664,21.34000015258789,21.39999961853028,21.06999969482422,21.15999984741211,2732800,-0.0313964419636002,0.0342080382856886,0.439285959516253,0.0540276097688067,-0.0968577816511739,472264700,46.82273330097008,0,0,0
2012-06-20,VTRS,18.26311111450196,21.530000686645508,21.700000762939453,21.31999969482422,21.3700008392334,3427800,-0.0269391502651373,0.0111472254279596,0.4242860249110633,0.0552206235592405,-0.0619697453273282,475692500,47.69737915318765,0,0,0
2012-06-21,VTRS,17.915321350097656,21.1200008392334,21.65999984741211,21.059999465942383,21.549999237060547,3531100,-0.0142045990761461,0.0222537544828786,0.4178574425833568,0.0532274196751965,-0.0666361463449121,472161400,52.53625517005463,0,0,0
2012-06-22,VTRS,18.008630752563477,21.229999542236328,21.34000015258789,21.040000915527344,21.14999961853028,3672200,0.006594503062449,0.0277908697743543,0.3821431568690711,0.0532606590612973,-0.0607579469442676,475833600,55.91397922971794,1,1,1
2012-06-25,VTRS,17.643878936767578,20.799999237060547,21.049999237060547,20.68000030517578,21.0,3515600,0.0451923350257996,0.0379808146396349,0.3964287894112726,0.0543022301444066,-0.0897621404541482,472318000,46.96484688495761,1,1,1
2012-06-26,VTRS,17.533605575561523,20.670000076293945,20.850000381469727,20.559999465942383,20.780000686645508,2577400,0.0677309924220033,0.0474116854677846,0.384286063058036,0.0510736547460129,-0.121833596735815,469740600,37.84719738692991,1,1,1
2012-06-27,VTRS,17.7711181640625,20.950000762939453,21.07999992370605,20.690000534057617,20.709999084472656,2430100,0.0391407954635876,0.0300715578913517,0.3907146453857422,0.0493456734443173,-0.1232361519051608,472170700,42.99365107904924,1,1,1
2012-06-28,VTRS,17.660842895507812,20.81999969482422,20.86000061035156,20.5,20.81999969482422,3468500,0.0369836920773389,0.0595581070746329,0.4028575079781668,0.0453257781003956,-0.1333010748999648,468702200,38.26367525770669,1,1,1
2012-06-29,VTRS,18.12738990783692,21.3700008392334,21.40999984741211,21.100000381469727,21.11000061035156,4856200,0.0210575029442516,0.0336920582629383,0.3978575297764367,0.046341678670928,-0.0957928625937398,473558400,54.03726671283003,1,1,1
2012-07-02,VTRS,18.441246032714844,21.739999771118164,21.89999961853028,21.3799991607666,21.440000534057617,3808200,-0.006899706536775,0.0349586125521264,0.4057145799909319,0.0518649690714052,-0.035798845706676,477366600,60.45844113400285,0,0,0
2012-07-03,VTRS,18.721172332763672,22.06999969482422,22.26000022888184,21.75,21.780000686645508,2103500,-0.0190303616720229,0.0217489600758307,0.4150002343314037,0.0632710640142588,0.0379377579700737,479470100,66.48499224068132,0,0,0
2012-07-05,VTRS,18.466691970825195,21.770000457763672,22.06999969482422,21.59000015258789,21.90999984741211,2830500,-0.0087276311466434,0.0385852152009635,0.430714470999582,0.0670110425187082,0.0713446991140358,476639600,59.73683616131145,0,0,0
2012-07-06,VTRS,18.31400680541992,21.59000015258789,21.90999984741211,21.3799991607666,21.690000534057617,2290200,0.0217693056985992,0.0328855525453783,0.44642870766776,0.068308417357629,0.0823461847927049,474349400,55.11810038156971,1,1,1
2012-07-09,VTRS,18.50910377502441,21.81999969482422,21.90999984741211,21.489999771118164,21.600000381469727,3496400,0.0123739899880803,0.0082493266587202,0.4557143620082315,0.0712583130657503,0.1083747061747004,477845800,59.59079321315573,1,1,1
2012-07-10,VTRS,18.31400680541992,21.59000015258789,21.989999771118164,21.5,21.88999938964844,3299000,0.0421491357563992,-0.0023158516307167,0.4671429225376676,0.0721600886924827,0.1091848411397506,474546800,53.229975051675865,1,1,1
2012-07-11,VTRS,18.36490249633789,21.64999961853028,21.780000686645508,21.450000762939453,21.559999465942383,3023800,0.0415704219116916,0.0018476173779284,0.4635714122227262,0.0725972937263789,0.1133615727557462,477570600,51.604264711582246,1,1,1
2012-07-12,VTRS,18.305524826049805,21.57999992370605,21.709999084472656,21.200000762939453,21.540000915527344,3262200,0.0477294110420283,0.0542168711969586,0.4571426936558317,0.0705482350302122,0.1097580498164276,474308400,56.76469697258682,1,1,1
2012-07-13,VTRS,18.712690353393555,22.059999465942383,22.21999931335449,21.549999237060547,21.57999992370605,4138100,0.0108794096522391,0.0548504542663006,0.4835713250296456,0.0746529640405998,0.1439745346456007,478446500,61.00796078044482,1,1,1
2012-07-16,VTRS,18.73813438415528,22.09000015258789,22.25,22.049999237060547,22.13999938964844,2512000,-0.004074248617755,0.0565866904194456,0.4585714340209961,0.0790218779449954,0.1715348036356694,480958500,69.13948552508694,0,0,0
2012-07-17,VTRS,19.085926055908203,22.5,22.670000076293945,22.049999237060547,22.18000030517578,5322100,-0.0426666259765624,0.0235555860731335,0.4821428571428571,0.0878454578040898,0.2238793349327146,486280600,75.06849472552719,0,0,0
2012-07-18,VTRS,19.12833595275879,22.549999237060547,22.71999931335449,22.39999961853028,22.459999084472656,3971500,-0.0381374160576261,0.0177384274683924,0.4757142748151504,0.0966348825101085,0.2663272192764552,490252100,73.39180308120615,0,0,0
2012-07-19,VTRS,19.179235458374023,22.61000061035156,22.65999984741211,22.32999992370605,22.5,3989000,0.0061919233024851,0.0057496310153608,0.4671427862984793,0.104978190496149,0.3013354750302177,494241100,76.71644374400736,1,1,1
2012-07-20,VTRS,18.9162712097168,22.299999237060547,22.520000457763672,22.25,22.5,3522800,0.0434978140757544,0.037219728793832,0.4507142475673128,0.1056752404878823,0.3006001188479281,490718300,64.9517489658302,1,1,1
2012-07-23,VTRS,18.66179275512696,22.0,22.06999969482422,21.61000061035156,22.049999237060547,3295300,0.060909097844904,0.0568181818181818,0.4621428080967492,0.1043405300104976,0.2726667796364879,487423000,54.27632094915721,1,1,1
2012-07-24,VTRS,18.271595001220703,21.540000915527344,21.950000762939453,21.309999465942383,21.920000076293945,4568500,0.0691736168889427,0.0793871407516972,0.4742856706891736,0.0970185984256798,0.2109792874230223,482854500,41.640392974214095,1,1,1
2012-07-25,VTRS,18.39883041381836,21.690000534057617,21.82999992370605,21.459999084472656,21.63999938964844,3921300,0.0580912954291257,0.0686952390240178,0.4664286204746783,0.0853234356275996,0.1722100903017995,486775800,48.67549731613182,1,1,1
2012-07-26,VTRS,19.29799461364746,22.75,23.0,22.15999984741211,22.450000762939453,10929200,-0.0004395705003005,0.0241757906400239,0.5221428189958838,0.0846366751523404,0.2244312170164555,497705000,64.87180164345077,0,0,0
2012-07-27,VTRS,19.739091873168945,23.270000457763672,23.39999961853028,22.93000030517578,22.96999931335449,9649700,-0.0060163856571975,0.0081649601620696,0.5385713577270502,0.087887426635188,0.3042691024747057,507354700,67.3031174007609,0,0,0
2012-07-30,VTRS,19.79846572875977,23.34000015258789,23.420000076293945,23.14999961853028,23.200000762939453,4750800,-0.0038560476435092,0.0064267188324607,0.522857121058872,0.0972130447682002,0.3689367194154442,512105500,71.71216538563473,0,0,0
2012-07-31,VTRS,19.535505294799805,23.030000686645508,23.43000030517578,23.0,23.34000015258789,5038400,0.009552727173042,0.016065954010124,0.5300000054495667,0.1017255761143853,0.390668522078279,507067100,66.1215124031173,1,1,1
2012-08-01,VTRS,19.4676456451416,22.950000762939453,23.309999465942383,22.8799991607666,23.11000061035156,4037300,0.0100217662130861,0.029193902135981,0.5242858614240367,0.1056216629512728,0.396861039970581,503029800,65.96737944019978,1,1,1
2012-08-02,VTRS,19.28950881958008,22.739999771118164,22.96999931335449,22.5,22.809999465942383,5349000,0.0246261860852625,0.0439753742332966,0.5100000926426471,0.1053435607959817,0.380437878972014,497680800,58.45771427541164,1,1,1
2012-08-03,VTRS,19.620332717895508,23.1299991607666,23.280000686645508,23.0,23.049999237060547,5225700,0.0142671826925875,0.0216169484713213,0.5342858178274964,0.1058922838247478,0.3943463180593731,502906500,61.87213707133096,1,1,1
2012-08-06,VTRS,19.72212600708008,23.25,23.36000061035156,23.07999992370605,23.170000076293945,3739200,0.0103225708007812,0.0270967380974882,0.5100000926426471,0.1085232532231984,0.4103219846557273,506645700,59.16870381441733,1,1,1
2012-08-07,VTRS,19.72212600708008,23.25,23.350000381469727,23.200000762939453,23.299999237060547,6892500,0.0064515964959259,0.0249462332776795,0.497857230050223,0.1068434647219676,0.4181624985456871,506645700,58.663373815697305,1,1,1
2012-08-08,VTRS,19.662744522094727,23.18000030517578,23.299999237060547,23.07999992370605,23.239999771118164,4946700,0.0189819037215186,0.0250215666984505,0.4900000435965399,0.1033439325913426,0.4139559454701249,501699000,57.03703459507221,1,1,1
2012-08-09,VTRS,19.764535903930664,23.299999237060547,23.36000061035156,23.040000915527344,23.1299991607666,2886600,0.0188841437109474,0.0111588084719025,0.4871428353445868,0.0977933944646121,0.4155153306983692,504585600,62.953378628783206,1,1,1
2012-08-10,VTRS,19.90025520324707,23.459999084472656,23.479999542236328,23.100000381469727,23.34000015258789,4076200,0.0072463803464708,0.0140665747627033,0.4650000163487021,0.0985634072239725,0.4247653744092332,508661800,69.62365729228088,1,1,1
2012-08-13,VTRS,19.925710678100582,23.489999771118164,23.5,23.290000915527344,23.39999961853028,3665900,0.0166027838845683,0.0042571469750578,0.4307141985212048,0.0984469470969007,0.4295651457736902,512327700,79.63524990042941,1,1,1
2012-08-14,VTRS,19.849363327026367,23.39999961853028,23.5,23.31999969482422,23.5,3064000,0.0183760817173372,0.0012820806467768,0.4171427318028038,0.0997973511140821,0.4212508217556525,509263700,76.47057781452074,1,1,1
2012-08-15,VTRS,20.03598403930664,23.6200008392334,23.729999542236328,23.350000381469727,23.3700008392334,4410200,0.0059271543045797,-0.0004233797005303,0.3507141385759623,0.1027352659719859,0.4274861259941254,513673900,68.20084450009541,1,1,1
2012-08-16,VTRS,20.13777542114257,23.739999771118164,23.959999084472656,23.549999237060547,23.68000030517578,3688500,-0.0075821527763773,-0.01095198952774,0.3335712977818075,0.1062860016004352,0.4370722634709878,517362400,61.8090293319583,0,0,0
2012-08-17,VTRS,20.044464111328125,23.6299991607666,23.799999237060547,23.459999084472656,23.790000915527344,2600600,0.0067711282455902,-0.0025391226438129,0.3385712759835377,0.1052245866894786,0.4308269120818409,514761800,57.14283029770604,1,1,1
2012-08-20,VTRS,20.25652885437012,23.8799991607666,23.90999984741211,23.540000915527344,23.559999465942383,3734800,-0.0121440124945716,-0.0100502420248181,0.334285463605608,0.1008329887503616,0.4409671420523757,518496600,71.57355196505205,0,0,0
2012-08-21,VTRS,20.21411895751953,23.82999992370605,23.989999771118164,23.75,23.979999542236328,3585000,-0.0167855484603821,-0.0016785148261337,0.3207139968872067,0.0815382545236379,0.4398979569697339,514911600,72.68038449778241,0,0,0
2012-08-22,VTRS,20.15473937988281,23.76000022888184,23.88999938964844,23.65999984741211,23.75,2925300,-0.0063131151971936,0.0130471154442817,0.3035711560930527,0.0557442914874209,0.4284631729791748,511986300,78.33335805823376,0,0,0
2012-08-23,VTRS,19.985084533691406,23.559999465942383,23.75,23.299999237060547,23.670000076293945,3525100,-0.0033955825772279,0.0212224113469434,0.2978568758283347,0.0508605258632839,0.3986670486155752,508461200,63.35404168206768,0,0,0
2012-08-24,VTRS,20.18018913269043,23.790000915527344,23.8700008392334,23.51000022888184,23.56999969482422,2210500,-0.0092476339737983,0.0067255082494628,0.3035711560930527,0.0526592367927421,0.3891269864900089,510671700,65.69768989194662,0,0,0
2012-08-27,VTRS,20.01053237915039,23.59000015258789,23.81999969482422,23.549999237060547,23.790000915527344,3917000,0.0021195098235327,0.0178041574216722,0.312142644609724,0.052922822075895,0.361263606453555,506754700,58.85416149265775,1,1,1
2012-08-28,VTRS,19.87481117248535,23.43000030517578,23.600000381469727,23.36000061035156,23.600000381469727,3273900,0.0153649426232418,0.0226205195217088,0.3135712487357006,0.0505251073611858,0.3225528381818208,503480800,56.21889886318349,1,1,1
2012-08-29,VTRS,20.027496337890625,23.61000061035156,23.709999084472656,23.34000015258789,23.39999961853028,2538400,0.0194832305201626,0.0275306904585719,0.3171426228114541,0.0468013375193928,0.3029070715649204,506019200,57.48794318137837,1,1,1
2012-08-30,VTRS,19.917224884033203,23.479999542236328,23.56999969482422,23.239999771118164,23.489999771118164,2197400,0.0247018711675328,0.0349233266955217,0.3164284569876537,0.0367098868046927,0.273692701157131,503821800,50.49020616146978,1,1,1
2012-08-31,VTRS,19.993566513061523,23.56999969482422,23.82999992370605,23.479999542236328,23.64999961853028,3006400,0.0161222347490601,0.0267289383229638,0.3264285496303013,0.0334130902675565,0.2548644436234895,506828200,51.90475628220349,1,1,1
2012-09-04,VTRS,20.05294609069824,23.63999938964844,23.75,23.280000686645508,23.56999969482422,2810600,0.0156514741449365,0.0300338836781943,0.3471427645002092,0.0315548857861133,0.2427925429363995,509638800,55.76921489820006,1,1,1
2012-09-05,VTRS,20.18018913269043,23.790000915527344,23.84000015258789,23.5,23.600000381469727,2135900,0.0071457823624696,0.0260613244230731,0.3442856924874442,0.0301591694160811,0.2425335681897173,511774700,54.228849111945976,1,1,1
2012-09-06,VTRS,20.417699813842773,24.06999969482422,24.239999771118164,23.8700008392334,23.89999961853028,4810000,0.0078936658274439,0.0174491101628164,0.3471427645002092,0.0307414729699696,0.2619028373983099,516584700,57.60367124400221,1,1,1
2012-09-07,VTRS,20.409215927124023,24.059999465942383,24.200000762939453,24.020000457763672,24.09000015258789,1973200,0.0099750530525941,0.0203657432250474,0.3357142039707729,0.0317008884809514,0.2732958039911253,514611500,60.386463191919525,1,1,1
2012-09-10,VTRS,20.31590843200684,23.950000762939453,24.170000076293945,23.950000762939453,24.059999465942383,2844600,0.0104384130286481,0.0104384130286481,0.3249999455043247,0.0321657923228675,0.2703326100110033,511766900,51.81351093067636,1,1,1
2012-09-11,VTRS,20.366804122924805,24.01000022888184,24.13999938964844,23.90999984741211,23.940000534057617,3020700,0.0141607725675445,0.0087463174706694,0.3242856434413367,0.0330940402444516,0.2697165879648793,514787600,54.63917728488301,1,1,1
2012-09-12,VTRS,20.32439041137696,23.959999084472656,24.229999542236328,23.850000381469727,24.0,3904400,0.018781334730145,0.0037562669460289,0.3349999019077846,0.0317183013548141,0.2621715610190058,510883200,55.20829297610345,1,1,1
2012-09-13,VTRS,20.57887077331543,24.26000022888184,24.39999961853028,23.90999984741211,23.90999984741211,3453000,0.0094806075872375,0.0098928181720476,0.3371426718575613,0.0363473783738988,0.2772042202476861,514336200,67.32671491052483,1,1,1
2012-09-14,VTRS,20.6127986907959,24.299999237060547,24.479999542236328,24.15999984741211,24.38999938964844,3744000,0.0102880661666324,0.0028807244596984,0.3342854636056085,0.0409202717120086,0.2890137263328718,518080200,63.934366427362406,1,1,1
2012-09-17,VTRS,20.527971267700195,24.200000762939453,24.350000381469727,24.0,24.299999237060547,2391200,0.0,0.0053718659780244,0.3399997438703267,0.0426442764309433,0.2869954983918568,515689000,67.63008010866378,0,0,0
2012-09-18,VTRS,20.655214309692383,24.350000381469727,24.3799991607666,24.100000381469727,24.209999084472656,2069400,-0.0053388528163706,0.0,0.3428568158830915,0.0465471277928238,0.2941094432394351,517758400,76.74419894097753,0,0,0
2012-09-19,VTRS,20.70610809326172,24.40999984741211,24.51000022888184,24.25,24.38999938964844,3147100,-0.0147480791725498,0.0049160524368507,0.3349997656685968,0.0505940702172334,0.3011176543691007,520905500,75.00000000000006,0,0,0
2012-09-20,VTRS,20.77396774291992,24.489999771118164,24.63999938964844,24.209999084472656,24.309999465942383,4233600,0.0004083392803306,0.0073499512804431,0.3392854418073389,0.0547285986146951,0.3095586381495891,525139100,82.58070867352887,1,1,1
2012-09-21,VTRS,20.824865341186523,24.549999237060547,24.670000076293945,24.299999237060547,24.459999084472656,6949500,-0.0073319105263116,0.0032586527980533,0.3407140459333157,0.0571851045936362,0.3174304929456646,532088600,82.23689824272556,0,0,0
2012-09-24,VTRS,20.527971267700195,24.200000762939453,24.549999237060547,24.1200008392334,24.489999771118164,3769200,0.0053718659780244,0.0144627464085493,0.3378568376813626,0.0572284050138812,0.2920603528366854,528319400,65.5556332625492,1,1,1
2012-09-25,VTRS,20.544937133789062,24.21999931335449,24.5,24.15999984741211,24.290000915527344,2981300,0.0053675091577545,-0.0061932131619658,0.3378568376813626,0.055498859420273,0.2704504652876949,531300700,62.87426175565941,1,1,1
2012-09-26,VTRS,20.400733947753903,24.049999237060547,24.43000030517578,23.93000030517578,24.25,2569200,0.0199584808653667,-0.0045737507897057,0.341428347996304,0.0505261598544428,0.2368763254775707,528731500,49.358957116272926,1,1,1
2012-09-27,VTRS,20.782453536987305,24.5,24.520000457763672,23.920000076293945,24.13999938964844,4917800,0.0069387786242427,-0.0220408536949936,0.3714283534458715,0.0498032053300551,0.2437698514394277,533649300,61.00004482282111,1,1,1
2012-09-28,VTRS,20.67218017578125,24.3700008392334,24.489999771118164,24.13999938964844,24.489999771118164,4189700,0.0106687859080674,-0.0242100998059074,0.3814284460885191,0.0445218241782528,0.2360224546653206,529459600,60.39606858541404,1,1,1
2012-10-01,VTRS,20.638246536254883,24.32999992370605,24.81999969482422,24.229999542236328,24.5,5355200,0.0090423063725593,-0.0152075972212758,0.4071427753993448,0.0390627338585825,0.2240718861003436,524104400,58.00000762940891,1,1,1
2012-10-02,VTRS,20.655214309692383,24.350000381469727,24.520000457763672,24.26000022888184,24.39999961853028,3515100,-0.0114990013248044,-0.0127309840281683,0.3985714231218613,0.0334390833997569,0.2137508573755902,527619500,59.8985326936762,0,0,0
2012-10-03,VTRS,20.80790328979492,24.530000686645508,24.6299991607666,24.350000381469727,24.38999938964844,2911800,-0.0240521865500433,-0.0101916018345692,0.3835713522774832,0.0308999429636787,0.2175876728061112,530531300,57.297330735207616,0,0,0
2012-10-04,VTRS,20.926658630371094,24.670000076293945,24.709999084472656,24.420000076293945,24.530000686645508,2803300,-0.0287799347233707,-0.0218889709711126,0.3814284460885184,0.0333212325004483,0.2292821356617409,533334600,59.48722513324576,0,0,0
2012-10-05,VTRS,20.892728805541992,24.6299991607666,24.8799991607666,24.559999465942383,24.780000686645508,3231600,-0.0345106984605613,-0.0397888581253943,0.3792855398995535,0.0342584187732958,0.2326406060545736,530103000,61.37563414380621,0,0,0
2012-10-08,VTRS,20.824865341186523,24.549999237060547,24.64999961853028,24.38999938964844,24.6200008392334,1406000,-0.0240325935202975,-0.0354378394672786,0.3778570720127651,0.0322297165568654,0.2262389509834683,528697000,55.49448073418339,0,0,0
2012-10-09,VTRS,20.417699813842773,24.06999969482422,24.520000457763672,24.049999237060547,24.5,3296900,-0.0012463140705117,-0.0261736256233551,0.3949999128069194,0.0314424689411228,0.1803546258236217,525400100,42.41070364201757,0,0,0
2012-10-10,VTRS,20.307422637939453,23.940000534057617,24.190000534057617,23.799999237060547,24.14999961853028,3321000,0.0142021781538475,0.0,0.392142840794154,0.0317843541062139,0.1319797414255745,522079100,37.99126783040068,1,1,1
2012-10-11,VTRS,20.32439041137696,23.959999084472656,24.14999961853028,23.959999084472656,24.13999938964844,2737600,0.007095162052995,0.0434057159960961,0.3807141440255299,0.0346229921024594,0.0941704742929658,524816700,36.88886326915024,1,1,1
2012-10-12,VTRS,20.171703338623047,23.780000686645508,24.049999237060547,23.64999961853028,23.989999771118164,3843700,-0.0054668235644012,0.0605550288111498,0.3785713740757528,0.0399536820905652,0.0491158147550763,520973000,39.90382543325781,0,0,0
2012-10-15,VTRS,20.32439041137696,23.959999084472656,24.01000022888184,23.809999465942383,23.81999969482422,3407600,-0.0116860930716115,0.057596040102086,0.37071418762207,0.0417369316109817,0.027615702240034,524380600,44.196412986002336,0,0,0
2012-10-16,VTRS,20.39225196838379,24.040000915527344,24.100000381469727,23.950000762939453,24.049999237060547,3068100,-0.0249584175798507,0.0769550084719918,0.3457141603742324,0.0426876105025,0.0168380883338592,527448700,49.76748064704432,0,0,0
2012-10-17,VTRS,20.59582901000977,24.280000686645508,24.489999771118164,24.049999237060547,24.100000381469727,4666000,-0.0140033007814079,0.0576606086877213,0.3349997656685963,0.0424159711151791,0.0273474826751005,532114700,44.32990501584383,0,0,0
2012-10-18,VTRS,20.468595504760746,24.1299991607666,24.299999237060547,24.049999237060547,24.25,3264600,0.036054739721995,0.0708661853002303,0.3271425792149135,0.0419194437216256,0.023303752727898,528850100,43.87750534252496,1,1,1
2012-10-19,VTRS,20.061429977416992,23.64999961853028,24.290000915527344,23.530000686645508,24.14999961853028,5514100,0.066384766179619,0.1002114535924325,0.3392854418073381,0.045722232676319,-0.0184205433661439,523336000,35.83331346509961,1,1,1
2012-10-22,VTRS,20.08687400817871,23.68000030517578,23.739999771118164,23.549999237060547,23.59000015258789,3096300,0.0701013440041755,0.0903715946819769,0.3342854636056085,0.049611595899342,-0.0485073810479796,526432300,36.09957159805082,1,1,1
2012-10-23,VTRS,19.88329315185547,23.440000534057617,23.5,23.25,23.5,4785300,0.1045221330959891,0.0942832352440263,0.3449998583112447,0.0564480191483523,-0.0906721799927652,521647000,27.93519641078304,1,1,1
2012-10-24,VTRS,20.307422637939453,23.940000534057617,23.979999542236328,23.450000762939453,23.479999542236328,8254100,0.0726816930786111,0.0806182231462409,0.3628570011683875,0.0568546760491148,-0.0827879377985887,529901100,37.10247254561799,1,1,1
2012-10-25,VTRS,21.20658493041992,25.0,25.020000457763672,24.25,24.43000030517578,10388600,0.0336000061035155,0.0416000366210937,0.4171427318028043,0.0635950972298057,0.0088909892697266,540289700,54.80520998936343,1,1,1
2012-10-26,VTRS,21.393205642700195,25.21999931335449,25.51000022888184,24.8799991607666,25.200000762939453,10145300,0.0317209027038143,0.03687550874291,0.4435713631766188,0.0737762620069404,0.0981676894424694,550435000,58.39599943974562,1,1,1
2012-10-31,VTRS,21.49499893188477,25.34000015258789,25.39999961853028,24.950000762939453,25.200000762939453,5652200,0.018942365404339,0.0102604667449175,0.4399998528616776,0.0841082326747968,0.1765678184688788,556087200,67.49313248884492,1,1,1
2012-11-01,VTRS,21.961538314819336,25.88999938964844,26.0,25.299999237060547,25.299999237060547,5760000,-0.0092699797905025,-0.0150637079506604,0.4621426718575621,0.1022542088426829,0.2798548351243823,561847200,74.07407581833559,0,0,0
2012-11-02,VTRS,21.78340530395508,25.68000030517578,26.0,25.65999984741211,25.93000030517578,3971000,0.0073987746027917,-0.0054516895632676,0.4714284624372215,0.1126897467635255,0.3408364188125112,557876200,70.28304348217257,1,1,1
2012-11-05,VTRS,21.919124603271484,25.84000015258789,25.96999931335449,25.440000534057617,25.6299991607666,3604100,0.0077399675603107,0.0038699837801552,0.480714116777693,0.1234802412436599,0.3974933577484769,561480300,74.40758058210301,1,1,1
2012-11-06,VTRS,22.07181167602539,26.020000457763672,26.200000762939453,25.6299991607666,25.8799991607666,5406700,0.0049961244611669,0.0003843285436551,0.5049999782017301,0.1351495052138312,0.4517118572394132,566887000,74.40759214931914,1,1,1
2012-11-07,VTRS,21.90216064453125,25.81999969482422,25.989999771118164,25.36000061035156,25.799999237060547,4656600,-0.0085205002306252,0.0259488801011973,0.5414285659790045,0.1424730119157346,0.4730885483184579,562230400,70.50689765800449,0,0,0
2012-11-08,VTRS,21.75795555114746,25.64999961853028,26.020000457763672,25.6299991607666,25.799999237060547,4275800,-0.0058479384312315,0.0569201174867284,0.5371430260794509,0.1454360410947259,0.4708840859743937,557954600,66.04214033974928,0,0,0
2012-11-09,VTRS,21.94457626342773,25.8700008392334,26.239999771118164,25.549999237060547,25.68000030517578,6437600,-0.0127560847700317,0.0432933473348102,0.5685716356549949,0.1481993837389662,0.4813406976301557,564392200,70.046101581693,0,0,0
2012-11-12,VTRS,22.08877944946289,26.040000915527344,26.549999237060547,25.850000381469727,25.950000762939453,8108500,-0.0038402602900868,0.0445468435725135,0.5642858232770652,0.1509784157041915,0.4976090952114766,572500700,79.65261649851551,0,0,0
2012-11-13,VTRS,22.18208885192871,26.14999961853028,26.280000686645508,25.950000762939453,26.040000915527344,5344400,-0.0045888693550777,0.039770590084077,0.5742857796805251,0.1511140515485944,0.5134590571433861,577845100,80.04866292962348,0,0,0
2012-11-14,VTRS,21.71554374694824,25.600000381469727,26.14999961853028,25.420000076293945,26.100000381469727,5892000,0.0347656006400942,0.0660156448779158,0.5957142966134216,0.1472116597659361,0.476151150206082,571953100,74.43439753649852,1,1,1
2012-11-15,VTRS,21.63071823120117,25.5,25.799999237060547,25.39999961853028,25.540000915527344,5402900,0.0631372788373161,0.0658823649088542,0.5857143402099615,0.1425613502397754,0.4335178462467191,566550200,69.4029854287052,1,1,1
2012-11-16,VTRS,21.66464805603028,25.540000915527344,25.920000076293945,25.459999084472656,25.700000762939453,9081700,0.056773641488371,0.0712607529202447,0.5414287022181925,0.1392896768955377,0.398366266933202,575631900,59.00001525878904,1,1,1
2012-11-19,VTRS,22.003952026367188,25.940000534057617,26.1200008392334,25.700000762939453,25.729999542236328,6555500,0.0485736392806752,0.0558981814085572,0.5378571919032508,0.1353183061436703,0.3981948707505722,582187400,61.32077282400334,1,1,1
2012-11-20,VTRS,22.08029556274414,26.030000686645508,26.14999961853028,25.88999938964844,25.96999931335449,4711700,0.0445639576186118,0.0476373314793778,0.5242858614240374,0.1230120022048981,0.4007022520589345,586899100,60.95239075583692,1,1,1
2012-11-21,VTRS,22.470497131347656,26.489999771118164,26.57999992370605,26.190000534057617,26.190000534057617,4912000,0.0302001189626817,0.0309550661347404,0.5135714667184009,0.1106673139840928,0.4347954008247399,591811100,59.80392951285927,1,1,1
2012-11-23,VTRS,22.99641990661621,27.11000061035156,27.309999465942383,26.56999969482422,26.6299991607666,3189100,0.0025820617207028,0.0055329994523498,0.5478571483067102,0.0939210103359697,0.5060103803285401,595000200,70.60518446858094,1,1,1
2012-11-26,VTRS,22.894630432128903,26.989999771118164,27.06999969482422,26.6299991607666,27.0,6033000,0.0137088122405,0.038162308091151,0.5442859104701449,0.0787834485866627,0.5464663756097217,588967200,66.76383202219421,1,1,1
2012-11-27,VTRS,23.072763442993164,27.200000762939453,27.39999961853028,26.920000076293945,26.950000762939453,7207800,0.0069852434330761,0.023897044128613,0.5378571919032505,0.0835619566992381,0.5886873470367355,596175000,67.05201324338302,1,1,1
2012-11-28,VTRS,23.064285278320312,27.190000534057617,27.200000762939453,26.75,27.09000015258789,5281700,0.0029422553194087,0.0239058332388077,0.5228572572980605,0.0875755026116552,0.6142600289330034,590893300,70.94800991353947,1,1,1
2012-11-29,VTRS,23.149105072021484,27.290000915527344,27.450000762939453,27.15999984741211,27.290000915527344,3906800,0.0007328160404589,0.0249174926718394,0.5157143729073658,0.0916165394004447,0.6352727300352683,594800100,75.62499888241382,1,1,1
2012-11-30,VTRS,23.055797576904297,27.18000030517578,27.5,27.14999961853028,27.34000015258789,6190100,0.002943337851649,0.0290654525131948,0.4914286477225162,0.0963470475470321,0.6357211197593067,588610000,71.19738823037052,1,1,1
2012-12-03,VTRS,23.20848274230957,27.36000061035156,27.459999084472656,27.1200008392334,27.26000022888184,3912300,0.0241228009023657,0.0303362538446738,0.4657143184116903,0.1004080511573512,0.643186735827669,592522300,71.29030193921835,1,1,1
2012-12-04,VTRS,23.233930587768555,27.38999938964844,27.489999771118164,27.229999542236328,27.299999237060547,2423200,0.0167944871147069,0.0332237994775577,0.4607143402099604,0.1042134257080411,0.6440991668698395,594945500,70.52978145717532,1,1,1
2012-12-05,VTRS,23.132139205932617,27.270000457763672,27.540000915527344,27.1299991607666,27.39999961853028,4761400,0.0209020786672535,0.0172350313701841,0.4378573553902755,0.1066187034288551,0.6279013086827874,590184100,82.23935807091354,1,1,1
2012-12-06,VTRS,23.166072845458984,27.309999465942383,27.350000381469727,27.09000015258789,27.299999237060547,4257000,0.0241669666905404,0.0168436836622769,0.4278573989868159,0.1070681665613658,0.611245912650972,594441100,85.77073072541802,1,1,1
2012-12-07,VTRS,23.1236572265625,27.26000022888184,27.3799991607666,26.920000076293945,27.3799991607666,4083000,0.0260454540906573,0.0201760540147692,0.4278572627476278,0.104331958867684,0.5872425046821768,590358100,83.8582674208958,1,1,1
2012-12-10,VTRS,23.768341064453125,28.020000457763672,28.100000381469727,27.14999961853028,27.21999931335449,5988700,0.0060670975559118,-0.0024982046281453,0.4542858941214417,0.1096720646702979,0.6223709924273138,596346800,85.86207236744757,1,1,1
2012-12-11,VTRS,23.624134063720703,27.850000381469727,28.06999969482422,27.559999465942383,28.040000915527344,8078400,0.0161579479147955,-0.0143626431975353,0.4721430369785846,0.1121490917000006,0.6292395053161286,588268400,80.53691232211418,1,1,1
2012-12-12,VTRS,23.61565589904785,27.84000015258789,28.030000686645508,27.690000534057617,27.8799991607666,7499800,-0.0035919677055185,-0.0176005663948466,0.4571431023733951,0.1137699260834492,0.626652259203496,580768600,76.67984219521452,0,0,0
2012-12-13,VTRS,23.72592544555664,27.96999931335449,28.1299991607666,27.57999992370605,27.59000015258789,7200600,-0.0071504776725298,-0.0375401953105952,0.437857355390276,0.1087798793291623,0.6278541816641159,587969200,71.07840983145209,0,0,0
2012-12-14,VTRS,23.72592544555664,27.96999931335449,28.07999992370605,27.780000686645508,27.940000534057617,4754000,-0.0057204094150875,-0.0185912965027053,0.4250000544956749,0.0988918645860553,0.6216408253963479,587969200,75.52084575097946,0,0,0
2012-12-17,VTRS,23.91254425048828,28.190000534057617,28.21999931335449,27.940000534057617,28.030000686645508,9521200,-0.0085136490447458,-0.0173820419239145,0.410714285714285,0.0873417167433774,0.6272385402238889,597490400,75.64768375540457,0,0,0
2012-12-18,VTRS,24.0058536529541,28.299999237060547,28.5,28.049999237060547,28.190000534057617,9743400,-0.0300352825807842,-0.0240282125851314,0.410714285714285,0.0799973854384655,0.6332510219924394,607233800,77.33991166049518,0,0,0
2012-12-19,VTRS,23.53082656860352,27.739999771118164,28.350000381469727,27.5,28.34000015258789,9113800,-0.0140590985171704,0.0165825881621031,0.4507142475673123,0.0656003305431357,0.586072797924043,598120000,59.03613627223808,0,0,0
2012-12-20,VTRS,23.5562744140625,27.770000457763672,27.89999961853028,27.68000030517578,27.770000457763672,5614100,-0.0306085836319132,0.0050413895333334,0.4414284569876532,0.0566595413401792,0.5448241267433289,603734100,62.24068721646939,0,0,0
2012-12-21,VTRS,23.5902042388916,27.809999465942383,27.90999984741211,27.489999771118164,27.57999992370605,8774100,-0.0129449374295674,-0.0010787047778844,0.4471428734915594,0.0550394858607757,0.5094887738867335,612508200,59.91189205221953,0,0,0
2012-12-24,VTRS,23.70896339416504,27.950000762939453,28.020000457763672,27.670000076293945,27.76000022888184,2497900,-0.0089445435841093,0.0028622512172569,0.4535714558192659,0.0521471627437439,0.487166435381912,615006100,61.76474830983066,0,0,0
2012-12-26,VTRS,23.28483009338379,27.450000762939453,28.07999992370605,27.36000061035156,28.06999969482422,3415200,0.0061930809314754,0.0291438693925514,0.4757141385759623,0.050470668247031,0.4242396295974266,611590900,53.26087707683441,1,1,1
2012-12-27,VTRS,23.20000267028809,27.350000381469727,27.6200008392334,26.950000762939453,27.479999542236328,3064200,0.03107862411752,0.0179158963175061,0.5049998419625416,0.0491479285300106,0.3621261230724286,608526700,50.70923616766273,1,1,1
2012-12-28,VTRS,22.835248947143555,26.920000076293945,27.39999961853028,26.90999984741211,27.170000076293945,3450900,0.0367756228942202,0.023031234675938,0.5071427481515067,0.0533311672229944,0.2750328828114945,605075800,44.68749888241312,1,1,1
2012-12-31,VTRS,23.28483009338379,27.450000762939453,27.489999771118164,26.93000030517578,26.989999771118164,3996400,0.0120218548099857,0.0193077874158908,0.4799998147147045,0.0514904939157699,0.2459424173501609,609072200,40.40404948572251,1,1,1
2013-01-02,VTRS,23.49689674377441,27.700000762939453,28.049999237060547,27.39999961853028,27.84000015258789,7450500,0.0119133543182992,0.0133573617940039,0.489999771118164,0.0505045708212855,0.2402909994833031,616522700,47.54099078281936,1,1,1
2013-01-03,VTRS,23.429033279418945,27.6200008392334,27.75,27.520000457763672,27.6200008392334,5120100,0.022809527213037,0.0152063744942885,0.482142584664481,0.0496385129618035,0.2267431311782068,611402600,46.47437092663496,1,1,1
2013-01-04,VTRS,23.921031951904297,28.200000762939453,28.239999771118164,27.64999961853028,27.64999961853028,5440600,-0.0127659787451026,-0.0070922254442735,0.4871425628662106,0.0500360745680827,0.259812537318254,616843200,53.22130737203277,0,0,0
2013-01-07,VTRS,23.675029754638672,27.90999984741211,28.13999938964844,27.76000022888184,28.049999237060547,5954900,-0.013256858971967,-0.0007166054415268,0.4971426555088585,0.0482255832062885,0.2596268133993753,610888300,49.22280535223424,0,0,0
2013-01-08,VTRS,23.564756393432617,27.780000686645508,27.780000686645508,27.3799991607666,27.600000381469727,7200200,0.0071993826726923,0.013318895706962,0.5149999346051898,0.0452218260145717,0.2461522896593351,603688100,44.56233690147458,1,1,1
2013-01-09,VTRS,23.776819229125977,28.030000686645508,28.21999931335449,27.770000457763672,27.82999992370605,3838400,0.0014270070352786,0.0107027909279886,0.5149997983660014,0.0452748708593363,0.2527331922600524,607526500,46.54733466441167,1,1,1
2013-01-10,VTRS,23.96343994140625,28.25,28.600000381469727,28.21999931335449,28.280000686645508,4795600,-0.0074335959105364,0.0074335959105364,0.4949997493198937,0.0474736369232926,0.2725588225167001,612322100,57.14285714285714,0,0,0
2013-01-11,VTRS,23.61565589904785,27.84000015258789,28.51000022888184,27.770000457763672,28.31999969482422,7194900,0.0057471209243953,0.0147270059326489,0.532142639160156,0.0474736369232926,0.2522790997331405,605127200,50.8860719152384,1,1,1
2013-01-14,VTRS,23.36117553710937,27.540000915527344,27.8700008392334,27.540000915527344,27.780000686645508,8678600,0.0127087313901925,0.0272331145630841,0.5257140568324495,0.0479234802960377,0.2095838894707284,596448600,46.79336714006052,1,1,1
2013-01-15,VTRS,23.734413146972656,27.979999542236328,28.049999237060547,27.5,27.5,4852600,0.0060757712321377,0.0078628028699938,0.5399996893746509,0.0479628642530486,0.2088444113163312,601301200,50.33258082551433,1,1,1
2013-01-16,VTRS,23.810754776000977,28.06999969482422,28.21999931335449,27.93000030517578,27.989999771118164,5793400,0.0092625661456553,0.0071250717888797,0.5092853818620949,0.0470729591215877,0.2130645541503355,607094600,57.560965397891685,1,1,1
2013-01-17,VTRS,23.785303115844727,28.040000915527344,28.190000534057617,27.88999938964844,28.1200008392334,5962700,0.0149785362065639,0.030313781967475,0.4828568867274685,0.0447847208252296,0.2115497827612706,601131900,58.56080731551594,1,1,1
2013-01-18,VTRS,23.751373291015625,28.0,28.06999969482422,27.75,28.0,2635900,0.0089285714285713,0.0228571210588728,0.4707140241350436,0.0453231149846626,0.2047612161008629,598496000,64.83517404830312,1,1,1
2013-01-22,VTRS,23.658063888549805,27.88999938964844,28.0,27.739999771118164,27.96999931335449,3952200,0.0143421131098111,0.0383649952757385,0.4485712051391591,0.0454338791004434,0.1883340999018337,594543800,56.83228231625768,1,1,1
2013-01-23,VTRS,23.87861061096192,28.14999961853028,28.36000061035156,27.65999984741211,27.850000381469727,5376600,0.0017762396123182,0.0234458208296972,0.4521427154541005,0.0467987116242139,0.1940583536179296,599920400,56.96593165781792,1,1,1
2013-01-24,VTRS,24.03130149841309,28.32999992370605,28.600000381469727,28.1200008392334,28.1299991607666,3406900,-0.0021178773774782,0.0165901628881124,0.4699998583112434,0.0494161649872668,0.2106906752771209,603327300,60.66065326443197,0,0,0
2013-01-25,VTRS,24.141572952270508,28.459999084472656,28.600000381469727,28.31999969482422,28.38999938964844,3546200,0.0151089360157563,0.0140548678407068,0.4457142693655821,0.0514875010380982,0.231690966606564,606873500,54.51386405359656,1,1,1
2013-01-28,VTRS,23.96343994140625,28.25,28.5,28.190000534057617,28.5,4088000,0.0138052881291483,0.0212389515564503,0.4364284787859228,0.0496124782889358,0.2287517696947034,602785500,56.071441222231016,1,1,1
2013-01-29,VTRS,23.99736976623535,28.290000915527344,28.38999938964844,28.11000061035156,28.25,4137700,0.0236832148201726,0.0180275116659074,0.4185711996895924,0.038350016144898,0.2270330785414991,606923200,59.40960812038693,1,1,1
2013-01-30,VTRS,23.921031951904297,28.200000762939453,28.420000076293945,28.1200008392334,28.26000022888184,4355300,0.0216311590957327,0.0234042492750383,0.4078569412231445,0.0344615846159453,0.2159197547416163,602567900,53.33333831987094,1,1,1
2013-01-31,VTRS,23.98040580749512,28.270000457763672,28.39999961853028,28.059999465942383,28.14999961853028,6203700,0.0187477456920706,0.0314821144406463,0.3914284024919784,0.0334752392362624,0.210336131924361,608771600,50.4166766007836,1,1,1
2013-02-01,VTRS,24.50632667541504,28.88999938964844,29.049999237060547,28.350000381469727,28.440000534057617,5102700,-0.001038379367624,0.011422635191342,0.3942854745047433,0.0393439220700442,0.2530231099594928,613874300,70.11495260854005,0,0,0
2013-02-04,VTRS,24.29426002502441,28.63999938964844,29.01000022888184,28.63999938964844,28.809999465942383,4586600,0.007332437021531,0.0164106574971854,0.3971426827566964,0.0424709643873479,0.2636408493322086,609287700,71.48436568676547,1,1,1
2013-02-05,VTRS,24.56570625305176,28.959999084472656,29.040000915527344,28.709999084472656,28.790000915527344,4706100,-0.0055248567841943,-0.0086325969579895,0.3864285605294361,0.0486214750770918,0.2944821780651061,613993800,70.08196913532964,0,0,0
2013-02-06,VTRS,24.43847274780273,28.809999465942383,28.88999938964844,28.61000061035156,28.82999992370605,3853600,0.001735548258801,0.0,0.3907142366681783,0.0501293557608202,0.303323908465213,610140200,64.80000671387236,1,1,1
2013-02-07,VTRS,24.42998504638672,28.799999237060547,28.8700008392334,28.57999992370605,28.770000457763672,4974200,0.0125000215239001,0.00625001076195,0.3899999346051905,0.0523360397202262,0.3059967683440625,605166000,65.32254963337373,1,1,1
2013-02-08,VTRS,24.480880737304688,28.86000061035156,29.049999237060547,28.770000457763672,28.88999938964844,3564500,0.0124739672692109,-0.011781016819034,0.3871427263532374,0.0551883362992049,0.3093901810091779,608730500,67.20001220703125,1,1,1
2013-02-11,VTRS,24.47239875793457,28.850000381469727,28.920000076293945,28.71999931335449,28.780000686645508,2687000,0.0090121395301203,-0.0180242790602411,0.382857050214496,0.0552039078347921,0.3077252845709459,606043500,70.00002384186172,1,1,1
2013-02-12,VTRS,24.42998504638672,28.799999237060547,28.950000762939453,28.71999931335449,28.809999465942383,4452200,-0.003125005380975,-0.0079860954280984,0.3492856706891756,0.0497132980171352,0.2989253423992828,601591300,64.84017032009481,0,0,0
2013-02-13,VTRS,24.480880737304688,28.86000061035156,28.959999084472656,28.75,28.90999984741211,3236500,-0.0017325413496783,0.0259875254379235,0.3299999237060562,0.0491264355770951,0.2934106785398604,604827800,62.80193904413348,0,0,0
2013-02-14,VTRS,24.73535919189453,29.15999984741211,29.209999084472656,28.6299991607666,28.71999931335449,5730800,-0.0061728500040357,0.0322359581267639,0.3514284406389524,0.0515210809491911,0.3096779245859977,610558600,65.62500532183934,0,0,0
2013-02-15,VTRS,24.7862548828125,29.21999931335449,29.280000686645508,28.950000762939453,29.09000015258789,4591000,-0.0239561557850856,0.0516769426545373,0.3528570447649289,0.0530733178482026,0.3236801069527537,615149600,73.20570232796695,0,0,0
2013-02-19,VTRS,24.692949295043945,29.11000061035156,29.299999237060547,28.96999931335449,29.18000030517578,2984000,-0.0267949388626305,0.0542768770380652,0.3564285550798701,0.0517872009668932,0.3221869902546466,612165600,68.981475758127,0,0,0
2013-02-20,VTRS,24.3536434173584,28.709999084472656,29.14999961853028,28.700000762939453,29.09000015258789,4808400,-0.0048763286002385,0.0762800628315605,0.3671428135463185,0.0458178363298992,0.28543656923582,607357200,60.32384756044831,0,0,0
2013-02-21,VTRS,24.43847274780273,28.809999465942383,28.920000076293945,28.34000015258789,28.690000534057617,6370300,0.0277681763012489,0.0687261883474039,0.3842856543404728,0.0426131481976461,0.261367904347022,613727500,60.79997192384961,1,1,1
2013-02-22,VTRS,24.58267593383789,28.979999542236328,29.01000022888184,28.709999084472656,28.82999992370605,4546600,0.0386473725646916,0.0603864743838071,0.350000108991352,0.041437571585076,0.2530933962969435,618274100,52.19512240507924,1,1,1
2013-02-25,VTRS,24.19247055053711,28.520000457763672,29.270000457763672,28.51000022888184,29.1200008392334,3943300,0.0774894477209258,0.0788920043438325,0.3778572082519544,0.0410700279140733,0.2070311807294445,614330800,47.34515888367875,1,1,1
2013-02-26,VTRS,24.03130149841309,28.32999992370605,28.61000061035156,27.950000762939453,28.559999465942383,5106000,0.0833039398767085,0.0924814982805923,0.3964285169328975,0.0401849266941752,0.1534264828445621,609224800,35.211307964736335,1,1,1
2013-02-27,VTRS,24.234882354736328,28.56999969482422,28.68000030517578,28.18000030517578,28.229999542236328,3581200,0.0815540759045987,0.0843542132710875,0.4071429116385334,0.037872729266503,0.1288253311111979,612806000,44.59460736596382,1,1,1
2013-02-28,VTRS,25.11708068847656,29.61000061035156,30.46999931335449,29.34000015258789,29.34000015258789,12600200,0.0398514110385821,0.0472813100193199,0.522142818995885,0.0412882493323007,0.1910458655375357,625406200,62.46154496231669,1,1,1
2013-03-01,VTRS,25.53272819519043,30.100000381469727,30.40999984741211,29.440000534057617,29.6299991607666,8696500,0.0209302044113741,0.012292323162645,0.571428571428572,0.0524203778085736,0.2767052874646047,634102700,66.8478128477476,1,1,1
2013-03-04,VTRS,26.06713485717773,30.729999542236328,30.770000457763672,29.76000022888184,30.059999465942383,9271400,0.0013016894280251,-0.0016270497170631,0.6292856761387416,0.0751493186552523,0.3909203768707279,643374100,71.86044953977463,1,1,1
2013-03-05,VTRS,26.033203125,30.690000534057617,30.96999931335449,30.5,30.8700008392334,6969200,0.0084718222338675,0.0026067097528159,0.6464283806937077,0.0888704592662161,0.4727593963869623,636404900,72.02799223722265,1,1,1
2013-03-06,VTRS,26.21133804321289,30.89999961853028,30.920000076293945,30.459999084472656,30.709999084472656,6639600,0.0025889943266561,-0.0042070926333813,0.6642856597900385,0.1029528724765474,0.5482427785711543,643044500,72.97297877815332,1,1,1
2013-03-07,VTRS,26.118030548095703,30.790000915527344,31.0,30.68000030517578,31.0,5739500,0.0071451544921374,-0.0194868581886643,0.6457142148699074,0.1117100512013485,0.5923595743041616,637305000,69.17650036666002,1,1,1
2013-03-08,VTRS,26.06713485717773,30.729999542236328,30.959999084472656,30.690000534057617,30.850000381469727,4573800,-0.0084607950782584,-0.0296127517399202,0.6414284024919777,0.1175296841268767,0.6153870446096086,632731200,67.7647165476705,0,0,0
2013-03-11,VTRS,26.1010684967041,30.770000457763672,30.82999992370605,29.96999931335449,30.600000381469727,7328600,-0.0029249317922964,-0.0487487805552349,0.6792855943952281,0.1222893252074162,0.6296065083997107,640059800,69.85645605523827,0,0,0
2013-03-12,VTRS,26.253751754760746,30.950000762939453,31.020000457763672,30.57999992370605,30.729999542236328,6807700,-0.005815841703995,-0.0623586512956351,0.6785714285714278,0.1270195680652874,0.6479311096920171,646867500,78.28285601441098,0,0,0
2013-03-13,VTRS,26.279199600219727,30.979999542236328,31.21999931335449,30.61000061035156,30.950000762939453,6145900,-0.0067785373652557,-0.0723047063982127,0.6807141985212046,0.1299167278567398,0.6572972257516412,653013400,77.89204988136666,0,0,0
2013-03-14,VTRS,26.304649353027344,31.01000022888184,31.1299991607666,30.530000686645508,31.01000022888184,8099300,-0.0264430728401122,-0.0661077436078142,0.7021425792149125,0.1317458999665307,0.6595380013626588,661112700,77.06668958877026,0,0,0
2013-03-15,VTRS,25.84658432006836,30.46999931335449,31.01000022888184,30.420000076293945,30.96999931335449,8876800,-0.0213324461167738,-0.0580898782508102,0.6899997166224884,0.1309994393060542,0.6107004961000193,652235900,75.45690462708822,0,0,0
2013-03-18,VTRS,26.024717330932617,30.68000030517578,30.739999771118164,29.950000762939453,30.14999961853028,6614800,-0.045958273578447,-0.0677966070083497,0.6992853709629602,0.1308245623034063,0.5822301594600461,658850700,80.51948244966938,0,0,0
2013-03-19,VTRS,26.1010684967041,30.770000457763672,30.84000015258789,30.43000030517578,30.790000915527344,6249400,-0.0568735773144407,-0.0734481701416941,0.6928567886352537,0.129632382437203,0.5604687379746522,665100100,79.72973390945543,0,0,0
2013-03-20,VTRS,26.1010684967041,30.770000457763672,31.020000457763672,30.61000061035156,30.86000061035156,4860700,-0.065973372000172,-0.0692233031013103,0.5864282335553853,0.1239426658534186,0.5370320831017708,665100100,71.80450966079295,0,0,0
2013-03-21,VTRS,25.609073638916016,30.190000534057617,30.68000030517578,30.1200008392334,30.57999992370605,4304300,-0.0407420148335997,-0.051672783891844,0.5635711124965125,0.1166971191526782,0.466282207642454,660795800,51.63636641068891,0,0,0
2013-03-22,VTRS,25.29521369934082,29.81999969482422,30.40999984741211,29.63999938964844,30.34000015258789,5394400,-0.0375586500116282,-0.0486250459567406,0.546428271702358,0.1110698519850054,0.3760218997210423,655401400,31.726923012107605,0,0,0
2013-03-25,VTRS,24.828670501708984,29.270000457763672,29.56999969482422,29.21999931335449,29.38999938964844,7382300,-0.022890333645903,-0.0225486790942994,0.555714062282018,0.1024029930071585,0.2571454013877989,648019100,26.33334710862043,0,0,0
2013-03-26,VTRS,24.61660385131836,29.020000457763672,29.51000022888184,28.89999961853028,29.39999961853028,7326600,-0.0175740944464869,-0.0161957688934972,0.5664283207484662,0.0921155578328706,0.1411350918516341,640692500,19.07898988416017,0,0,0
2013-03-27,VTRS,24.379085540771484,28.739999771118164,28.920000076293945,28.63999938964844,28.790000915527344,7509400,-0.0034794844212286,0.0073069239211451,0.5707141331263956,0.0893386243581125,0.026299209470082,633183100,18.068565812639363,0,0,0
2013-03-28,VTRS,24.56570625305176,28.959999084472656,28.989999771118164,28.64999961853028,28.790000915527344,6734600,-0.0113950253500867,-0.009668466441596,0.5757142475673133,0.0958364569887575,-0.0464218267660463,639917700,23.738887014871764,0,0,0
2013-04-01,VTRS,24.345157623291016,28.700000762939453,28.989999771118164,28.5,28.950000762939453,3716100,-0.0114982548757345,-0.020905936080828,0.5492856161934991,0.1067083851480857,-0.1236085807854188,636201600,21.169921910281417,0,0,0
2013-04-02,VTRS,24.26033401489257,28.600000381469727,28.809999465942383,28.1200008392334,28.729999542236328,10850700,0.0003496583478479,-0.0104895503639067,0.5671426228114537,0.1159778729877834,-0.1906511269772721,625350900,16.524213273080832,1,1,1
2013-04-03,VTRS,24.18398666381836,28.51000022888184,28.63999938964844,27.86000061035156,28.549999237060547,17084000,0.0014029816856397,-0.0171869437805818,0.5792854854038788,0.1242105264369843,-0.2481841753171885,608266900,15.406187607154903,1,1,1
2013-04-04,VTRS,24.29426002502441,28.63999938964844,28.75,28.3799991607666,28.540000915527344,7617900,0.0108240705271474,-0.023743027921347,0.5628570829119006,0.1279576426391193,-0.2800613123278488,615884800,17.711160899665728,1,1,1
2013-04-05,VTRS,24.285776138305664,28.6299991607666,28.65999984741211,28.200000762939453,28.36000061035156,4066300,0.0017464598629013,-0.0101292007223008,0.5535712923322408,0.1307396529660489,-0.302642434371478,611818500,20.700628817735264,1,1,1
2013-04-08,VTRS,24.065231323242188,28.3700008392334,28.64999961853028,28.350000381469727,28.63999938964844,5077600,-0.0095171113773914,-0.0014099723068047,0.5185713086809436,0.1345064589780054,-0.3376258868713115,606740900,13.793074583387394,0,0,0
2013-04-09,VTRS,24.26881217956543,28.61000061035156,28.75,28.39999961853028,28.51000022888184,4234200,-0.0108354200166933,0.0003495361296224,0.5164284024919787,0.1342421873397908,-0.3420417053860127,610975100,17.66463748914971,0,0,0
2013-04-10,VTRS,24.217920303344727,28.549999237060547,28.850000381469727,28.440000534057617,28.700000762939453,4870600,-0.0185638806816109,0.0049037233183297,0.5164284024919785,0.1310367426974802,-0.3463899154206196,606104500,17.352901247518986,0,0,0
2013-04-11,VTRS,24.55722618103028,28.950000762939453,29.14999961853028,28.530000686645508,28.64999961853028,4639500,-0.0341969482686216,0.0113989607947957,0.5142854963030139,0.1233405459505558,-0.3139402156292412,610744000,30.74534106303311,0,0,0
2013-04-12,VTRS,24.328197479248047,28.68000030517578,28.989999771118164,28.600000381469727,28.959999084472656,4254200,-0.0118549563797086,0.0219664977009399,0.4871425628662117,0.1139284752653324,-0.3064774934418786,606489800,31.73077275767245,0,0,0
2013-04-15,VTRS,23.83619880676269,28.100000381469727,28.729999542236328,28.040000915527344,28.63999938964844,5804400,0.0081850369791451,0.0323843357672053,0.4935710089547299,0.1124661791836023,-0.3434058105030644,600685400,31.428567968528085,1,1,1
2013-04-16,VTRS,24.0058536529541,28.299999237060547,28.31999969482422,28.049999237060547,28.18000030517578,6217100,0.0113074774134194,0.0286219574250117,0.4692852837698805,0.104140698899414,-0.3524704714525555,606902500,38.3870713693293,1,1,1
2013-04-17,VTRS,23.768341064453125,28.020000457763672,28.209999084472656,27.809999465942383,28.100000381469727,4968600,0.0239114941237734,0.0242683902236471,0.4771423339843758,0.0924576298597565,-0.3778917412406244,601933900,38.38709498791291,1,1,1
2013-04-18,VTRS,23.71743965148925,27.959999084472656,28.09000015258789,27.65999984741211,28.030000686645508,5260700,0.0472103592773687,0.0311159108626917,0.4835709163120825,0.0745768636990304,-0.3982886662517479,596673200,32.99318933493184,1,1,1
2013-04-19,VTRS,24.03978729248047,28.34000015258789,28.40999984741211,27.920000076293945,27.93000030517578,4756800,0.0342272162361267,0.0197600375062541,0.4835709163120825,0.059190791870255,-0.3794167853566677,601430000,44.11763972569096,1,1,1
2013-04-22,VTRS,24.03130149841309,28.32999992370605,28.5,28.15999984741211,28.5,5335200,0.0240028346984488,0.0395340925608758,0.4585710253034329,0.0462340899380187,-0.3611050247330709,596094800,45.45453961632118,1,1,1
2013-04-23,VTRS,24.27729797363281,28.6200008392334,28.75,28.38999938964844,28.489999771118164,4430600,0.0171208859800748,0.0373864312875009,0.4328568322317948,0.0404345048837968,-0.319509070587241,600525400,51.735024314167134,1,1,1
2013-04-24,VTRS,24.33667755126953,28.690000534057617,28.809999465942383,28.549999237060547,28.700000762939453,5908100,0.0003485614742309,0.0223074025003484,0.4249996457781118,0.0377016658462649,-0.277694497574334,606433500,50.803876268983714,1,1,1
2013-04-25,VTRS,24.8371524810791,29.280000686645508,29.309999465942383,28.729999542236328,28.81999969482422,9660500,-0.0153688781552761,-0.0003415378636379,0.4364282063075482,0.0439249324424261,-0.1947036433255924,616094000,58.80760292439255,0,0,0
2013-04-26,VTRS,24.862598419189453,29.309999465942383,29.5,29.170000076293945,29.299999237060547,6767800,-0.0139883949124092,0.0116001418895612,0.4385711124965127,0.0482510740083828,-0.1250704088184164,622861800,63.58378380166236,0,0,0
2013-04-29,VTRS,24.60812187194824,29.01000022888184,29.51000022888184,28.989999771118164,29.299999237060547,4884700,0.0151672020195146,0.0065494840592401,0.4485712051391609,0.0500043420081534,-0.0930207151231101,617977100,55.68180894556755,1,1,1
2013-04-30,VTRS,24.692949295043945,29.11000061035156,29.1299991607666,28.729999542236328,28.88999938964844,6278400,0.0199244215577174,0.0340089230628914,0.4478569030761726,0.0525602346928614,-0.0588732527075741,624255500,57.86518479307951,1,1,1
2013-05-01,VTRS,24.345157623291016,28.700000762939453,29.13999938964844,28.68000030517578,29.07999992370605,4853800,0.0219511896870789,0.0627177417843452,0.4364283425467362,0.052541899687619,-0.0641551631133729,619401700,46.498599140464215,1,1,1
2013-05-02,VTRS,24.455432891845703,28.82999992370605,28.93000030517578,28.479999542236328,28.75,5378900,0.0152618985508847,0.0648630192224091,0.4407141549246659,0.0529476109605306,-0.0571919956138771,624780600,52.186584381865785,1,1,1
2013-05-03,VTRS,24.514812469482425,28.89999961853028,29.170000076293945,28.799999237060547,29.030000686645508,4872600,0.0259515574359769,0.0865051914532564,0.4178571701049812,0.0536089295271782,-0.045500740628416,629653200,63.69862566300011,1,1,1
2013-05-06,VTRS,24.981359481811523,29.450000762939453,29.489999771118164,28.670000076293945,29.0,6633200,-0.0084889641264324,0.0621392148148589,0.4571428298950203,0.0582069904234309,0.0080523366564015,636286400,67.58411872922773,0,0,0
2013-05-07,VTRS,25.18494415283203,29.690000534057617,29.89999961853028,29.530000686645508,29.56999969482422,4555600,0.0138093580342579,0.0518692819291857,0.4542856216430674,0.0654782529324395,0.0690633922062815,640842000,75.85138276808723,1,1,1
2013-05-08,VTRS,24.879562377929688,29.32999992370605,29.93000030517578,29.299999237060547,29.670000076293945,4414300,0.0398908993977968,0.075690396151695,0.4685713904244569,0.0674258520286604,0.0873590321423165,636427700,69.40510726267425,1,1,1
2013-05-09,VTRS,24.828670501708984,29.270000457763672,29.40999984741211,28.8700008392334,29.209999084472656,5827300,0.0488554930922962,0.0847283738794244,0.4721427645002102,0.0688477709192952,0.0959113962661142,630600400,64.48599019349199,1,1,1
2013-05-10,VTRS,25.151010513305664,29.64999961853028,29.65999984741211,28.989999771118164,29.1200008392334,4961700,0.0590219231876922,0.0516020474310328,0.4957141876220713,0.0732610090320611,0.131832282449718,635562100,68.43576014278497,1,1,1
2013-05-13,VTRS,24.769290924072266,29.200000762939453,29.6299991607666,29.049999237060547,29.559999465942383,3709800,0.0712328722383455,0.0832191210389039,0.5085713522774843,0.0698494083120266,0.1225757200968686,631852300,57.75401805863319,1,1,1
2013-05-14,VTRS,25.53272819519043,30.100000381469727,31.0,29.020000457763672,29.299999237060547,9796100,0.0375414998819154,0.0335548244545409,0.6314284460885194,0.0756590001135664,0.1857213947163174,641648400,65.42670808023729,1,1,1
2013-05-15,VTRS,25.872034072875977,30.5,30.530000686645508,27.770000457763672,27.770000457763672,5631000,0.0344262044937884,0.0154098135526061,0.7842856815883101,0.0815580413959872,0.2649868199594216,647279400,63.92694759880667,1,1,1
2013-05-16,VTRS,26.04168701171875,30.700000762939453,31.46999931335449,30.34000015258789,30.799999237060547,7256100,0.0342019286959787,-0.0071661633627289,0.8414284842354919,0.0857198502051338,0.3400240450999376,654535500,65.27474849183133,1,1,1
2013-05-17,VTRS,26.63547134399414,31.39999961853028,31.46999931335449,30.84000015258789,30.89999961853028,5720300,-0.0070063476441785,-0.0318471341448636,0.8592854908534461,0.1017182684571318,0.4507793405124296,660255800,74.14142285983792,0,0,0
2013-05-20,VTRS,26.533676147460938,31.280000686645508,31.88999938964844,31.13999938964844,31.350000381469727,4321400,0.0111892092851046,-0.0450767204750761,0.8842855181012838,0.1096132908988838,0.5228437814913853,655934400,71.83100645544071,1,1,1
2013-05-21,VTRS,26.49126243591309,31.229999542236328,31.3799991607666,30.950000762939453,31.229999542236328,3568500,-0.0038424250286164,-0.0429074662897651,0.8821426119123187,0.115642388941368,0.5693574968754014,652365900,77.44035290525386,0,0,0
2013-05-22,VTRS,26.76270866394043,31.549999237060547,32.09000015258789,31.14999961853028,31.25,8435100,-0.0183835162513967,-0.0361331035567609,0.9171425955636158,0.1230172440286166,0.6248385031380295,660801000,78.33334194289785,0,0,0
2013-05-23,VTRS,26.9323673248291,31.75,32.0,31.170000076293945,31.270000457763672,4021900,-0.0400000144177534,-0.0368503961037464,0.9499996730259485,0.13333864240787,0.6771403381009229,664822900,78.90467857683106,0,0,0
2013-05-24,VTRS,26.448854446411133,31.18000030517578,31.690000534057617,31.040000915527344,31.690000534057617,5952800,-0.0250160576976012,-0.0150738042367852,0.9421424865722654,0.1360086023133761,0.6649307990904205,658870100,67.47475362434992,0,0,0
2013-05-28,VTRS,26.83056831359864,31.6299991607666,32.27000045776367,31.440000534057617,31.57999992370605,4299100,-0.0556433249519741,-0.0271893368896973,0.9878568649291988,0.138992275539017,0.6836847065898262,663169200,68.79845075857821,0,0,0
2013-05-29,VTRS,26.38947296142578,31.11000061035156,31.670000076293945,30.950000762939453,31.6299991607666,3845700,-0.0392157247434181,-0.0093217907373117,0.9942853110177172,0.1371079901449628,0.649105294408507,659323500,66.72934871499407,0,0,0
2013-05-30,VTRS,26.270715713500977,30.96999931335449,31.32999992370605,30.89999961853028,31.06999969482422,4317900,-0.0180819980096319,0.0119470728910819,0.9864282608032215,0.129283441884038,0.6034477563930771,655005600,65.74074237598596,0,0,0
2013-05-31,VTRS,25.85506629943848,30.479999542236328,31.01000022888184,30.479999542236328,30.84000015258789,4798200,0.0032808524596974,0.0393701043622591,0.976428304399762,0.1201152677976027,0.521710982686173,650207400,57.53176464479499,1,1,1
2013-06-03,VTRS,25.78721046447754,30.39999961853028,30.850000381469727,30.11000061035156,30.459999084472656,4567200,0.0101973509813275,0.0375000431349408,0.986428260803222,0.11024861073406,0.4453450152676161,645640200,61.67314633638599,1,1,1
2013-06-04,VTRS,25.337627410888672,29.8700008392334,30.39999961853028,29.5,30.309999465942383,6481200,0.0301305521675161,0.0669568109744762,0.9092854091099324,0.1072145946225689,0.3381598673431547,639159000,47.58910163416308,1,1,1
2013-06-05,VTRS,25.35459327697754,29.88999938964844,30.450000762939453,29.729999542236328,29.89999961853028,5448800,0.0311140958235636,0.0461693240647289,0.7635711942400246,0.1059274041531675,0.2519245518531896,644607800,43.05237784484166,1,1,1
2013-06-06,VTRS,25.79568672180176,30.40999984741211,30.420000076293945,29.700000762939453,29.89999961853028,3588000,0.0305820555686364,-0.0019730176337863,0.7342854908534456,0.0991647779136628,0.2229718534207982,648195800,46.92143092596808,1,1,1
2013-06-07,VTRS,25.93989562988281,30.57999992370605,30.959999084472656,30.14999961853028,30.520000457763672,2540900,0.0359712355858115,0.0016350306470009,0.7371426991053988,0.0902980947199875,0.2113083851975474,650736700,40.19138297493697,1,1,1
2013-06-10,VTRS,26.050168991088867,30.709999084472656,30.89999961853028,30.43000030517578,30.64999961853028,2560600,0.027027087456813,-0.0149788048904644,0.7171426500592913,0.0845931868758128,0.2101325709504813,653297300,43.19806624741381,1,1,1
2013-06-11,VTRS,26.1010684967041,30.770000457763672,31.1200008392334,30.299999237060547,30.51000022888184,4127600,0.0357491181379616,-0.0120247264780276,0.7450000217982701,0.0707206250297458,0.2116031101254201,657424900,44.5238164439003,1,1,1
2013-06-12,VTRS,26.14348030090332,30.81999969482422,31.36000061035156,30.729999542236328,30.920000076293945,4410500,0.014600933400237,-0.0110318025942417,0.7228572028023856,0.0672747298643312,0.214332353630553,661835400,40.71246572350701,1,1,1
2013-06-13,VTRS,26.58456993103028,31.34000015258789,31.420000076293945,30.440000534057617,30.809999465942383,3451300,-0.0315890161550115,-0.0140395830221871,0.7335714612688337,0.0675749164575983,0.255509633877768,665286700,45.17646805390128,0,0,0
2013-06-14,VTRS,26.87298393249512,31.68000030517578,32.0,31.299999237060547,31.450000762939453,3841100,-0.0331439751986881,-0.0205176645286861,0.7328572954450335,0.070574251566857,0.3119817643761564,669127800,56.21891066578859,0,0,0
2013-06-17,VTRS,26.754228591918945,31.540000915527344,32.0,31.209999084472656,31.82999992370605,4009400,-0.0409004717210477,-0.0215599329561533,0.7114287785121373,0.0714044558176682,0.3415029208416733,665118400,48.78708472078914,0,0,0
2013-06-18,VTRS,27.034156799316406,31.8700008392334,31.959999084472656,31.40999984741211,31.6200008392334,3417300,-0.0461249194224521,-0.0470662052243636,0.6992859159197126,0.0753620360744473,0.3870650410935781,668535700,60.79546224233855,0,0,0
2013-06-19,VTRS,26.52519798278809,31.270000457763672,31.920000076293945,31.13999938964844,31.88999938964844,3461800,-0.0252638600563628,-0.0255836627022038,0.7242859431675505,0.0754720424986894,0.3704875830415801,665073900,53.76886083774831,0,0,0
2013-06-20,VTRS,25.74479484558105,30.350000381469727,31.059999465942383,30.18000030517578,31.040000915527344,5468800,0.018121885672079,0.0161449675439653,0.7642859050205776,0.0757642699409351,0.2798871459113847,659605100,48.52608592414977,1,1,1
2013-06-21,VTRS,25.98230361938477,30.6299991607666,30.809999465942383,29.89999961853028,30.489999771118164,10274300,0.0130591425673709,0.0088149025517936,0.7764287676130017,0.0722602845544214,0.2280503853013122,669879400,52.494573775551615,1,1,1
2013-06-24,VTRS,25.65996360778809,30.25,30.51000022888184,29.93000030517578,30.32999992370605,3814000,0.0201653094331093,0.0310743978200864,0.762142998831612,0.0738337088394283,0.1545253505137331,666065400,54.26008297399461,1,1,1
2013-06-25,VTRS,25.78721046447754,30.39999961853028,30.71999931335449,30.100000381469727,30.549999237060547,5096300,-0.0009868019629379,0.0289474039196642,0.7549999782017289,0.0708630391509312,0.1071250751582013,671161700,55.55556017271692,0,0,0
2013-06-26,VTRS,25.85506629943848,30.479999542236328,30.809999465942383,30.34000015258789,30.450000762939453,3138900,-0.0003280915036754,0.0314960960052184,0.737142835344586,0.0706058457657474,0.0751490690053948,674300600,50.84337028229695,0,0,0
2013-06-27,VTRS,26.21133804321289,30.89999961853028,30.979999542236328,30.600000381469727,30.71999931335449,3778900,-0.0019417303133688,0.0385113446196934,0.7150000163487018,0.0704446987903714,0.0827445224760161,678079500,53.63636206004171,0,0,0
2013-06-28,VTRS,26.32161331176757,31.030000686645508,31.46999931335449,30.729999542236328,30.850000381469727,5697300,-0.0041895283673384,0.0354495764462918,0.7342857633318207,0.0704428121387672,0.0981228743898157,683776800,53.63638215813915,0,0,0
2013-07-01,VTRS,26.17741203308105,30.86000061035156,31.38999938964844,30.850000381469727,30.950000762939453,3266600,0.0106934516260301,0.0405055079480687,0.7142855780465253,0.0696078885915166,0.0954919716619073,680510200,50.99778476810264,1,1,1
2013-07-02,VTRS,25.76175880432129,30.3700008392334,30.88999938964844,30.280000686645508,30.82999992370605,3793900,0.0299637741937934,0.0530127974485616,0.7128568376813611,0.0653332946671386,0.0532541946586917,676716300,45.45455596335578,1,1,1
2013-07-03,VTRS,25.84658432006836,30.46999931335449,30.56999969482422,30.01000022888184,30.18000030517578,1723000,0.0318346321812352,0.0600590733490433,0.6828568322317933,0.0602815747843539,0.0275321200742766,678439300,40.39733509949162,1,1,1
2013-07-05,VTRS,26.160446166992188,30.84000015258789,30.959999084472656,30.56999969482422,30.729999542236328,2300900,0.0405317767125597,0.0593384567867409,0.6678567613874158,0.0588916372752322,0.0365814776455692,680740200,40.78946707981422,1,1,1
2013-07-08,VTRS,26.21133804321289,30.89999961853028,31.1200008392334,30.59000015258789,31.020000457763672,3394400,0.0398058726462684,0.0566343666327806,0.6492853164672846,0.0582833761915419,0.0480408294059984,684134600,42.85712461081344,1,1,1
2013-07-09,VTRS,26.457334518432617,31.190000534057617,31.5,30.90999984741211,31.1299991607666,3631700,0.0294966354774299,0.0362295332291742,0.6528568267822258,0.0586784602471876,0.0796054563326613,687766300,42.34233653716453,1,1,1
2013-07-10,VTRS,26.533676147460938,31.280000686645508,31.489999771118164,30.979999542236328,31.229999542236328,3239600,0.0223784795468267,0.0351662518325759,0.6335710797991067,0.0594556800623381,0.110607891808339,691005900,50.12722942695555,1,1,1
2013-07-11,VTRS,26.66939926147461,31.440000534057617,31.75,31.420000076293945,31.56999969482422,4823800,0.027353647849698,0.0365775953879048,0.5892853055681496,0.0610380423211937,0.1464005810280433,695829700,67.19244135952519,1,1,1
2013-07-12,VTRS,27.22077369689941,32.09000015258789,32.099998474121094,31.51000022888184,31.549999237060547,3558400,0.0180741045060621,0.0417575614277405,0.5714280264718189,0.0681420056799377,0.224626724988596,699388100,70.62148871296496,1,1,1
2013-07-15,VTRS,27.25470352172852,32.130001068115234,32.2400016784668,31.63999938964844,32.099998474121094,3153400,0.016184265187582,0.0301897719813166,0.5642854145595001,0.0728805656401643,0.2865461219229672,702541500,79.37500968575247,1,1,1
2013-07-16,VTRS,27.23773765563965,32.11000061035156,32.279998779296875,31.920000076293945,32.22999954223633,3670000,0.0065399900492357,0.0404858054297718,0.5457139696393691,0.0778163665272811,0.3301975089653517,698871500,77.85016448543549,1,1,1
2013-07-17,VTRS,27.12746238708496,31.979999542236328,32.2400016784668,31.76000022888184,32.099998474121094,3222900,0.0125078652784413,0.0494059366376151,0.5464284079415452,0.0788274400520741,0.3502639234769411,695648600,74.03844037706783,1,1,1
2013-07-18,VTRS,27.398908615112305,32.29999923706055,32.619998931884766,32.0,32.0099983215332,2753600,0.0089783567299468,0.0520123945776498,0.5564283643450051,0.0860478159356463,0.3875209028269601,698402200,73.17878347883695,1,1,1
2013-07-19,VTRS,27.712766647338867,32.66999816894531,32.70000076293945,32.0,32.41999816894531,2839800,0.0232629990458002,0.1141721324147233,0.5535712923322402,0.0932212157653122,0.4418102355982469,701242000,75.15333385210093,1,1,1
2013-07-22,VTRS,27.69580268859864,32.650001525878906,33.06999969482422,32.529998779296875,33.0,2447800,0.0137824480003627,0.1295558757901913,0.553571428571428,0.0993230824957742,0.4777145648399887,698794200,78.77817941852187,1,1,1
2013-07-23,VTRS,27.41586875915528,32.31999969482422,32.75,32.150001525878906,32.720001220703125,3815100,0.0337252525643569,0.1392326745820062,0.5528571265084395,0.0975665231000201,0.4740757643060469,694979100,83.05084088244973,1,1,1
2013-07-24,VTRS,27.466768264770508,32.380001068115234,32.61000061035156,32.15999984741211,32.31999969482422,1894200,0.0364422565241275,0.1451513467542029,0.5450000762939448,0.0959396640162894,0.4706087137308046,696873300,82.81787977680759,1,1,1
2013-07-25,VTRS,27.644899368286133,32.59000015258789,32.650001525878906,32.0,32.189998626708984,2001200,0.0426511010475727,0.1368517662961257,0.556428773062569,0.0949598377455623,0.4792813650188954,698874500,81.81818181818181,1,1,1
2013-07-26,VTRS,28.35744857788086,33.43000030517578,33.5,32.400001525878906,32.58000183105469,4305200,0.088842392868399,0.1124737746697255,0.5971429007393966,0.1042109865497989,0.5476228405647987,703179700,85.83569680619125,1,1,1
2013-07-29,VTRS,28.077516555786133,33.099998474121094,33.619998931884766,33.04999923706055,33.33000183105469,2852100,0.1141994794032845,0.1235649649889141,0.594999994550432,0.1079064134612476,0.5686010831383967,700327600,76.75065942408783,1,1,1
2013-07-30,VTRS,28.34047508239746,33.40999984741211,33.47999954223633,33.029998779296875,33.27000045776367,3763200,0.1020652458241853,0.1119425829257072,0.5907143184116903,0.1114168139279165,0.6032866980310878,704090800,78.10023185088671,1,1,1
2013-07-31,VTRS,28.46772003173828,33.560001373291016,33.7400016784668,33.20000076293945,33.369998931884766,4442300,0.1048867793123837,0.0971393977393486,0.5957144328526083,0.1086754694507885,0.6355529089370009,708533100,78.04230574964011,1,1,1
2013-08-01,VTRS,28.823989868164062,33.97999954223633,34.619998931884766,33.529998779296875,33.72999954223633,6080800,0.0903472553320161,0.0653325853622721,0.6264288766043522,0.1079670722527043,0.6870940630505231,714613900,76.61968682974215,1,1,1
2013-08-02,VTRS,30.87679100036621,36.400001525878906,36.77000045776367,35.33000183105469,35.40999984741211,14189800,0.0217032161459778,-0.0057693101749082,0.7828573499407084,0.14560513661304,0.9126937686659318,728803700,86.00335152764688,1,1,1
2013-08-05,VTRS,31.283950805664062,36.880001068115234,36.9900016784668,36.34000015258789,36.61000061035156,7182800,0.0084055734711394,-0.0241323037926344,0.8035718372889925,0.1759029411019935,1.1173351679599222,735986500,87.32392852729477,1,1,1
2013-08-06,VTRS,31.233057022094727,36.81999969482422,37.09999847412109,36.52999877929688,36.93000030517578,4619100,0.0089625701735427,-0.029603480761058,0.8100002833775102,0.1958460795779206,1.260147149959522,731367400,88.29111918447612,1,1,1
2013-08-07,VTRS,31.45360565185547,37.08000183105469,37.470001220703125,36.709999084472656,36.79999923706055,6348700,-0.0070119235003034,-0.0442287789471518,0.8185719081333696,0.2116871099895629,1.3784171393170794,737716100,88.17889816291424,0,0,0
2013-08-08,VTRS,31.42815589904785,37.04999923706055,37.31999969482422,36.77000045776367,37.09999847412109,3443000,-0.0229419295984992,-0.0396760441640021,0.8078575134277334,0.2215944067800301,1.452976985141092,734273100,86.99319219405952,0,0,0
2013-08-09,VTRS,31.54691505432129,37.18999862670898,37.38999938964844,36.84000015258789,36.86000061035156,2973800,-0.0268889496350188,-0.0376444679451046,0.8085716792515336,0.2318984456305649,1.5060027189621508,737246900,87.58268055196787,0,0,0
2013-08-12,VTRS,31.54691505432129,37.18999862670898,37.29999923706055,36.77999877929688,36.9900016784668,5967000,-0.0322666575034603,-0.0449044966553441,0.8028575352260029,0.2380254654033094,1.5303846731642707,737246900,92.64439537827896,0,0,0
2013-08-13,VTRS,31.512989044189453,37.150001525878906,37.34999847412109,36.97999954223633,37.130001068115234,7605000,-0.0382234703988746,-0.0643338655768509,0.7971431187220962,0.2398361365733251,1.5288564107417102,729641900,91.91559941297984,0,0,0
2013-08-14,VTRS,31.233057022094727,36.81999969482422,37.25,36.61000061035156,37.209999084472656,3991300,-0.0374796599552721,-0.0478000634470566,0.7964286804199199,0.2350827490816463,1.483911256671334,725650600,86.40269352664613,0,0,0
2013-08-15,VTRS,30.70713996887207,36.20000076293945,36.790000915527344,36.06999969482422,36.59000015258789,5761200,-0.0171270419562947,-0.0237569224371952,0.7714287894112702,0.2271630427464278,1.3823285430279952,719889400,74.7763560069798,0,0,0
2013-08-16,VTRS,30.69864845275879,36.18999862670898,36.59999847412109,36.09000015258789,36.09999847412109,3354900,-0.0110527141851403,-0.0234871098749854,0.7671429770333401,0.2198646924491899,1.286190023830038,716534500,79.31684450463659,0,0,0
2013-08-19,VTRS,30.52900123596192,35.9900016784668,36.880001068115234,35.880001068115234,36.880001068115234,4145700,-0.0130592164152171,-0.0077800105844859,0.8064286368233792,0.2099863469692287,1.1802562135008683,712388800,75.00000000000007,0,0,0
2013-08-20,VTRS,30.308448791503903,35.72999954223633,36.06999969482422,35.66999816894531,35.9900016784668,4053000,-0.0271480893683329,0.005597558508307,0.7964286804199193,0.1944905698449868,1.063068514045085,708335800,70.58820123054656,0,0,0
2013-08-21,VTRS,30.06245803833008,35.439998626708984,35.810001373291016,35.189998626708984,35.619998931884766,5044200,-0.0107222705457891,0.0124154192566656,0.7628574371337865,0.1767312573683754,0.9360060723320204,703291600,64.20230633016237,0,0,0
2013-08-22,VTRS,30.181211471557617,35.58000183105469,35.849998474121094,35.40999984741211,35.41999816894531,2046900,-0.0067454093905447,-0.0081506717426368,0.595000130789618,0.1580771167672684,0.8369573371789087,705338500,35.664382300922654,0,0,0
2013-08-23,VTRS,30.359350204467773,35.790000915527344,35.880001068115234,35.52000045776367,35.709999084472656,2330200,-0.0125733655051185,0.0195585567206777,0.574285779680522,0.1458736653206217,0.7665691401686985,707668700,28.95758923639994,0,0,0
2013-08-26,VTRS,30.130313873291016,35.52000045776367,35.9900016784668,35.52000045776367,35.70000076293945,1878900,0.0053490603676908,0.0765766099563383,0.5671430315290164,0.1275617687647208,0.6811473636562582,705789800,26.78578483797781,1,1,1
2013-08-27,VTRS,29.485631942749023,34.7599983215332,35.310001373291016,34.459999084472656,35.2599983215332,2658400,0.0336594372882286,0.0946490527730907,0.5885715484619125,0.1139192956636068,0.5458321562203636,703131400,14.84850481517816,1,1,1
2013-08-28,VTRS,29.740110397338867,35.060001373291016,35.22999954223633,34.59000015258789,34.84000015258789,2434200,0.0233884672762421,0.1043924616101221,0.595000130789619,0.0981242585635708,0.4575275259624334,705565600,22.12893864013256,1,1,1
2013-08-29,VTRS,29.97762107849121,35.34000015258789,35.540000915527344,34.81999969482422,34.83000183105469,2546200,-0.0014148057963968,0.1013015846321456,0.6071431296212317,0.0841297497684081,0.4054650826448593,708111800,25.067451128778245,0,0,0
2013-08-30,VTRS,29.97762107849121,35.34000015258789,35.45000076293945,35.04999923706055,35.369998931884766,3197100,0.0325410730309432,0.1021505544641943,0.598571777343749,0.086625684908385,0.3600547343744509,708111800,25.067451128778245,1,1,1
2013-09-03,VTRS,30.29148292541504,35.709999084472656,35.880001068115234,35.45000076293945,35.75,5851300,0.0708485762771757,0.0781294031659745,0.6107147761753622,0.0853617835706612,0.3498892226391703,713963100,32.178225300831684,1,1,1
2013-09-04,VTRS,30.478105545043945,35.93000030517578,36.08000183105469,35.5099983215332,35.650001525878906,2589500,0.0590035879175703,0.0743111089971431,0.6057150704520085,0.0835239238572655,0.355487403727281,716552600,38.67687541010339,1,1,1
2013-09-05,VTRS,30.43568992614746,35.880001068115234,36.06999969482422,35.650001525878906,35.95000076293945,1711200,0.0791527332230672,0.0682831853401655,0.5821435110909593,0.0795123954003939,0.3518337614099707,714841400,45.23811145700642,1,1,1
2013-09-06,VTRS,29.93521308898925,35.290000915527344,35.9900016784668,34.86000061035156,35.88999938964844,5327200,0.102861920069285,0.095494441611136,0.6264294215611049,0.0766192395383397,0.2978961803405653,709514200,38.57872738415787,1,1,1
2013-09-09,VTRS,30.95312690734864,36.4900016784668,36.560001373291016,35.099998474121094,35.459999084472656,6830000,0.0674157021462766,0.043299477765982,0.6592867715018136,0.0710833865848966,0.3479691200752057,716344200,55.06071842803905,1,1,1
2013-09-10,VTRS,32.43759536743164,38.2400016784668,38.560001373291016,37.38999938964844,37.52999877929688,11219500,0.0067991189885225,-0.0028765848724715,0.7785723549979073,0.0860576470522311,0.5228357353080355,727563700,69.51787744098795,1,1,1
2013-09-11,VTRS,32.276424407958984,38.04999923706055,38.5,37.83000183105469,38.2400016784668,5591200,0.0144546451534444,0.0023653128618259,0.7821434565952846,0.0960708469887303,0.6387243617707767,721972500,70.61608775357453,1,1,1
2013-09-12,VTRS,32.844757080078125,38.720001220703125,38.880001068115234,38.09000015258789,38.209999084472656,5729900,-0.0100722979688313,-0.0090393150254142,0.8100008283342633,0.1152538830389621,0.7756888357655427,727702400,72.88626543810577,0,0,0
2013-09-13,VTRS,33.0144157409668,38.91999816894531,38.97999954223633,38.63999938964844,38.79999923706055,4046000,-0.0066803271779354,-0.0154161999575795,0.8085722242082868,0.1339089934334338,0.8901115980341459,731748400,72.84667492348336,0,0,0
2013-09-16,VTRS,33.03985977172852,38.95000076293945,39.40999984741211,38.77000045776367,39.34999847412109,4645000,-0.022593095016125,-0.0200257401467448,0.8207149505615234,0.1488354933103459,0.9720087087565544,736393400,75.94550703092267,0,0,0
2013-09-17,VTRS,32.65813064575195,38.5,39.36000061035156,38.4900016784668,39.36000061035156,3790000,-0.0096103618671368,0.0246753444919338,0.8071433476039341,0.1566989532567156,0.9891985926634774,732603400,79.68252065232463,0,0,0
2013-09-18,VTRS,32.74296569824219,38.59999847412109,38.810001373291016,38.060001373291016,38.43999862670898,6085800,-0.0119170751983591,0.0230570787442492,0.8150005340576172,0.1628670843731085,0.9993706182450808,738689200,79.01635879152934,0,0,0
2013-09-19,VTRS,32.51393508911133,38.33000183105469,38.90999984741211,38.2599983215332,38.59000015258789,4004600,0.001043493319055,0.0433081076992589,0.8100005558558873,0.1643991331464652,0.9744131212539102,734684600,74.54845323112373,1,1,1
2013-09-20,VTRS,32.79386520385742,38.65999984741211,39.02999877929688,38.41999816894531,38.41999816894531,5430900,-0.0087946237436586,0.0411277847610835,0.8314288003104079,0.1669197064199782,0.9700797317964244,740115500,75.85670281717262,0,0,0
2013-09-23,VTRS,32.293392181396484,38.06999969482422,38.540000915527344,37.83000183105469,38.5,3343000,0.0026267001555739,0.0522721747943,0.8521428789411277,0.1661575129403384,0.9085640471797304,736772500,67.77109056689628,1,1,1
2013-09-24,VTRS,32.34428024291992,38.130001068115234,38.380001068115234,37.869998931884766,38.150001525878906,2368600,0.0346184017269282,0.0194072342785305,0.847857066563198,0.1631968395063466,0.8548004260795636,739141100,66.9753157280333,1,1,1
2013-09-25,VTRS,32.35276794433594,38.13999938964844,38.29999923706055,37.709999084472656,38.0099983215332,3704300,0.0353959703833861,0.0204509384315452,0.8600000653948108,0.1528130284470583,0.8037342024216301,742845400,67.54657456105801,1,1,1
2013-09-26,VTRS,32.54786682128906,38.369998931884766,38.41999816894531,38.02999877929688,38.209999084472656,2822300,0.0422205575105147,0.0357050504227036,0.807142802647182,0.1433981975280583,0.772913230532744,745667700,75.3289393193148,1,1,1
2013-09-27,VTRS,32.50545120239258,38.31999969482422,38.59000015258789,37.95000076293945,38.2400016784668,2394600,0.0503653528326217,0.0414926974230285,0.7485711233956474,0.1339819358118968,0.7359690743239895,743273100,68.55983082231164,1,1,1
2013-09-30,VTRS,32.378211975097656,38.16999816894531,38.5099983215332,37.95000076293945,38.0,2361900,0.0495154124970167,0.0343201843367344,0.6407138279506138,0.1216933866513447,0.68667117694703,740911200,48.94889562730041,1,1,1
2013-10-01,VTRS,33.463993072509766,39.45000076293945,39.45000076293945,37.93000030517578,38.130001068115234,4615800,-0.0147022007563446,-0.0065906750621594,0.7014282771519252,0.1160685792104878,0.7423306246546844,745527000,65.83712789425176,0,0,0
2013-10-02,VTRS,33.4979248046875,39.4900016784668,39.59999847412109,39.06999969482422,39.16999816894531,3188800,-0.0144341221902833,0.0050644958151833,0.6799994877406524,0.1096219717199197,0.7806698020214924,748715800,60.15832515538113,0,0,0
2013-10-03,VTRS,33.92204666137695,39.9900016784668,40.220001220703125,39.119998931884766,39.34999847412109,6339800,-0.006251562628331,-0.0070018150097981,0.7342853546142573,0.1025610265169152,0.8416971369724564,755055600,63.08072701225278,0,0,0
2013-10-04,VTRS,34.142601013183594,40.25,40.54999923706055,40.0,40.0099983215332,5709100,-0.0084472087599476,-0.042236043799738,0.728570938110351,0.0816376017095411,0.900659192717626,760764700,65.0463018152502,0,0,0
2013-10-07,VTRS,33.98143005371094,40.060001373291016,40.34999847412109,39.77000045776367,39.869998931884766,3818300,-0.0144783277876118,-0.0374438329650205,0.7078565870012545,0.0711317043623429,0.9214340275073596,756946400,69.21186917635305,0,0,0
2013-10-08,VTRS,32.97200393676758,38.869998931884766,40.20000076293945,38.83000183105469,40.060001373291016,5579600,0.0082325624805128,0.0030872845351068,0.7521422249930235,0.0699763241931325,0.8322809651078629,751366800,52.62136483262368,1,1,1
2013-10-09,VTRS,33.0144157409668,38.91999816894531,39.20000076293945,38.43000030517578,39.20000076293945,3992900,0.0197841853543059,-0.0074511077716716,0.7607135772705068,0.0676256884733669,0.7569355594594285,755359700,55.98373530800004,1,1,1
2013-10-10,VTRS,33.70998764038086,39.7400016784668,39.77999877929688,39.209999084472656,39.380001068115234,3983900,-0.0007549721370645,-0.0314544526221627,0.7721424102783193,0.0703455942988822,0.7546915978510071,759343600,59.96310586407024,0,0,0
2013-10-11,VTRS,33.85418701171875,39.90999984741211,40.33000183105469,39.72999954223633,39.83000183105469,3496700,-0.0340766879366387,-0.0370834264067855,0.7557141440255292,0.0738346766316944,0.7578941417163918,762840300,68.39998748780252,0,0,0
2013-10-14,VTRS,33.48943328857422,39.47999954223633,39.5,38.95000076293945,39.22999954223633,3889000,-0.02330289208745,-0.0314082542590448,0.7878567831856854,0.0747458162096866,0.7174642683579648,758951300,62.56981176574219,0,0,0
2013-10-15,VTRS,33.24344253540039,39.18999862670898,39.66999816894531,39.02999877929688,39.540000915527344,2694700,-0.0051032649974597,-0.0137789517670983,0.7914281572614382,0.073973177223396,0.654478234506783,756256600,59.29201986341364,0,0,0
2013-10-16,VTRS,33.667572021484375,39.68999862670898,40.0,39.2599983215332,39.29999923706055,2741200,-0.0267069185001288,-0.0322499073717655,0.8214282989501948,0.0747218736290484,0.637557800754351,758997800,61.148635151627545,0,0,0
2013-10-17,VTRS,33.68453598022461,39.709999084472656,39.91999816894531,39.380001068115234,39.65999984741211,3059700,-0.0307226752488871,-0.0463359404434579,0.814285278320312,0.0738518343427687,0.6186309128126126,762057500,61.79964119868134,0,0,0
2013-10-18,VTRS,32.7005500793457,38.54999923706055,39.86000061035156,37.27000045776367,39.86000061035156,8880100,-0.003112812821262,-0.0140078061274825,0.9592854636056076,0.0742679647965179,0.5042166291579946,753177400,52.75362879707208,0,0,0
2013-10-21,VTRS,32.70903778076172,38.560001373291016,38.70000076293945,38.18999862670898,38.4900016784668,4434800,-0.0082987469768575,0.0212655514943056,0.8871427263532367,0.0713318287193332,0.4096276413882052,757612200,42.0959270180612,0,0,0
2013-10-22,VTRS,33.07379531860352,38.9900016784668,39.209999084472656,38.61000061035156,38.650001525878906,4252700,-0.0087201882008551,0.0228263490981064,0.8957140786307204,0.0673033143366921,0.3651533574642087,761864900,45.84717902703745,0,0,0
2013-10-23,VTRS,32.7684211730957,38.630001068115234,38.86000061035156,38.16999816894531,38.70000076293945,2557400,-0.0056950870986309,0.0227801508953182,0.8757141658238007,0.0640796347033375,0.2974295437924112,759307500,38.43537856297622,0,0,0
2013-10-24,VTRS,32.649658203125,38.4900016784668,39.0099983215332,38.34000015258789,38.7599983215332,3311100,-0.0161081506766701,0.0129903865470528,0.8835713522774837,0.0632957188095887,0.2298120228662838,755996400,34.72225257640815,0,0,0
2013-10-25,VTRS,32.5987663269043,38.43000030517578,38.52000045776367,37.869998931884766,38.52000045776367,3460200,-0.0109290132788787,0.0515222359227944,0.8885716029575903,0.0625133944364766,0.16942995791387,752536200,35.52399156295972,0,0,0
2013-10-28,VTRS,32.43759536743164,38.2400016784668,38.47999954223633,38.09999847412109,38.43000030517578,2421900,0.0298116982115714,0.0737447586570629,0.8178574698311957,0.061908146628961,0.1050346609297605,750114300,43.19658111207784,1,1,1
2013-10-29,VTRS,32.78538513183594,38.650001525878906,38.7400016784668,38.25,38.25,2312600,0.0318240489955157,0.0716687330843104,0.7985717228480763,0.0630511218270215,0.0860920695143434,752426900,47.29462579313508,1,1,1
2013-10-30,VTRS,32.581790924072266,38.40999984741211,39.0,37.88999938964844,38.9900016784668,6157900,0.0286383358107513,0.0835719629582067,0.8164288657052187,0.0650304733477302,0.0511244686187097,746269000,34.92062668244451,1,1,1
2013-10-31,VTRS,32.12372970581055,37.869998931884766,38.220001220703125,36.970001220703125,37.810001373291016,9264900,0.0295749347285838,0.1085291979475377,0.8764286041259776,0.0678016525557374,-0.0199314110267039,737004100,28.6611068991661,1,1,1
2013-11-01,VTRS,32.24248504638672,38.0099983215332,38.220001220703125,37.43000030517578,38.119998931884766,6227400,0.0631413215432654,0.1144436327521229,0.864285877772741,0.0652624832545093,-0.0642067909361756,743231500,33.63029596577147,1,1,1
2013-11-04,VTRS,33.40461730957031,39.380001068115234,39.459999084472656,38.150001525878906,38.25,5526500,0.0426612559575583,0.0617064560504361,0.9221431187220998,0.0606530692150494,0.0111241908100865,748758000,51.70558520255543,1,1,1
2013-11-05,VTRS,33.8287467956543,39.880001068115234,39.9900016784668,39.02000045776367,39.16999816894531,5232600,0.0386157738110326,0.0506519659895068,0.9335716792515356,0.0645258316434609,0.1099034592345304,753990600,51.70558520255543,1,1,1
2013-11-06,VTRS,33.51488494873047,39.5099983215332,39.93000030517578,39.18000030517578,39.880001068115234,5668100,0.0534042191847321,0.0711212729097876,0.9485718863351016,0.0657362963331758,0.156526274264408,748322500,48.31080711001711,1,1,1
2013-11-07,VTRS,33.07379531860352,38.9900016784668,39.77000045776367,38.7400016784668,39.7599983215332,4109300,0.0766862717377319,0.0869453512109144,0.8371432168143146,0.0632359964468927,0.1497891319005972,744213200,54.16668472865832,1,1,1
2013-11-08,VTRS,34.2783203125,40.40999984741211,40.540000915527344,38.72999954223633,38.72999954223633,4928000,0.0482554013932849,0.0559267094795086,0.9300003051757818,0.0680907389082958,0.2560799525638941,749141200,63.82659042596867,1,1,1
2013-11-11,VTRS,34.82969284057617,41.060001373291016,41.16999816894531,40.02999877929688,40.40999984741211,5084900,0.0182659516540557,0.0769605392528711,0.9650004250662668,0.0820763441351613,0.3882899200760263,754226100,64.97828218366183,1,1,1
2013-11-12,VTRS,35.13507461547852,41.41999816894531,41.5099983215332,40.709999084472656,41.130001068115234,4503000,0.011588686097371,0.0743602599520132,0.963571548461914,0.0976295020707832,0.5161659647023882,758729100,70.18811260809919,1,1,1
2013-11-13,VTRS,35.30472183227539,41.619998931884766,41.70000076293945,40.36000061035156,40.459999084472656,4756800,0.0168188558602577,0.0605478261036935,1.0114288330078125,0.1114367204400242,0.6264259925535143,763485900,72.45334795724912,1,1,1
2013-11-14,VTRS,35.61009216308594,41.97999954223633,42.18000030517578,41.59000015258789,41.90999984741211,4201000,0.0095283832834838,0.0512149011272802,1.0071430206298828,0.1263973860679749,0.7343912939173052,767686900,74.41539899264714,1,1,1
2013-11-15,VTRS,35.93243789672852,42.36000061035156,42.45000076293945,41.79999923706055,41.93999862670898,3927900,0.0073181670001674,0.0469782302902805,1.0264287676130015,0.1405113358152872,0.8409238369560512,771614800,77.61392312825508,1,1,1
2013-11-18,VTRS,35.465904235839844,41.810001373291016,42.43999862670898,41.5099983215332,42.310001373291016,4577700,0.057641706966115,0.0337239847189492,1.057143075125557,0.1463784670585804,0.8709317439364952,767037100,70.78946641938066,1,1,1
2013-11-19,VTRS,35.542236328125,41.900001525878906,42.20000076293945,41.58000183105469,41.869998931884766,4373600,0.0620524672896549,0.0255369846266795,1.0221429552350716,0.1523834731354188,0.8916965636411547,771410700,73.42282765813967,1,1,1
2013-11-20,VTRS,35.89850234985352,42.31999969482422,42.45000076293945,41.77000045776367,41.77000045776367,3290000,0.0430056641764768,0.0243383456220307,0.9678573608398428,0.1579880063450949,0.931307640264194,774700700,80.3547201036682,1,1,1
2013-11-21,VTRS,35.949405670166016,42.380001068115234,42.650001525878906,42.13999938964844,42.34999847412109,2812900,0.0412930617247346,0.0415289824722855,0.947857448032923,0.1608600284205885,0.95651520141071,777513600,80.1379499764278,1,1,1
2013-11-22,VTRS,36.19540023803711,42.66999816894531,42.68000030517578,42.369998931884766,42.58000183105469,2242200,0.0393719329099586,0.0278885046278796,0.8664289202008918,0.1627474300054237,0.988497928854848,779755800,76.66126508337007,1,1,1
2013-11-25,VTRS,37.51020812988281,44.220001220703125,44.369998931884766,42.630001068115234,42.75,5708300,-0.0226142010944091,-0.0364088775646117,0.9214286804199208,0.1725429895961055,1.1259376547264566,785464100,80.05541351703062,0,0,0
2013-11-26,VTRS,37.74771881103516,44.5,44.72999954223633,43.90999984741211,44.220001220703125,4778900,-0.0343819950403792,-0.0692135242933638,0.9264286586216508,0.1821065113511905,1.24312323824811,790243000,84.99303134956409,0,0,0
2013-11-27,VTRS,37.442344665527344,44.13999938964844,44.709999084472656,43.7599983215332,44.5,3189200,-0.0178976195389939,-0.0516538017857691,0.9207145145961206,0.1822745042621762,1.292050661113116,787053800,86.94404324127888,0,0,0
2013-11-29,VTRS,37.43385696411133,44.130001068115234,44.33000183105469,44.0099983215332,44.04999923706055,1368000,0.0002265651776842,-0.0532518067514,0.8142860957554399,0.173102224566371,1.3148623011145304,785685800,83.45326307700752,1,1,1
2013-12-02,VTRS,37.6204833984375,44.34999847412109,44.68000030517578,44.130001068115234,44.29999923706055,2505400,-0.0110484302283673,-0.0552423231687774,0.7721432277134481,0.1611830814003162,1.3353001334908683,788191200,82.06628955894456,0,0,0
2013-12-03,VTRS,36.66194534301758,43.220001220703125,44.33000183105469,43.15999984741211,44.119998931884766,4194300,-0.0141138499102901,-0.0314669266992083,0.8000003269740503,0.1521774245187286,1.245953353644218,783996900,65.25427893095265,0,0,0
2013-12-04,VTRS,36.44987487792969,42.970001220703125,43.33000183105469,42.54999923706055,42.970001220703125,4245600,-0.0360717479107497,-0.003025391306077,0.760000501360211,0.1441879106786355,1.1418103967427768,779751300,61.34457014082343,0,0,0
2013-12-05,VTRS,36.772220611572266,43.34999847412109,43.75,42.68000030517578,43.02000045776367,4240000,-0.0343713475482362,-0.0189157952407709,0.7942861829485202,0.1316133402951038,1.077517998910409,783991300,61.47404755408475,0,0,0
2013-12-06,VTRS,37.442344665527344,44.13999938964844,44.27000045776367,43.619998931884766,43.869998931884766,2536200,-0.0534662583367641,-0.0369279812110169,0.8135719299316401,0.1111862334542115,1.077887070805616,786527500,63.94985638059981,0,0,0
2013-12-09,VTRS,37.204833984375,43.86000061035156,44.540000915527344,43.72999954223633,44.5,3606500,-0.0446876210031349,-0.02599177778806,0.8050005776541573,0.100843326879381,1.0435565313972075,782921000,66.77580091615334,0,0,0
2013-12-10,VTRS,36.14450454711914,42.61000061035156,43.97999954223633,42.060001373291016,43.869998931884766,8075100,-0.0176015017427105,-0.0009387682458193,0.897857666015625,0.0928726547841331,0.9050519032977816,774845900,54.88308223807106,0,0,0
2013-12-11,VTRS,35.13507461547852,41.41999816894531,42.79999923706055,41.290000915527344,42.75,6107600,0.034283004500643,0.0338001349050893,0.9571432386125835,0.0928726547841331,0.6912939297937584,768738300,44.40297091148566,1,1,1
2013-12-12,VTRS,35.508304595947266,41.86000061035156,42.16999816894531,41.2599983215332,41.36000061035156,3993900,0.0160056894213145,0.021977977915218,0.9857145036969868,0.0914233455913468,0.551041650382345,772732200,46.91210922545736,1,1,1
2013-12-13,VTRS,35.4404411315918,41.77999877929688,42.25,41.66999816894531,42.0099983215332,2999100,0.0174724644223316,0.0270464600557904,1.005000250680106,0.0925026211214503,0.4284957965099849,769733100,44.57978386787117,1,1,1
2013-12-16,VTRS,35.542236328125,41.900001525878906,42.619998931884766,41.86000061035156,42.02999877929688,3521200,0.0195703977317938,0.0357995213693143,0.9407146998814168,0.0943811320354118,0.3371738133286683,773254300,32.89085462737484,1,1,1
2013-12-17,VTRS,35.508304595947266,41.86000061035156,41.97999954223633,41.40999984741211,41.790000915527344,3377400,0.0169612774515124,0.0172002200240073,0.922857557024274,0.0941130775003089,0.2585918581635837,769876900,29.816521253226952,1,1,1
2013-12-18,VTRS,36.339603424072266,42.84000015258789,42.88999938964844,41.54999923706055,42.0,3043700,-0.0004668640917935,-0.0028010955055404,0.9507146562848768,0.091236345451625,0.2722544851708974,772920600,40.92179284381954,0,0,0
2013-12-19,VTRS,36.07664489746094,42.52999877929688,42.59999847412109,41.790000915527344,41.84000015258789,3146300,0.0058782037896905,-0.0063484708561786,1.002857208251953,0.0906092099194965,0.255126753074542,769774300,39.27612823718612,1,1,1
2013-12-20,VTRS,36.059669494628906,42.5099983215332,43.09999847412109,42.27999877929688,42.52999877929688,5997400,0.0094095869600703,0.0110562512176117,1.022142955235071,0.0902262665854335,0.2372046842535127,763776900,37.32783302779001,1,1,1
2013-12-23,VTRS,36.2378158569336,42.720001220703125,42.93000030517578,42.33000183105469,42.93000030517578,2517400,0.0159176096850446,0.047050521163354,0.9800000871930792,0.0901374155250202,0.2372123580824663,766294300,46.056789547026575,1,1,1
2013-12-24,VTRS,36.11056900024414,42.56999969482422,42.810001373291016,42.310001373291016,42.720001220703125,856200,0.00023495739493,0.059431496298659,0.9599999019077836,0.0871614129191448,0.2225491619172928,765438100,46.79486630859123,1,0,0
2013-12-26,VTRS,36.3226432800293,42.81999969482422,42.91999816894531,42.34000015258789,42.54999923706055,1171400,-0.0023353216915875,0.0735637914135636,0.924999782017298,0.0809104867802118,0.2284677499711591,766609500,45.66286904446769,0,0,0
2013-12-27,VTRS,36.2887077331543,42.77999877929688,42.93000030517578,42.56999969482422,42.91999816894531,1535500,-0.0121552237634782,0.0575035757214752,0.8849996839250822,0.0764012556944254,0.227310243077035,765074000,37.31346470276765,0,0,0
2013-12-30,VTRS,36.39897537231445,42.90999984741211,43.0099983215332,42.619998931884766,42.77000045776367,1372000,0.0016313142641142,0.0771382285029451,0.8549995422363266,0.0711615649739148,0.2341833899118839,766446000,40.88294191942299,1,1,1
2013-12-31,VTRS,36.81462860107422,43.400001525878906,43.56999969482422,42.97999954223633,43.2599983215332,1930900,0.030645114506836,0.0474653798656066,0.7649996621268121,0.0641692372211454,0.2759880304161797,768376900,58.87637521366502,1,1,1
2014-01-02,VTRS,36.11906051635742,42.58000183105469,43.41999816894531,42.54999923706055,43.380001068115234,2625300,0.0591826335063354,0.066463078784873,0.7192854200090666,0.0632755590014896,0.2401827100798286,765751600,64.21567160829966,1,1,1
2014-01-03,VTRS,36.2378158569336,42.720001220703125,42.91999816894531,42.34999847412109,42.400001525878906,1876900,0.0760767768523604,0.070926935690921,0.6949996948242178,0.0629794504281603,0.2205610262545789,767628500,61.37562720252544,1,1,1
2014-01-06,VTRS,35.84760284423828,42.2599983215332,43.22999954223633,41.970001220703125,42.83000183105469,5116900,0.0705159364716576,0.0991481923289918,0.7435708727155402,0.0617182217766176,0.1659790082097956,762511600,55.76920431756134,1,1,1
2014-01-07,VTRS,36.45835494995117,42.97999954223633,43.470001220703125,42.29999923706055,42.369998931884766,3109100,0.0753839393432951,0.0681712502648232,0.7699996403285431,0.0530005012431931,0.1787598150033389,765620700,61.34448461262905,1,1,1
2014-01-08,VTRS,37.94282150268555,44.72999954223633,45.119998931884766,43.0099983215332,43.09999847412109,5937600,0.0163201330137958,0.0118488438345818,0.8821424756731301,0.0642593219695266,0.3263372583315771,771558300,72.17923735683864,1,1,1
2014-01-09,VTRS,38.25667190551758,45.09999847412109,45.27999877929688,44.45000076293945,44.83000183105469,3081300,0.0068736448731567,-0.0175165660212467,0.8457137516566685,0.0820598914228741,0.4677572525615332,774639600,69.28322246214117,1,1,1
2014-01-10,VTRS,38.99467086791992,45.970001220703125,46.0099983215332,45.0099983215332,45.2400016784668,3631600,-0.004785756251058,-0.0426365640009427,0.8421423775809151,0.1004421243115271,0.6426277548614934,778271200,76.79124023748518,0,0,0
2014-01-13,VTRS,38.37543869018555,45.2400016784668,46.20000076293945,45.13999938964844,45.7599983215332,4485600,0.026746221034041,-0.0119363593168116,0.8592853546142588,0.1074054552564722,0.7140775837231104,773785600,69.14444997298153,1,1,1
2014-01-14,VTRS,39.20673370361328,46.220001220703125,46.380001068115234,45.20000076293945,45.40999984741211,2955700,-0.0067070827586251,-0.0376460759955022,0.9007140568324508,0.119855428246364,0.8400957597478111,776741300,72.15187306247408,0,0,0
2014-01-15,VTRS,38.56204605102539,45.459999084472656,46.119998931884766,45.310001373291016,45.93999862670898,3243200,-0.0043994889346086,0.0019797658249103,0.92999976021903,0.1225859017068785,0.8686272570507967,773498100,66.98000043032965,0,0,0
2014-01-16,VTRS,38.519630432128906,45.40999984741211,45.75,45.2400016784668,45.47999954223633,2474200,-0.0242237057436102,0.0,0.9249997820173002,0.1225288617703419,0.8770935650064118,771023900,65.58361821118896,0,0,0
2014-01-17,VTRS,38.80804443359375,45.75,46.209999084472656,45.40999984741211,45.540000915527344,3392100,-0.0380328235730447,-0.0459016059917178,0.9564282553536562,0.1273172666603078,0.9008538632976696,774416000,67.24737734275794,0,0,0
2014-01-21,VTRS,39.40183639526367,46.45000076293945,46.630001068115234,45.93000030517578,46.130001068115234,2980100,-0.037674918649221,-0.0602798534137926,0.9914283752441416,0.1336947250006994,0.9650438574264656,777396100,69.28103407294626,0,0,0
2014-01-22,VTRS,38.94376373291016,45.90999984741211,46.72999954223633,45.869998931884766,46.619998931884766,2482400,-0.0311479048122103,-0.0538009416012307,1.005714144025531,0.1341803710887668,0.9612605164605056,774913700,63.59694675670392,0,0,0
2014-01-23,VTRS,38.39240264892578,45.2599983215332,45.7400016784668,44.88999938964844,45.54999923706055,2745100,0.0064074442395498,-0.0391073068649298,1.0164285387311671,0.1316727315475929,0.8954898510585423,772168600,64.79025291080902,1,1,1
2014-01-24,VTRS,37.5865592956543,44.310001373291016,45.220001220703125,44.209999084472656,44.9900016784668,3138300,0.0248250607092994,0.0173775769329542,1.050714220319476,0.1263248033570052,0.7579718825669346,769030300,58.05470666466205,1,1,1
2014-01-27,VTRS,37.33206558227539,44.0099983215332,44.63999938964844,43.91999816894531,44.20000076293945,4867200,-0.0081798866026804,0.0188593924723825,1.0121429988316133,0.1221715412389547,0.6176601608726955,764163100,59.01132229651688,0,0,0
2014-01-28,VTRS,37.91737365722656,44.70000076293945,44.97999954223633,44.09000015258789,44.27000045776367,2850800,-0.0234899154169835,0.0176733982560091,0.9950000217982706,0.1168527575946481,0.5557333923540853,767013900,58.88429654360338,0,0,0
2014-01-29,VTRS,37.73075866699219,44.47999954223633,45.0,44.06999969482422,44.20000076293945,2834100,-0.0233813157875555,0.0263040017015196,0.9085715157645096,0.1116080510163173,0.4833321698705433,764179800,48.4662593916337,0,0,0
2014-01-30,VTRS,38.63839340209961,45.54999923706055,45.77000045776367,44.65999984741211,44.72999954223633,2459600,-0.0452249746014855,0.0140504807984214,0.9414288657052176,0.1095850108936463,0.5064556074563669,766639400,52.54237434250429,0,0,0
2014-01-31,VTRS,38.519630432128906,45.40999984741211,45.79999923706055,44.75,44.84999847412109,4195100,-0.0072670781208167,0.0151948608021916,0.945000239780971,0.1003404649550094,0.5076326444823493,762444300,46.55171846805264,0,0,0
2014-02-03,VTRS,37.026702880859375,43.650001525878906,46.130001068115234,43.4900016784668,46.130001068115234,4583100,0.0272622814458201,0.106529153462338,1.0578572409493583,0.0936470530836612,0.3623711105828775,757861200,41.31147964724702,1,1,1
2014-02-04,VTRS,37.026702880859375,43.650001525878906,44.04999923706055,43.13999938964844,43.790000915527344,2858400,0.0421534957220335,0.1718212998355441,1.038571493966239,0.0807645273017203,0.2444326311963038,757861200,34.27173885637605,1,1,1
2014-02-05,VTRS,36.84855651855469,43.43999862670898,43.68000030517578,42.43000030517578,43.54999923706055,5018000,0.0508748381453934,0.20303867342669,1.062857219151088,0.0765385137618535,0.1324927635813466,752843200,36.74541523344472,1,1,1
2014-02-06,VTRS,36.89097595214844,43.4900016784668,43.93000030517578,43.040000915527344,43.43999862670898,2405700,0.0620831649583271,0.1938375756525312,1.0900001525878906,0.0821660306160005,0.0472695464895451,755248900,37.40160397288668,1,1,1
2014-02-07,VTRS,38.239723205566406,45.08000183105469,45.150001525878906,43.5,43.650001525878906,3008000,0.0226263664959247,0.1324311704418177,1.1514287676130022,0.0821565456498671,0.1067981544276008,758256900,46.223239091354806,1,1,1
2014-02-10,VTRS,38.03612518310547,44.84000015258789,45.43999862670898,44.369998931884766,44.970001220703125,3463100,0.0771632264205728,0.1447368790450869,1.1650000980922148,0.0797076901076752,0.1330748711460856,754793800,40.42807105397088,1,1,1
2014-02-11,VTRS,38.58749008178711,45.4900016784668,45.810001373291016,44.540000915527344,44.91999816894531,3574600,0.1244229421537115,0.1303582385508142,1.194285801478794,0.0802347665612935,0.203997493190549,758368400,47.53522545635267,1,1,1
2014-02-12,VTRS,38.72322463989258,45.650001525878906,45.7400016784668,45.209999084472656,45.43000030517578,2142400,0.1447972962696857,0.2326396183330752,1.1592859540666849,0.0773549651245856,0.2700024128971137,760510800,52.42841038489438,1,1,1
2014-02-13,VTRS,39.181278228759766,46.18999862670898,46.31999969482422,45.0,45.2599983215332,3027500,0.1240528190646668,0.2030742876595657,1.1785717010498042,0.0806154890164847,0.3617154103072479,763538300,62.335923185518126,1,1,1
2014-02-14,VTRS,39.104942321777344,46.09999847412109,46.47999954223633,45.77999877929688,45.97999954223633,2314000,0.1073752912533871,0.2043384445865144,1.177143096923827,0.0832259808440791,0.4222687105183595,761224300,64.10255090247608,1,1,1
2014-02-18,VTRS,40.97111892700195,48.29999923706055,50.459999084472656,47.220001220703125,48.0099983215332,7479400,0.0627329739514617,0.1842650448542853,1.4192859104701443,0.1043121810130181,0.640397212165901,768703700,70.17935052682984,1,1,1
2014-02-19,VTRS,43.38867568969727,51.150001525878906,51.20000076293945,48.27000045776367,48.310001373291016,12673800,0.0052785265887,0.0916910750107431,1.5621430533272875,0.1545477392974196,1.0313482468990145,781377500,78.87445029584525,1,1,1
2014-02-20,VTRS,44.33024215698242,52.2599983215332,52.43999862670898,50.54999923706055,50.97999954223633,8810100,0.0767317693268694,0.0436280648148181,1.6050000871930794,0.2026626065328654,1.4144424116919794,790187600,78.9473545626594,1,1,1
2014-02-21,VTRS,44.04183197021485,51.91999816894531,52.400001525878906,51.2599983215332,52.400001525878906,4695800,0.0703004941179306,0.0566256268314881,1.611428941999162,0.233353874399696,1.6713458914607455,785491800,77.60812429889998,1,1,1
2014-02-24,VTRS,43.3038444519043,51.04999923706055,52.09999847412109,50.650001525878906,52.0,6253300,0.0875612397161027,0.0462291997183474,1.5264287676130006,0.2476781861341511,1.7841752455285445,779238500,83.9449269975792,1,1,1
2014-02-25,VTRS,43.54136276245117,51.33000183105469,51.93000030517578,50.29999923706055,51.0,4037200,0.1143580503114927,0.0518215420324184,1.5778574262346523,0.2581753156734044,1.874578219939842,783275700,84.34702528889994,1,1,1
2014-02-26,VTRS,43.61770248413086,51.41999816894531,52.22999954223633,51.02000045776367,51.16999816894531,6904700,0.0859588125444936,0.0318942680425098,1.5750002179826994,0.2675206908195163,1.9312232414335213,790180400,86.07594281817796,1,1,1
2014-02-27,VTRS,47.731781005859375,56.27000045776367,57.06999969482422,53.63999938964844,54.13999938964844,12890100,-0.0307446157484015,-0.0755287002919087,1.91500037057059,0.3086278043058241,2.340489771439053,803070500,90.2900324321412,0,0,0
2014-02-28,VTRS,47.13798904418945,55.56999969482422,56.91999816894531,54.880001068115234,56.02000045776367,6043400,-0.0127766616586608,-0.0529062199541962,1.942143031529016,0.3346039273130111,2.578627421876263,797027100,85.03673015491187,0,0,0
2014-03-03,VTRS,47.0955810546875,55.52000045776367,55.79999923706055,54.52000045776367,54.77000045776367,3234200,-0.0380043334465879,-0.0360230544580323,1.9571429661342064,0.3521499921196309,2.7318278935145277,793792900,86.12990929382153,0,0,0
2014-03-04,VTRS,48.52066802978516,57.20000076293945,57.52000045776367,56.11000061035156,56.150001525878906,4825800,-0.0561188643646392,-0.0576922935846996,2.0092857905796584,0.3656759041603613,2.954741929615352,798618700,87.03352591002621,0,0,0
2014-03-05,VTRS,47.36702728271485,55.84000015258789,57.40999984741211,55.5,57.060001373291016,4971700,-0.0497850782897614,-0.0454871222884412,2.107857022966656,0.3627702113905763,2.987227328815983,793647000,79.95296776075902,0,0,0
2014-03-06,VTRS,46.264278411865234,54.540000915527344,56.34999847412109,53.650001525878906,56.34999847412109,6510600,-0.0462046280796125,-0.0353868770219678,2.2064282553536536,0.3469901193636892,2.8749327328821157,787136400,73.49465974597166,0,0,0
2014-03-07,VTRS,46.53572463989258,54.86000061035156,55.15999984741211,53.70000076293945,54.77999877929688,5203900,-0.0406489157387203,-0.0495807727021768,2.260713849748883,0.3267531781592199,2.7797169113485936,792340300,74.33333926730687,0,0,0
2014-03-10,VTRS,45.30575180053711,53.40999984741211,54.84000015258789,53.310001373291016,54.790000915527344,5608200,0.0020595508456435,-0.0644073888136448,2.059999465942381,0.308242212748969,2.557770358843129,786732100,64.81159597203352,1,1,1
2014-03-11,VTRS,45.79774475097656,53.9900016784668,54.18000030517578,53.220001220703125,53.470001220703125,4920100,-0.0016669781402097,-0.0607520372666023,1.9192850930350152,0.2847241769908773,2.4010001819062623,791652200,59.479306539965066,0,0,0
2014-03-12,VTRS,45.00886154174805,53.060001373291016,53.88999938964844,52.470001220703125,53.4900016784668,5248700,0.0045231409264594,-0.0735017230482406,1.8928565979003893,0.2596431268862993,2.1766246607376374,786403500,52.70271245539641,1,1,1
2014-03-13,VTRS,44.12666320800781,52.02000045776367,53.61000061035156,51.869998931884766,53.09999847412109,4864100,0.0113417944520575,-0.0661283851679702,1.935713631766182,0.2309069275820017,1.8930639980621748,781539400,50.32258794905436,1,1,1
2014-03-14,VTRS,44.64410018920898,52.630001068115234,53.459999084472656,51.86000061035156,52.29999923706055,7393600,-0.0093103110112542,-0.0722021501033693,1.9464280264718188,0.2008549930160577,1.69798872416429,788933000,55.18373117307405,0,0,0
2014-03-17,VTRS,45.399051666259766,53.52000045776367,54.220001220703125,52.86000061035156,52.970001220703125,4231700,-0.0663303289741579,-0.0876307658182885,1.9435708182198657,0.1612426834692735,1.5967987745676524,793164700,56.90851202038613,0,0,0
2014-03-18,VTRS,45.72139739990234,53.900001525878906,54.380001068115234,53.310001373291016,53.43999862670898,2687900,-0.0591837170890364,-0.085157699863591,1.9335708618164056,0.1358116205391292,1.529635238014606,795852600,57.682782770811485,0,0,0
2014-03-19,VTRS,45.212432861328125,53.29999923706055,54.15999984741211,52.93999862670898,54.02999877929688,2756100,-0.0776735356268037,-0.047467144756312,1.617142268589565,0.1292192416587464,1.4117190625415006,793096500,37.51051527578416,0,0,0
2014-03-20,VTRS,44.62713241577149,52.61000061035156,53.08000183105469,52.02000045776367,52.33000183105469,4510400,-0.0766013824851378,-0.0522714306804039,1.562856674194336,0.1282308112818407,1.24820400256111,788586100,37.54209651565439,0,0,0
2014-03-21,VTRS,44.22845458984375,52.13999938964844,53.4900016784668,52.02999877929688,53.4900016784668,10806400,-0.0634828844906142,-0.0289604591332808,1.5757141113281246,0.1274056365864566,1.0683763909242288,777779700,36.26016592993428,0,0,0
2014-03-24,VTRS,42.387725830078125,49.970001220703125,52.40999984741211,49.2599983215332,52.20000076293945,7758700,-0.022813675441259,-0.0314188444360844,1.657857077462332,0.1347918270675534,0.7422053154418791,770021000,21.735743282600964,0,0,0
2014-03-25,VTRS,43.01543426513672,50.709999084472656,51.5,49.7599983215332,50.56999969482422,5157400,-0.0276079222334342,-0.0605403224265537,1.6457143511090957,0.1381793302752073,0.5372311649180403,775178400,28.923581627142084,0,0,0
2014-03-26,VTRS,41.700626373291016,49.15999984741211,51.560001373291016,49.119998931884766,50.70000076293945,3789900,0.0327502159346795,-0.0120016304804555,1.627143314906529,0.1526864490532069,0.2468699264809402,771388500,28.341384022318124,1,1,1
2014-03-27,VTRS,41.20863723754883,48.58000183105469,49.34999847412109,47.720001220703125,47.720001220703125,4503100,0.0263482653571791,-0.0310827929048204,1.6392860412597652,0.1659759407080175,-0.0297020528185925,766885400,25.23659846942797,1,1,1
2014-03-28,VTRS,41.42070007324219,48.83000183105469,50.36000061035156,48.40999984741211,48.75,3944700,0.0368625674700628,-0.0636903644016183,1.667857578822544,0.1755965299890312,-0.2261079961123187,770830100,30.052272652507316,1,1,1
2014-03-31,VTRS,41.42070007324219,48.83000183105469,49.20000076293945,47.36000061035156,49.20000076293945,7880700,-0.0088060677667701,-0.0573418584223167,1.7307147979736324,0.18157240550547,-0.3774105671132446,770830100,26.330270959053596,0,0,0
2014-04-01,VTRS,41.8278694152832,49.310001373291016,49.4900016784668,48.630001068115234,49.08000183105469,6001900,-0.0338674089866715,-0.0624620106525283,1.68357195172991,0.1697795560442006,-0.4533609305724582,776832000,32.05741102809225,0,0,0
2014-04-02,VTRS,43.06633377075195,50.77000045776367,50.97999954223633,49.61000061035156,49.68000030517578,5445500,-0.0433326914142864,-0.0701201761117302,1.6785717010498042,0.157998175893558,-0.391232531323908,782277500,44.250227407998025,0,0,0
2014-04-03,VTRS,42.294410705566406,49.86000061035156,50.95000076293945,49.27000045776367,50.66999816894531,6225800,-0.0559566963773382,-0.0589651505298191,1.6842861175537105,0.1541255246464273,-0.410690525081435,776051700,37.60070788795782,0,0,0
2014-04-04,VTRS,42.94757461547852,50.630001068115234,55.29999923706055,50.56999969482422,53.0,17748200,-0.0969780711797028,-0.0456251496061247,1.95928600856236,0.1437795270844253,-0.3598306201401655,793799900,36.92307426752604,0,0,0
2014-04-07,VTRS,41.05594253540039,48.400001525878906,51.810001373291016,48.290000915527344,50.95000076293945,10579000,-0.0489669973525684,0.0299586136886149,2.134286063058035,0.1479599015180735,-0.4937741837960203,783220900,28.682160456297154,0,0,0
2014-04-08,VTRS,40.4112663269043,47.63999938964844,48.27000045776367,45.79999923706055,48.16999816894531,15091200,-0.0295969745062273,0.0554156050266885,2.2328575679234084,0.150688978829332,-0.6537156170855667,768129700,28.330771214736306,0,0,0
2014-04-09,VTRS,41.200157165527344,48.56999969482422,48.7599983215332,46.47999954223633,47.52999877929688,12165900,-0.0280008362960003,0.0366481118073087,2.30428613935198,0.1501115876777988,-0.6973880476877312,780295600,34.812021405908595,0,0,0
2014-04-10,VTRS,39.9277572631836,47.06999969482422,48.91999816894531,46.290000915527344,48.7400016784668,8843500,-0.0031867755863911,0.1068620950054937,2.3878571646554123,0.1599104696912812,-0.8433150169892869,771452100,32.30983340440972,0,0,0
2014-04-11,VTRS,38.7826042175293,45.720001220703125,47.02999877929688,45.40999984741211,46.209999084472656,7297400,0.0568678566207856,0.1082676468958778,2.2814284733363555,0.173886723865583,-1.0557270220188002,764154700,34.27090404126538,1,1,1
2014-04-14,VTRS,39.04556655883789,46.02999877929688,47.02999877929688,45.310001373291016,46.04999923706055,4857300,0.0829893503395515,0.1053661181281577,2.2799995967320035,0.1753906482725749,-1.185386456931667,769012000,32.11008264597788,1,1,1
2014-04-15,VTRS,39.215213775634766,46.22999954223633,47.16999816894531,44.7400016784668,46.119998931884766,4383800,0.0876054353701738,0.0984209232557662,2.279284885951451,0.1671036125058872,-1.2575083298974974,773395800,37.510650586611554,1,1,1
2014-04-16,VTRS,40.046512603759766,47.209999084472656,47.310001373291016,46.34999847412109,46.880001068115234,4055400,0.0665113207062351,0.053590397014565,2.2399994986397886,0.1530651486033417,-1.2215068899071753,777451200,44.352831587839,1,1,1
2014-04-17,VTRS,39.80051040649414,46.91999816894531,47.130001068115234,46.0,47.0099983215332,4912800,0.1104006928244987,0.0618073665612015,2.18714223589216,0.140989763085199,-1.2025143032342385,772538400,42.15281861346861,1,1,1
2014-04-21,VTRS,40.98809051513672,48.31999969482422,48.34000015258789,47.09999847412109,47.91999816894531,3596000,0.0486340746888045,0.0324917157437893,2.157142366681781,0.1249630973060352,-1.062249171403458,776134400,48.12084691341228,1,1,1
2014-04-22,VTRS,42.285926818847656,49.84999847412109,50.400001525878906,48.93000030517578,48.93000030517578,6788700,0.0206620386263172,-0.0274824267566622,2.2442853110177183,0.1244946132410168,-0.8181982490120276,782923100,51.846775445559,1,1,1
2014-04-23,VTRS,42.65068054199219,50.27999877929688,50.45000076293945,49.45000076293945,49.91999816894531,4935200,0.0099443120950488,-0.04236271489917,2.196428298950196,0.1220814931262921,-0.5833640461669773,787858300,48.197197671210176,1,1,1
2014-04-24,VTRS,42.71005630493164,50.34999847412109,51.43999862670898,49.869998931884766,50.95000076293945,6854500,-0.0121151303702187,-0.0599800741725666,2.188571112496512,0.1262253801696312,-0.3871450905483584,794712800,51.92156025007657,0,0,0
2014-04-25,VTRS,44.19451904296875,52.09999847412109,53.56999969482422,49.060001373291016,49.86000061035156,15890200,-0.0437619740129048,-0.1143953792519414,2.1221425192696706,0.1416292291080067,-0.0893992410973112,810603000,55.353231809964136,0,0,0
2014-04-28,VTRS,42.98149490356445,50.66999816894531,50.9900016784668,49.11000061035156,50.45000076293945,8902200,-0.0153937005621389,-0.0611801576109198,2.084285191127232,0.145926137616263,0.0308221179297589,801700800,58.77802238781752,0,0,0
2014-04-29,VTRS,43.15963363647461,50.880001068115234,51.5,50.2599983215332,51.02000045776367,5415100,-0.0471698403202845,-0.0650550570716336,1.9871422903878344,0.1505675814764749,0.141413760201793,807115900,63.08562762087091,0,0,0
2014-04-30,VTRS,43.07481002807617,50.77999877929688,51.16999816894531,49.86000061035156,50.7599983215332,6870900,-0.0517919912690157,-0.0653800664559645,1.91785648890904,0.1541118403099116,0.2184706903929196,800245000,59.56709307594652,0,0,0
2014-05-01,VTRS,42.19261932373047,49.7400016784668,52.0,49.34999847412109,51.43999862670898,8178600,-0.0484519454380202,-0.0345798384129878,1.9192853655133928,0.1511858218036777,0.1933905029790992,792066400,62.03788073447198,0,0,0
2014-05-02,VTRS,42.26048278808594,49.81999969482422,50.0099983215332,49.09000015258789,49.970001220703125,4114300,-0.0738659238803266,-0.0574066765931491,1.8664281027657643,0.1511052341398255,0.1779185112619785,796180700,70.87575662696847,0,0,0
2014-05-05,VTRS,42.319854736328125,49.88999938964844,50.20000076293945,48.95000076293945,49.65999984741211,3191400,-0.0465022995230901,-0.0551212674612818,1.8328568594796315,0.1488727298606698,0.1693530402871133,799372100,70.14613712201455,0,0,0
2014-05-06,VTRS,41.12380599975586,48.47999954223633,49.810001373291016,48.400001525878906,49.43999862670898,4053800,-0.0187706240925045,-0.0472359929280171,1.7657141004289894,0.1487910022674487,0.0482336317208051,795318300,60.42631978261532,0,0,0
2014-05-07,VTRS,40.84388732910156,48.150001525878906,48.970001220703125,47.220001220703125,48.619998931884766,5709000,-0.0143302683185876,-0.0350986996438189,1.813571112496512,0.1476227224916789,-0.073534790902066,789609300,54.63512079875402,0,0,0
2014-05-08,VTRS,40.1483039855957,47.33000183105469,49.060001373291016,47.0099983215332,48.15999984741211,5238600,0.0145784618638289,0.0016902179011735,1.873571395874023,0.1502485439903609,-0.2335124789726066,784370700,51.92129209217055,1,1,1
2014-05-09,VTRS,39.13887023925781,46.13999938964844,46.970001220703125,45.11000061035156,46.869998931884766,8768400,0.0177719918871126,0.0407455806888679,1.9307141985212048,0.1548294249864169,-0.4511189822856565,775602300,39.57934753353906,1,1,1
2014-05-12,VTRS,40.35189437866211,47.56999969482422,47.68999862670898,46.18000030517578,46.2599983215332,5467600,-0.0090393169630935,0.0178683724947255,1.8928568703787656,0.1456654403728101,-0.5023933524766164,781069900,38.996145535847134,0,0,0
2014-05-13,VTRS,40.35189437866211,47.56999969482422,48.09000015258789,47.5099983215332,47.63999938964844,2784100,-0.0290099028162362,0.0273281321295024,1.8628570011683865,0.1378920310514794,-0.536840299464103,781069900,36.35448639885667,0,0,0
2014-05-14,VTRS,40.25857925415039,47.459999084472656,48.18999862670898,47.400001525878906,47.619998931884766,2443300,-0.0210703754591341,0.0478297619374867,1.8071425301688049,0.1313152274543218,-0.5664857875368838,778626600,35.50652439416342,0,0,0
2014-05-15,VTRS,40.73360824584961,48.02000045776367,48.11000061035156,46.65999984741211,47.540000915527344,4497000,-0.0127030529890996,0.0379008679190875,1.5885712759835369,0.1283370405400206,-0.538584156818132,783123600,26.765394015098053,0,0,0
2014-05-16,VTRS,39.834449768066406,46.959999084472656,48.40999984741211,46.83000183105469,48.40999984741211,3960400,0.0225724317282089,0.0643100621090564,1.4878570011683867,0.1281160712149806,-0.5951447077503786,779163200,27.942940136948025,1,1,1
2014-05-19,VTRS,39.98713302612305,47.13999938964844,47.630001068115234,46.209999084472656,46.310001373291016,3723100,0.0271531352539209,0.0585490490446749,1.5007141658237997,0.1320779230604044,-0.6183172551305631,782886300,27.684957030035505,1,1,1
2014-05-20,VTRS,39.181278228759766,46.18999862670898,47.27000045776367,45.79999923706055,47.18999862670898,5055900,0.0580212250455902,0.0736090415017438,1.5121429988316122,0.1402205134759453,-0.7052095710033086,777830400,25.135425892579235,1,1,1
2014-05-21,VTRS,39.41032409667969,46.459999084472656,46.79999923706055,46.209999084472656,46.310001373291016,2647700,0.070383136508854,0.0727507777598055,1.3664286477225165,0.143598956689593,-0.7437125218967751,780478100,30.61464852266208,1,1,1
2014-05-22,VTRS,40.21615982055664,47.40999984741211,47.5099983215332,46.09999847412109,46.369998931884766,2712100,0.0512550160935809,0.0489348175973651,1.4014287676130022,0.1414468158290253,-0.6896197584945298,783190200,37.08468173055498,1,1,1
2014-05-23,VTRS,40.73360824584961,48.02000045776367,48.34999847412109,47.2599983215332,47.59000015258789,3106200,0.0408163070759772,0.0291544710086586,1.3900002070835653,0.123852378669173,-0.5907194563308877,786296400,40.52686074586366,1,1,1
2014-05-27,VTRS,41.07290649414063,48.41999816894531,48.63999938964844,48.08000183105469,48.59999847412109,3604600,0.0305659523523651,0.0165221619580915,1.3278574262346534,0.1152634640905746,-0.4745929696260162,789901000,49.66139196769823,1,1,1
2014-05-28,VTRS,41.454627990722656,48.869998931884766,49.560001373291016,48.43999862670898,48.43999862670898,5252500,0.0147329903097945,0.0165746140985187,1.284286226545061,0.1040470949986294,-0.3423047158236016,795153500,54.00889104120336,1,1,1
2014-05-29,VTRS,42.18414688110352,49.72999954223633,49.77999877929688,49.0,49.06999969482422,3461400,0.0022119567939697,-0.0018097758579598,1.202857426234654,0.0959126962190605,-0.1661551267956724,798614900,63.30374478598593,1,1,1
2014-05-30,VTRS,42.27745056152344,49.84000015258789,50.400001525878906,49.58000183105469,49.93000030517578,3834600,-0.0022070748397831,0.007223126188792,1.1028573172433036,0.0965597486025744,-0.0174777063406637,802449500,73.29973455685403,0,0,0
2014-06-02,VTRS,42.39620208740234,49.97999954223633,50.15999984741211,49.369998931884766,49.959999084472656,2334700,-0.0112045093721495,0.0084034011102311,1.048571722848075,0.0976445177328268,0.110374670755192,804784200,68.12028505230717,0,0,0
2014-06-03,VTRS,42.32834243774414,49.900001525878906,50.09000015258789,49.5,49.68000030517578,3138600,-0.0136272602080608,0.0160320483486489,1.0492858886718754,0.0977115774478935,0.2029044729213822,801645600,67.31055474626321,0,0,0
2014-06-04,VTRS,42.06538391113281,49.59000015258789,49.93000030517578,49.459999084472656,49.93000030517578,2675700,0.0018148851040726,0.0207702919162648,1.0264290400913794,0.1015606596233043,0.2483575762030483,798969900,65.3679639381964,1,1,1
2014-06-05,VTRS,42.27745056152344,49.84000015258789,50.15999984741211,49.09999847412109,49.810001373291016,3057500,-0.0040128563869811,0.011436590952631,0.9985719408307772,0.1065226927159678,0.3010817160823862,802027400,63.746215556813006,0,0,0
2014-06-06,VTRS,42.18414688110352,49.72999954223633,50.09000015258789,49.369998931884766,50.08000183105469,2112300,0.0094510602258088,0.0279509230332466,0.9371435982840416,0.1089261227991604,0.330183694750886,799915100,74.42680325117041,1,1,1
2014-06-09,VTRS,41.92116928100586,49.41999816894531,49.959999084472656,49.0099983215332,49.79999923706055,1438600,0.0198300969899551,0.0275192363565519,0.9035720825195328,0.1027921485004556,0.324492158861112,798476500,69.65515154863468,1,1,1
2014-06-10,VTRS,41.75152206420898,49.220001220703125,49.369998931884766,48.41999816894531,49.220001220703125,2304100,0.0300690675646266,0.0479479998338336,0.8700005667550238,0.1023309934845875,0.3003808894710502,796172400,80.00003021542848,1,1,1
2014-06-11,VTRS,42.141719818115234,49.68000030517578,49.880001068115234,48.810001373291016,49.31999969482422,3246000,0.0189210672490889,0.0392512228454293,0.902857644217356,0.1026934684227949,0.3147622334171487,799418400,80.72521501360625,1,1,1
2014-06-12,VTRS,42.10779571533203,49.63999938964844,50.34999847412109,48.5,49.63999938964844,2183600,0.0155116935380994,0.0449234401622768,0.9342861175537108,0.1017543685314563,0.3192516779092926,797234800,75.75058387800716,1,1,1
2014-06-13,VTRS,42.582820892333984,50.20000076293945,50.56999969482422,49.2599983215332,49.58000183105469,2914600,0.0183266564733701,0.0260955684996895,0.9500004904610776,0.1040375002736445,0.3638033274131373,800149400,75.46730054831832,1,1,1
2014-06-16,VTRS,42.752471923828125,50.400001525878906,50.7599983215332,50.02000045776367,50.060001373291016,3026600,0.0075396278157424,0.0230158692915214,0.9585718427385608,0.1012317067902494,0.4105170358638759,803176000,74.26473613152473,1,1,1
2014-06-17,VTRS,43.00695037841797,50.70000076293945,51.220001220703125,50.09999847412109,50.11000061035156,2061100,0.0173570227785577,0.0234713729546696,0.9571432386125848,0.0990616176142094,0.4663694014427761,805237100,73.2824642360026,1,1,1
2014-06-18,VTRS,42.9390869140625,50.619998931884766,50.84999847412109,50.36000061035156,50.7400016784668,2557800,0.0199526305322437,0.0300276667292904,0.927143096923828,0.0848723299819381,0.4984317138612866,802679300,64.12696759567619,1,1,1
2014-06-19,VTRS,42.76095581054688,50.40999984741211,50.95000076293945,50.18000030517578,50.95000076293945,2033000,0.0289624893650461,0.0273755420014363,0.9235717228480748,0.0667357072787051,0.5011195619935052,800646300,58.76922607421875,1,1,1
2014-06-20,VTRS,43.363224029541016,51.119998931884766,51.22999954223633,50.119998931884766,50.72999954223633,4911600,0.0076290962010405,-0.0109545690589689,0.9464288439069476,0.0586587555219478,0.5541527652801719,805557900,64.92145917175127,1,1,1
2014-06-23,VTRS,43.07481002807617,50.77999877929688,51.68000030517578,50.72999954223633,51.0,2416900,0.0153604295538529,-0.0100432913310966,0.9721431732177734,0.0514745751029656,0.5622653452524062,803141000,60.7842752265444,1,1,1
2014-06-24,VTRS,43.75342559814453,51.58000183105469,51.810001373291016,50.56999969482422,50.880001068115234,3354500,0.006010033881137,-0.0294687941800058,1.0271432059151786,0.0516354533508422,0.6260316801828125,806495500,71.77243052790536,1,1,1
2014-06-25,VTRS,43.79583358764648,51.630001068115234,52.04999923706055,51.36000061035156,51.36000061035156,2498600,0.0098779452059349,-0.0178191354756863,1.0007144383021758,0.0534717795033961,0.6728453383675017,808994100,70.48054680202875,1,1,1
2014-06-26,VTRS,43.99941635131836,51.869998931884766,53.560001373291016,50.900001525878906,53.560001373291016,2119200,-0.0015422791209707,-0.0321958396632769,1.139285768781389,0.0598812814196324,0.7210000814810797,811113300,73.77777099609384,0,0,0
2014-06-27,VTRS,43.69403839111328,51.5099983215332,52.119998931884766,51.04999923706055,51.75,3530000,-0.018442962127705,-0.0052416356409302,1.1478571210588722,0.0625833248000725,0.7217936340180202,807583300,72.96703849491311,0,0,0
2014-06-30,VTRS,43.73645782470703,51.560001373291016,52.0,50.810001373291016,51.90999984741211,3942500,-0.025019411969907,0.0118308141855536,1.1614284515380855,0.0651257222686781,0.7181786421684677,811525800,76.5908785497233,0,0,0
2014-07-01,VTRS,44.01638412475586,51.88999938964844,53.04999923706055,51.66999816894531,51.86000061035156,3454800,-0.0352668729597728,-0.0050105670570709,1.1914283207484648,0.0684974474740805,0.73348663969184,814980600,75.87818352695666,0,0,0
2014-07-02,VTRS,44.22845458984375,52.13999938964844,52.470001220703125,50.040000915527344,52.130001068115234,2926000,-0.0274261665116107,-0.0136171671036424,1.2328570229666571,0.0709663137483033,0.7570642828831851,817906600,77.90176480706,0,0,0
2014-07-03,VTRS,43.93155288696289,51.790000915527344,52.34000015258789,51.220001220703125,52.34000015258789,1785200,-0.0307009099146624,0.002123973902433,1.219285420009068,0.0714187964908017,0.7389891759620895,816121400,68.61826676970226,0,0,0
2014-07-07,VTRS,42.8881950378418,50.560001373291016,51.66999816894531,50.18000030517578,51.66999816894531,4339200,0.0134493727592144,0.0164160995611815,1.281428473336356,0.0689049817112662,0.6182866167319858,811782200,51.50943274003986,1,1,1
2014-07-08,VTRS,42.64219665527344,50.27000045776367,50.63999938964844,49.77999877929688,50.52999877929688,3683000,0.0377958562538307,0.0356077362090196,1.2628568921770358,0.0648702854337067,0.4935391070739428,808099200,45.93572560721459,1,1,1
2014-07-09,VTRS,42.46406173706055,50.060001373291016,50.650001525878906,49.68999862670898,50.650001525878906,2644500,0.0313623582052451,0.0455453199510567,1.296428680419922,0.0595681735109863,0.3734260132007421,805454700,44.83396911642571,1,1,1
2014-07-10,VTRS,43.01543426513672,50.709999084472656,50.90999984741211,49.310001373291016,49.70000076293945,2754100,0.0141984072905176,0.0234668204080215,1.3557142530168806,0.0553595882993152,0.326916415038788,808208800,52.55972185243363,1,1,1
2014-07-11,VTRS,42.582820892333984,50.20000076293945,50.79999923706055,49.95000076293945,50.619998931884766,2647500,0.0338645565159929,0.0306773086080163,1.3371426718575614,0.0519047213803208,0.2460681011994054,805561300,41.872801998201815,1,1,1
2014-07-14,VTRS,43.46501541137695,51.2400016784668,53.0,50.34000015258789,52.5,20024200,0.0029273557039064,-0.0138564183433328,1.469285420009068,0.0499324443642194,0.2628842462824181,825585500,53.61637681550586,1,1,1
2014-07-15,VTRS,44.25389862060547,52.16999816894531,52.900001525878906,51.060001373291016,51.13999938964844,10598400,-0.0021084301229623,-0.0339274814105707,1.5121424538748605,0.0518556851758679,0.3472512110861174,836183900,54.545433171575816,0,0,0
2014-07-16,VTRS,43.79583358764648,51.630001068115234,52.34000015258789,51.27000045776367,51.38999938964844,7198200,0.0137516767341523,-0.0209181059212035,1.539285387311663,0.0518154329782535,0.3663167143722461,828985700,50.0,1,1,1
2014-07-17,VTRS,43.62618255615234,51.43000030517578,51.75,51.0,51.27999877929688,4853600,0.0091386587189232,-0.0400544693966044,1.4028568267822266,0.0508978411624864,0.3611250482294892,824132100,46.82997696337611,1,1,1
2014-07-18,VTRS,44.02486801147461,51.900001525878906,52.02999877929688,51.0099983215332,51.59999847412109,3660100,-0.0030828486070916,-0.0514451234131705,1.3992854527064738,0.0498363242875591,0.3904350932366327,827792200,52.76598346529677,0,0,0
2014-07-21,VTRS,43.59225845336914,51.38999938964844,51.84000015258789,51.119998931884766,51.72999954223633,2852200,-0.01673478537781,-0.0445612170213146,1.3700000217982706,0.0497346408697199,0.3682654698450847,824940000,48.86816115617472,0,0,0
2014-07-22,VTRS,44.16059112548828,52.060001373291016,52.34000015258789,51.58000183105469,51.68000030517578,3493000,-0.0318862812835759,-0.0689588946962592,1.3314288003104078,0.0502356603624599,0.4001468009845084,828433000,51.08281591910698,0,0,0
2014-07-23,VTRS,44.39810180664063,52.34000015258789,52.93000030517578,52.27999877929688,52.36000061035156,5775200,-0.0341994824285234,-0.0844478786923357,1.220000130789621,0.0527082068495958,0.4429010593312767,834208200,51.26904143064822,0,0,0
2014-07-24,VTRS,44.02486801147461,51.900001525878906,52.900001525878906,51.880001068115234,52.63999938964844,3013500,-0.0487476400695788,-0.1042389149972282,1.2128573826381144,0.0532198048360539,0.4362510743175534,831194700,50.690092213320725,0,0,0
2014-07-25,VTRS,43.88915252685547,51.7400016784668,51.880001068115234,51.09999847412109,51.290000915527344,3937900,-0.0485118294318703,-0.1138384811223733,1.1550004141671326,0.052947067148641,0.4133059292931023,827256800,58.55073441280148,0,0,0
2014-07-28,VTRS,42.86274337768555,50.52999877929688,52.47999954223633,50.45000076293945,51.619998931884766,5227800,-0.0283000265133925,-0.1023154223994077,1.2385717119489412,0.0550861845040428,0.2940944769408133,822029000,51.6623942359992,0,0,0
2014-07-29,VTRS,42.752471923828125,50.400001525878906,51.0,49.970001220703125,50.619998931884766,8784600,-0.038293655689371,-0.1077380980313589,1.2435714176722945,0.0574425635754352,0.1869735356292849,813244400,52.19638510334929,0,0,0
2014-07-30,VTRS,42.87971496582031,50.54999923706055,50.959999084472656,49.88999938964844,50.77000045776367,4335600,-0.0520277172662558,-0.1020771498573847,1.205714362008232,0.0579700151127241,0.1128817490478013,817580000,48.89502776985975,0,0,0
2014-07-31,VTRS,41.87875747680664,49.369998931884766,50.36000061035156,48.95000076293945,50.2599983215332,4390200,-0.0583349668974364,-0.0652217434812679,1.2592857905796606,0.0640460403002642,-0.0405848516673614,813189800,44.7534624061637,0,0,0
2014-08-01,VTRS,41.76000213623047,49.22999954223633,49.790000915527344,48.68000030517578,49.31999969482422,3851600,-0.0686573451055063,-0.0564696080671666,1.1385716029575903,0.0705002211505816,-0.1715277539470108,809338200,35.66331161693226,0,0,0
2014-08-04,VTRS,41.64973068237305,49.09999847412109,49.52000045776367,48.83000183105469,49.52000045776367,2755200,-0.0761710382891508,-0.0533604687027774,1.0564286368233826,0.0774060989979233,-0.282534070238583,806583000,25.281802355652676,0,0,0
2014-08-05,VTRS,41.11532211303711,48.470001220703125,48.93000030517578,48.02000045776367,48.709999084472656,9437100,-0.0722096123757685,-0.0295027907811353,1.0571428026471823,0.0876419027966128,-0.4165412605375351,797145900,24.92063309450096,0,0,0
2014-08-06,VTRS,40.64878082275391,47.91999816894531,48.040000915527344,47.52999877929688,47.83000183105469,6777800,-0.05279630375563,0.0139816779892276,1.0707144056047713,0.1003989586708923,-0.5606606273161105,790368100,23.609012550064293,0,0,0
2014-08-07,VTRS,39.435768127441406,46.4900016784668,47.81999969482422,45.36000061035156,47.0,11594500,-0.007313403749464,0.0271025656279295,1.1807141985212048,0.1244242351546406,-0.7812591603310466,778773600,14.454650950040474,0,0,0
2014-08-08,VTRS,38.89287567138672,45.84999847412109,47.34000015258789,45.22999954223633,46.11000061035156,8791200,0.0130862008459393,0.0514722069551127,1.2757140568324492,0.1487847924029327,-0.9962439171956065,769982400,14.211870513170552,1,1,1
2014-08-11,VTRS,38.47722244262695,45.36000061035156,46.150001525878906,45.209999084472656,46.02999877929688,4981700,0.0246913341449377,0.0694443930510615,1.274999891008649,0.1712280584877598,-1.1924142096586294,765000700,5.68778897238731,1,1,1
2014-08-12,VTRS,38.14640045166016,44.970001220703125,45.7599983215332,44.84999847412109,45.34999847412109,6342800,0.0460306790890465,0.0740493201237533,1.2778570992606026,0.1885524265704951,-1.3636311797408354,758657900,1.955643045533208,1,1,1
2014-08-13,VTRS,38.50267028808594,45.38999938964844,45.54999923706055,44.79999923706055,44.970001220703125,5425600,0.0705001279129613,0.0592642096844735,1.2585713522774833,0.19991550955787,-1.4487314456188187,764083500,7.450932482297802,1,1,1
2014-08-14,VTRS,39.14735412597656,46.150001525878906,46.41999816894531,45.40999984741211,45.41999816894531,4486800,0.0346695215865568,0.0429035639603614,1.274999618530273,0.2044333360659298,-1.4382687319992016,768570300,16.121195531299733,1,1,1
2014-08-15,VTRS,39.40183639526367,46.45000076293945,46.84000015258789,45.959999084472656,46.31999969482422,6054100,0.0378901677637308,0.0462862793513025,1.1928569248744414,0.2032832451566377,-1.3897493593180528,774624400,22.2070696702674,1,1,1
2014-08-18,VTRS,39.427276611328125,46.47999954223633,46.97999954223633,46.33000183105469,46.880001068115234,3923400,0.0436746729623398,0.0473322027669194,1.165713991437639,0.2020568723758156,-1.333504941241415,778547800,22.92814084464001,1,1,1
2014-08-19,VTRS,39.902305603027344,47.040000915527344,47.06999969482422,46.13999938964844,46.5099983215332,4564400,0.0267856780826993,0.0163690570318315,1.1557140350341792,0.193215608184098,-1.2295696899930064,783112200,27.058827635969067,1,1,1
2014-08-20,VTRS,41.21711730957031,48.59000015258789,48.84999847412109,46.86000061035156,47.09999847412109,7589400,-0.0104959522521433,-0.0339576357418685,1.1835711342947814,0.1781317282502077,-1.0104800846055966,790701600,45.13716268216138,0,0,0
2014-08-21,VTRS,40.50457763671875,47.75,48.7400016784668,47.65999984741211,48.52000045776367,3786600,0.0079581375521515,-0.0161256640369354,1.1814283643450043,0.1634298258364392,-0.89432180099449,786915000,41.51376156822601,1,1,1
2014-08-22,VTRS,40.89478302001953,48.209999084472656,49.0,47.869998931884766,48.150001525878906,2788500,0.008089595458508,-0.0051856462299855,1.22142846243722,0.1466958593074162,-0.7564278136376075,789703500,45.08287381312277,1,1,1
2014-08-25,VTRS,41.14925765991211,48.5099983215332,48.81999969482422,48.33000183105469,48.4900016784668,2505500,0.0035044730885327,-0.0214388195591511,1.1878572191510877,0.1377165289394045,-0.6158393908017388,792209000,50.229341242708,1,1,1
2014-08-26,VTRS,40.97111892700195,48.29999923706055,48.83000183105469,48.27000045776367,48.630001068115234,2404100,-0.0101448834681048,-0.017805395940704,1.1607142857142858,0.1280130667949157,-0.5154257170757148,789804900,52.26731125086206,0,0,0
2014-08-27,VTRS,40.78450393676758,48.08000183105469,48.630001068115234,47.900001525878906,48.47999954223633,3030100,-0.0237105482722629,-0.0060316327887498,1.0300001416887556,0.1148282978537431,-0.4484298886574862,786774800,61.08787590359715,0,0,0
2014-08-28,VTRS,40.8269157409668,48.130001068115234,48.15999984741211,47.560001373291016,48.09999847412109,1985700,-0.0238936526149539,-0.0222314496380318,0.922142846243722,0.1094706790257837,-0.3868414242491198,788760500,67.32527298604859,0,0,0
2014-08-29,VTRS,41.2255973815918,48.59999847412109,48.630001068115234,48.20000076293945,48.43000030517578,3027200,-0.013168712134615,-0.038065813419854,0.8907141004289899,0.1061857561136804,-0.2966872339999398,791787700,74.6951435805408,0,0,0
2014-09-02,VTRS,41.29346466064453,48.68000030517578,49.0,48.459999084472656,48.77000045776367,2358400,-0.0248561848169094,-0.0147904933481805,0.8642856052943634,0.1039312751441529,-0.2162906456123181,794146100,79.68002890628529,0,0,0
2014-09-03,VTRS,40.55546569824219,47.810001373291016,48.9900016784668,47.650001525878906,48.72999954223633,3833100,-0.0077390239689208,0.0039740351652683,0.9064284733363556,0.1019693737501521,-0.2202386390702315,790313000,68.05973480425175,0,0,0
2014-09-04,VTRS,39.817474365234375,46.93999862670898,48.119998931884766,45.65999984741211,48.09000015258789,4654200,0.0181082725540326,0.0317426868781156,1.0085713522774828,0.1013257667952815,-0.2902238827994097,785658800,55.800277728141175,1,1,1
2014-09-05,VTRS,39.85142135620117,46.97999954223633,47.220001220703125,46.27000045776367,46.84999847412109,6312900,0.001702891269353,0.0080885711327776,1.0135713304792129,0.1004603152506829,-0.3385572755616977,791971700,54.04579503588147,1,1,1
2014-09-08,VTRS,40.68271255493164,47.959999084472656,48.58000183105469,46.790000915527344,46.790000915527344,6434700,-0.0252293391903837,-0.0298165206937784,1.09500013078962,0.0974815030313649,-0.2943905140937985,798406400,59.866668633356014,0,0,0
2014-09-09,VTRS,40.267066955566406,47.470001220703125,48.130001068115234,47.380001068115234,48.09000015258789,4376100,0.0103222635594926,-0.0181167176793012,1.082142966134207,0.0895783286602056,-0.2955201970724275,794030300,52.893679199559685,1,1,1
2014-09-10,VTRS,40.241607666015625,47.43999862670898,47.790000915527344,47.20000076293945,47.630001068115234,3614100,0.0118044137753354,-0.0210792586203194,0.9821431296212332,0.0757823692095155,-0.2954308941170609,790416200,40.270708139962665,1,1,1
2014-09-11,VTRS,40.53851318359375,47.790000915527344,47.900001525878906,46.79999923706055,47.38999938964844,3472300,0.013391909968357,-0.038501781070066,0.98357173374721,0.0631957689483959,-0.2640737830740249,793888500,50.36901226052561,1,1,1
2014-09-12,VTRS,39.919281005859375,47.060001373291016,47.93999862670898,46.9900016784668,47.93999862670898,2097900,0.0063748242308978,-0.0163621001974871,0.962142944335937,0.0573732924678953,-0.2947304398076014,791790600,39.894569519019576,1,1,1
2014-09-15,VTRS,39.65631103515625,46.75,47.630001068115234,46.47999954223633,47.2599983215332,2279800,-0.0047059084642377,-0.0205347397748161,1.0007144383021758,0.0552577641137757,-0.3401198907895093,789510800,34.561420298603835,0,0,0
2014-09-16,VTRS,40.68271255493164,47.959999084472656,48.0099983215332,46.560001373291016,46.70000076293945,3260700,-0.028148425769219,-0.0515011979390452,1.064285550798688,0.0497863292386281,-0.2752812728169616,792771500,47.46268571737653,0,0,0
2014-09-17,VTRS,40.71664047241211,48.0,48.27999877929688,47.56999969482422,48.11000061035156,2110000,-0.0325000286102296,-0.0568749904632568,1.062856946672712,0.0476245382641594,-0.2181537210548896,794881500,49.38648942767877,0,0,0
2014-09-18,VTRS,41.08139419555664,48.43000030517578,48.959999084472656,48.0099983215332,48.29999923706055,3152400,-0.0512079191948979,-0.0398513378693808,1.088571275983538,0.0468470580578792,-0.1366075667423274,798033900,52.17390583233588,0,0,0
2014-09-19,VTRS,40.17374801635742,47.36000061035156,48.970001220703125,47.310001373291016,48.66999816894531,6686600,-0.0225928986704943,0.060599638828076,1.1714284079415458,0.0476677937548574,-0.1565174492270955,791347300,41.733355984135024,0,0,0
2014-09-22,VTRS,39.469688415527344,46.52999877929688,47.45000076293945,46.290000915527344,47.400001525878906,2913900,-0.0159036725377863,0.0956372422025386,1.215714045933315,0.0525830821916483,-0.2365436576485606,788433400,36.96969977204322,0,0,0
2014-09-23,VTRS,39.53755187988281,46.61000061035156,46.900001525878906,44.810001373291016,45.52000045776367,7161600,-0.0240291550572523,0.0757347936724313,1.2692854745047433,0.0543334892444383,-0.2901646873231414,795595000,41.957110795322365,0,0,0
2014-09-24,VTRS,39.39334487915039,46.43999862670898,46.970001220703125,46.150001525878906,46.77999877929688,4507100,-0.0251937597662288,0.1031438642802302,1.1521426609584264,0.0571237097538739,-0.3424301572753023,791087900,46.30178049044748,0,0,0
2014-09-25,VTRS,38.97769927978516,45.95000076293945,46.63999938964844,45.63999938964844,46.150001525878906,5184300,0.0119695152976828,0.0907507747488132,1.1557140350341797,0.0633140544639686,-0.4185646979969277,785903600,42.85715797382094,1,1,1
2014-09-26,VTRS,39.26611328125,46.290000915527344,46.400001525878906,45.43999862670898,45.93000030517578,2990300,0.0851155443677549,0.066104936229701,1.0964284624372216,0.0653586507291709,-0.4463217795752641,788893900,37.29074347612014,1,1,1
2014-09-29,VTRS,38.841983795166016,45.790000915527344,46.38999938964844,45.59000015258789,45.95000076293945,3046000,0.1133434925298082,0.0404018003304682,1.0999998365129748,0.0668820309606287,-0.502868532611565,785847900,37.23405858856404,1,1,1
2014-09-30,VTRS,38.58749008178711,45.4900016784668,46.13999938964844,44.79999923706055,45.95000076293945,3842400,0.1022202141043835,0.0292371503030079,1.1535712650844034,0.0679154776510591,-0.5653724117917136,782005500,35.76645831569854,1,1,1
2014-10-01,VTRS,38.40087890625,45.27000045776367,45.72999954223633,45.02000045776367,45.63999938964844,3443000,0.1316544957854211,0.0466092464991283,1.1257138933454247,0.073933636918369,-0.6254496519827697,778562500,31.250010643678564,1,1,1
2014-10-02,VTRS,39.44425201416016,46.5,51.0,45.119998931884766,45.16999816894531,15729000,0.0778494393953712,0.0488172141454552,1.4778570447649284,0.0743878583891187,-0.5672714618459977,794291500,46.12187685087978,1,1,1
2014-10-03,VTRS,42.6082649230957,50.22999954223633,51.18999862670898,48.11000061035156,48.95000076293945,15981300,-0.0175194321348796,-0.0153294936249444,1.730713980538505,0.0964302704331134,-0.217675805670467,810272800,66.35337638251366,0,0,0
2014-10-06,VTRS,43.24446868896485,50.97999954223633,52.09999847412109,50.40999984741211,50.619998931884766,7861800,-0.0655158921651369,-0.0131423729886507,1.76071412222726,0.1195244872838815,0.1185336207425038,818134600,64.83300213930237,0,0,0
2014-10-07,VTRS,42.53192138671875,50.13999938964844,51.09000015258789,49.77000045776367,51.09000015258789,4063000,-0.0662145938420103,0.0380933360722464,1.8042855943952285,0.1307831073597849,0.3135861948397647,814071600,59.74498513380274,0,0,0
2014-10-08,VTRS,43.45652770996094,51.22999954223633,51.33000183105469,49.34999847412109,50.290000915527344,3693800,-0.0751512494343666,-0.0169822162728597,1.877143042428153,0.1484539225494725,0.5497831104233768,817765400,62.02748482068799,0,0,0
2014-10-09,VTRS,42.51496124267578,50.119998931884766,51.63999938964844,50.04999923706055,51.04999923706055,3551800,-0.0269353252771573,0.0061851831583699,1.872143064226423,0.1554284540856262,0.6400252820870662,814213600,61.81505714042165,0,0,0
2014-10-10,VTRS,41.86180114746094,49.34999847412109,50.459999084472656,49.18999862670898,50.09999847412109,2976600,0.0022289891337941,0.0378926606768317,1.8800002506801063,0.1575787666555216,0.6420095648841766,811237000,62.134247109595975,1,1,1
2014-10-13,VTRS,40.4112663269043,47.63999938964844,49.7400016784668,47.56999969482422,49.2599983215332,3242500,0.0560453824065902,0.0694794587677982,1.8857146671840128,0.1562442322228369,0.4998376707087644,807994500,53.8867878464033,1,1,1
2014-10-14,VTRS,39.71569061279297,46.81999969482422,48.08000183105469,46.72999954223633,47.75,4444000,0.1117043907801325,0.1044425335651808,1.9235719953264516,0.1574421977591104,0.3173401976712995,803550500,51.366910542041154,1,1,1
2014-10-15,VTRS,40.19071960449219,47.380001068115234,48.130001068115234,45.09999847412109,46.09999847412109,7089400,0.0628957255182871,0.0732375966183971,2.068572180611748,0.1576176931642907,0.2154139087144955,810639900,55.118110881252335,1,1,1
2014-10-16,VTRS,41.36980438232422,48.77000045776367,49.20000076293945,46.22999954223633,46.45000076293945,5011200,0.0340373145751704,0.0738158384320459,2.21214348929269,0.1582145322392918,0.2439854124528935,815651100,58.25565734571747,1,1,1
2014-10-17,VTRS,41.95510482788086,49.459999084472656,50.119998931884766,48.630001068115234,49.95000076293945,4412300,0.0355843544037386,0.0826930899372355,2.2614291054861893,0.1606912878220401,0.3186326586810963,820063400,62.06442600214184,1,1,1
2014-10-20,VTRS,42.67612457275391,50.310001373291016,50.38999938964844,48.66999816894531,49.47999954223633,5946600,0.0127211165211418,0.0651957600827692,2.288572038922992,0.1639097491525447,0.4412922773846404,826010000,65.29187513161429,1,1,1
2014-10-21,VTRS,44.15210723876953,52.04999923706055,52.119998931884766,50.63999938964844,50.84000015258789,5273500,-0.0065321836228924,0.0326609181144621,2.36714335850307,0.1757100389403602,0.6711673948190722,831283500,69.61805340929762,0,0,0
2014-10-22,VTRS,42.71854782104492,50.36000061035156,52.18000030517578,50.33000183105469,52.0,6964600,0.0097299018632022,0.061755372769243,2.079286030360631,0.1749352952074023,0.7088056460080736,824318900,60.87937168874991,1,1,1
2014-10-23,VTRS,42.77791976928711,50.43000030517578,51.54999923706055,50.400001525878906,51.2400016784668,3349800,0.0384691377150334,0.0608764560032957,1.8292860303606315,0.1703767092021755,0.7358007683671062,827668700,50.710230082089154,1,1,1
2014-10-24,VTRS,43.448055267333984,51.220001220703125,51.40999984741211,50.45000076293945,50.650001525878906,3396400,0.0454900031399381,0.0368996357790889,1.7657146453857435,0.1685587053320689,0.8115856151193341,831065100,50.84986436480828,1,1,1
2014-10-27,VTRS,43.219017028808594,50.95000076293945,51.38999938964844,50.29999923706055,51.20000076293945,2771200,0.0518154926421265,0.0588812552517599,1.7492861066545775,0.1600261475632519,0.8401738703301689,828293900,52.98893512508688,1,1,1
2014-10-28,VTRS,43.86369705200195,51.709999084472656,51.7599983215332,51.0,51.13999938964844,2011400,0.0394508016175909,0.0348095004627653,1.6657142639160167,0.148603957699123,0.9136240917107584,830305300,51.815429789790514,1,1,1
2014-10-29,VTRS,43.13419342041016,50.84999847412109,51.93999862670898,50.630001068115234,51.63999938964844,3070800,0.0515241460216646,0.0580137827229394,1.6457140786307205,0.1264542650479689,0.8921548535995854,827234500,52.81418538255947,1,1,1
2014-10-30,VTRS,44.42355346679688,52.369998931884766,52.459999084472656,50.4900016784668,50.4900016784668,3191100,0.0215772597128554,0.0450639804942731,1.6957138606480189,0.1174606477222101,0.9864208163414928,830425600,61.00583465286111,1,1,1
2014-10-31,VTRS,45.42449951171875,53.54999923706055,56.09999847412109,53.150001525878906,54.43999862670898,9047300,-0.0082165944533659,0.0093370682936249,1.8071422576904288,0.1313518239062977,1.143165730967084,839472900,72.40333761462527,0,0,0
2014-11-03,VTRS,45.45843124389648,53.59000015258789,54.0,53.25,53.59999847412109,3313400,0.0067176825774681,0.0287367216111675,1.7642849513462606,0.1426314754880735,1.25613500228598,842786300,77.27639218777037,1,1,1
2014-11-04,VTRS,45.59416198730469,53.75,53.9900016784668,53.369998931884766,53.54999923706055,3847600,-0.0044651475063589,0.0463256126226381,1.592142105102538,0.1531254420966858,1.3430922824315417,846633900,76.51956628696499,0,0,0
2014-11-05,VTRS,45.35664367675781,53.470001220703125,54.40999984741211,53.38999938964844,53.9900016784668,2550600,0.0061716478179103,0.0413315697403979,1.4528563363211486,0.1603478549863432,1.3735792257078785,844083300,71.55964105441052,1,1,1
2014-11-06,VTRS,45.3820915222168,53.5,53.88999938964844,52.93000030517578,53.88999938964844,2966100,0.0229906456492772,0.0321495555271611,1.414999280657086,0.1663364586012755,1.3842047479827286,847049400,69.72657108563175,1,1,1
2014-11-07,VTRS,45.05126953125,53.11000061035156,53.59000015258789,52.33000183105469,53.58000183105469,4126400,0.0176990889833612,0.0504613118880934,1.3821419307163774,0.1675206372136639,1.3456441118673297,842923000,64.3149318951371,1,1,1
2014-11-10,VTRS,45.76380920410156,53.95000076293945,54.22999954223633,52.43999862670898,53.310001373291016,3133800,0.0218721091471489,0.0372566875460353,1.380713599068777,0.1615104019316369,1.3671063708224835,846056800,60.6982100988127,1,1,1
2014-11-11,VTRS,45.390567779541016,53.5099983215332,54.09999847412109,53.310001373291016,53.810001373291016,2341100,0.0510185655497394,0.0497103332246169,1.3049992152622758,0.1421861967746003,1.333242061335305,843715700,70.64218394637624,1,1,1
2014-11-12,VTRS,45.63657379150391,53.79999923706055,54.060001373291016,53.0,53.0,2680800,0.0349442582672041,0.089591073664996,1.2957136971609924,0.1228553379868661,1.3146505293707662,846396500,71.4649550910643,1,1,1
2014-11-13,VTRS,46.42545700073242,54.72999954223633,56.25,53.15999984741211,53.15999984741211,4833300,0.0089530729502136,0.0708934971782879,1.446428026471818,0.1157980152818256,1.3592908004169075,851229800,71.96494107750132,1,1,1
2014-11-14,VTRS,45.848628997802734,54.04999923706055,54.93999862670898,53.5,54.91999816894531,2546800,0.0321924459394575,0.0691952216699085,1.4714279174804672,0.1070028388718352,1.324529839707786,848683000,68.45236851785411,1,1,1
2014-11-17,VTRS,46.7647590637207,55.130001068115234,55.68999862670898,54.02000045776367,54.22999954223633,4017400,0.0150552875072853,0.0489751625363383,1.5328565325055783,0.1069873411533812,1.368355103855059,852700400,69.61009179328724,1,1,1
2014-11-18,VTRS,47.70633316040039,56.2400016784668,56.70000076293945,55.04999923706055,55.47999954223633,4137700,-0.0012447280837881,0.0353840292385956,1.5571425301688042,0.1196033233392395,1.4756444038975758,856838100,80.04459408369281,0,0,0
2014-11-19,VTRS,47.2313117980957,55.68000030517578,56.08000183105469,54.720001220703125,55.900001525878906,4250200,0.0528016991845399,0.0457973998398759,1.524999891008648,0.1174017042394866,1.4982140376410271,852587900,70.66166613089497,1,1,1
2014-11-20,VTRS,46.84111022949219,55.220001220703125,55.84000015258789,55.0099983215332,55.54999923706055,1862000,0.0613907880244206,0.0577688981562896,1.317857197352817,0.1101069894366224,1.4621280512126802,850725900,61.4540528123301,1,1,1
2014-11-21,VTRS,47.32461166381836,55.790000915527344,56.15999984741211,55.52000045776367,56.02000045776367,2631100,0.0358487178200308,0.0258110522150611,1.33142852783203,0.1081483536613088,1.462663187914771,853357000,64.06649472893955,1,1,1
2014-11-24,VTRS,47.46882629394531,55.959999084472656,56.119998931884766,55.25,55.93000030517578,3287100,0.0334167758609007,0.0112580607294907,1.349285398210797,0.1021730542693968,1.4599750356979229,856644100,64.11237910384355,1,1,1
2014-11-25,VTRS,47.64695358276367,56.16999816894531,56.18999862670898,55.310001373291016,55.63999938964844,2679800,0.0366744069867164,-0.0210075935364886,1.3392851693289605,0.0997106459946409,1.4579831051076295,859323900,67.3968827639637,1,1,1
2014-11-26,VTRS,49.725196838378906,58.619998931884766,59.119998931884766,56.72999954223633,56.869998931884766,6204900,-0.00665300915651,-0.0667007833274689,1.4814281463623031,0.1055187393884519,1.6352489399496264,865528800,75.14733231733022,0,0,0
2014-11-28,VTRS,49.71671676635742,58.61000061035156,59.59999847412109,57.58000183105469,59.41999816894531,2761100,-0.0034123999463689,-0.0902576498965781,1.5357137407575314,0.1157847579505872,1.7546995263280394,862767700,78.06121575142507,0,0,0
2014-12-01,VTRS,49.021141052246094,57.790000915527344,58.54999923706055,57.52000045776367,58.27000045776367,3360300,-0.0096902814400293,-0.0565841911396314,1.4857136862618556,0.1213966224060631,1.762876511210301,859407400,69.63189741353453,0,0,0
2014-12-02,VTRS,49.05507278442383,57.83000183105469,58.630001068115234,57.54999923706055,57.970001220703125,3082600,-0.0214421863946909,-0.0738371143448708,1.5064283098493283,0.1251658465907952,1.7523841762602856,862490000,73.02773463537314,0,0,0
2014-12-03,VTRS,49.394378662109375,58.22999954223633,58.56999969482422,57.52000045776367,58.0099983215332,3273800,-0.055641385698783,-0.0510046581495999,1.505713871547152,0.1295241840419627,1.756102145197012,865763800,73.34036513373954,0,0,0
2014-12-04,VTRS,49.394378662109375,58.22999954223633,58.86000061035156,57.29999923706055,57.29999923706055,2410600,-0.060449948230044,-0.0240425506128704,1.396428244454518,0.1304938787883798,1.739002523763432,865763800,70.4439310644791,0,0,0
2014-12-05,VTRS,49.54705429077149,58.40999984741211,58.52999877929688,57.810001373291016,58.220001220703125,2156500,-0.0871426154063481,-0.0154083466569086,1.3449995858328674,0.1301602825274158,1.7201466905885994,867920300,77.04715838097762,0,0,0
2014-12-08,VTRS,48.54611587524414,57.22999954223633,58.7400016784668,57.11000061035156,58.29999923706055,4041500,-0.0473527713812517,-0.0040188632548666,1.3421426500592908,0.1215083761685684,1.5916397121545458,863878800,62.86764396515534,0,0,0
2014-12-09,VTRS,48.00322723388672,56.59000015258789,56.81999969482422,55.40999984741211,56.209999084472656,4723400,-0.0535430070882994,-0.0001766800054116,1.354285376412527,0.1152990203465346,1.4217651798806372,859155400,52.2756743188851,0,0,0
2014-12-10,VTRS,46.64599990844727,54.9900016784668,57.150001525878906,54.88999938964844,56.56999969482422,3857000,0.0049099224372661,0.0360065372213229,1.4071426391601558,0.1078953302679896,1.1448349395095931,855298400,46.04811417010594,1,1,1
2014-12-11,VTRS,46.40849304199219,54.709999084472656,55.650001525878906,54.560001373291016,55.060001373291016,2540600,0.0387498223735798,0.0528239707185198,1.4257139478410987,0.1029789977501942,0.892483861185049,852757800,47.01752977027033,1,1,1
2014-12-12,VTRS,45.22939682006836,53.31999969482422,54.58000183105469,53.27000045776367,54.06999969482422,3282800,0.0785821202305014,0.0823330722950956,1.4614282335553843,0.1112047087851659,0.5737190039367803,849475000,36.81962375747469,1,1,1
2014-12-15,VTRS,46.247314453125,54.52000045776367,54.84000015258789,53.61000061035156,53.75,3552600,0.0454878855725169,0.0443873468199997,1.5078569139753064,0.1088352498024826,0.4131629059404389,853027600,43.076928155663154,1,1,1
2014-12-16,VTRS,45.43297958374024,53.560001373291016,55.15999984741211,53.459999084472656,54.369998931884766,2556900,0.0563853693116158,0.052464478837654,1.5664285932268416,0.1162797062069656,0.2060815585387487,850470700,38.29597609227805,1,1,1
2014-12-17,VTRS,46.875030517578125,55.2599983215332,55.36000061035156,53.33000183105469,53.66999816894531,3198700,0.0309446788112475,0.0197249400234444,1.5007141658238,0.1176695447795605,0.1771021220178497,853669400,33.846141431451315,1,1,1
2014-12-18,VTRS,48.2067985534668,56.83000183105469,56.84999847412109,55.790000915527344,55.95000076293945,3611500,0.0135491222638961,-0.0195319474676667,1.4700001307896204,0.117279164360525,0.2776216226881658,857280900,42.55853296172991,1,1,1
2014-12-19,VTRS,48.78361892700195,57.5099983215332,57.83000183105469,56.560001373291016,56.79999923706055,7724600,0.0034776694275187,-0.057902940593733,1.4828572954450334,0.1166204288849706,0.4074571723376863,865005500,48.8155554501296,1,1,1
2014-12-22,VTRS,48.35100555419922,57.0,57.83000183105469,56.68999862670898,57.59000015258789,2033400,-0.0010526556717723,-0.0156140243797971,1.4871431078229638,0.1161231368141167,0.463853167954035,862972100,46.62326165795712,0,0,0
2014-12-23,VTRS,47.9947395324707,56.58000183105469,57.34999847412109,55.63999938964844,57.18999862670898,2112500,-0.0037116099747924,0.0012371808511641,1.534285954066685,0.115639879860056,0.4692478613791451,860859600,43.29813749093196,0,0,0
2014-12-24,VTRS,48.32556915283203,56.970001220703125,57.18999862670898,56.25,56.61000061035156,871500,-0.0108829688133608,-0.019835019201379,1.4900000435965397,0.1154727229094798,0.4992379814832546,861731100,45.03937400483656,0,0,0
2014-12-26,VTRS,48.85997009277344,57.59999847412109,57.720001220703125,56.9900016784668,56.9900016784668,1038800,-0.0326388420698069,-0.0404513555222445,1.492143086024692,0.1122300019704997,0.5673013837579077,862769900,46.92014454667581,0,0,0
2014-12-29,VTRS,48.95328140258789,57.709999084472656,58.06999969482422,57.13999938964844,57.58000183105469,1817400,-0.0611678883260743,-0.0386414759593425,1.442143031529017,0.1090765469221253,0.6229374156107284,864587300,51.98675465319227,0,0,0
2014-12-30,VTRS,48.30010986328125,56.93999862670898,57.68000030517578,56.869998931884766,57.43999862670898,1570700,-0.0145767129676059,-0.0412714880716341,1.372143064226422,0.1075014991254199,0.5980033594275369,863016600,51.43324618779943,0,0,0
2014-12-31,VTRS,47.81660461425781,56.369998931884766,57.38999938964844,56.27000045776367,56.84999847412109,1446500,0.0049672272361134,-0.0643959077913822,1.2907142639160143,0.1054526566608688,0.5261832159997155,861570100,56.17172700125018,1,1,1
2015-01-02,VTRS,47.79964447021485,56.34999847412109,57.31999969482422,56.060001373291016,56.540000915527344,1398000,-0.00905054721106,-0.0062111532138163,1.3028569902692513,0.1014682969196141,0.4623220048201304,860172100,57.50916122000549,0,0,0
2015-01-05,VTRS,47.265235900878906,55.720001220703125,56.27999877929688,55.43000030517578,56.119998931884766,2996200,-0.0080761082749627,-0.0105886600800839,1.2657141004289885,0.0971971472939407,0.3567634743660903,857175900,61.81104461248489,0,0,0
2015-01-06,VTRS,45.95891189575195,54.18000030517578,56.83000183105469,53.77000045776367,56.209999084472656,6610900,0.0239940795448161,0.0075673651735461,1.3757141658237988,0.0954140091136718,0.1471461655139805,850565000,48.3809498897188,1,1,1
2015-01-07,VTRS,47.5960578918457,56.11000061035156,56.34999847412109,53.83000183105469,54.720001220703125,3663000,-0.0270896532031627,-0.0297630006322703,1.4342853001185805,0.0933844344613655,0.1351993391565358,854228000,61.11596124636614,0,0,0
2015-01-08,VTRS,48.05412292480469,56.650001525878906,57.290000915527344,56.34999847412109,56.68000030517578,3164000,-0.0690202955356663,-0.0430715335513558,1.3735711233956454,0.0934906367022536,0.1673755529167664,857392000,56.741047758484754,0,0,0
2015-01-09,VTRS,47.36702728271485,55.84000015258789,56.93999862670898,55.77000045776367,56.68000030517578,2193600,0.0028653267724729,0.0171919606348383,1.3435709817068897,0.0921330075547202,0.1260619293277329,855198400,44.81674058398073,1,1,1
2015-01-12,VTRS,46.88351821899414,55.27000045776367,56.4900016784668,54.93000030517578,55.93999862670898,2955100,-0.0025330086572989,0.0186357657095368,1.3642853328159856,0.0905065814223261,0.0467870414092956,852243300,38.13559801473993,0,0,0
2015-01-13,VTRS,47.06165313720703,55.47999954223633,56.68000030517578,54.810001373291016,56.0099983215332,2325700,-0.0160418060020149,-0.0043258447323314,1.4164278847830611,0.0795563185537172,0.0008959645489667,854569000,41.6848950018677,0,0,0
2015-01-14,VTRS,46.30669784545898,54.59000015258789,55.86000061035156,54.16999816894531,55.369998931884766,2420500,-0.0027477839432064,0.005495498007364,1.414999553135461,0.0791999080646221,-0.1060658955790714,852148500,39.6461896877703,0,0,0
2015-01-15,VTRS,44.73741149902344,52.7400016784668,55.65999984741211,52.68000030517578,55.0,4026100,0.0278725324084705,0.0077739824490659,1.5607139042445577,0.086686436690506,-0.3362374204459897,848122400,30.89430390019342,1,1,1
2015-01-16,VTRS,47.50274658203125,56.0,56.11000061035156,52.38999938964844,52.650001525878906,5626900,0.0142857006617955,-0.0501785959516254,1.7728568485804952,0.0855957851981593,-0.2526826245875426,853749300,44.16058820974271,1,1,1
2015-01-20,VTRS,46.7647590637207,55.130001068115234,56.33000183105469,54.36000061035156,56.0,3342500,0.0212225312221514,-0.0097950463461836,1.84714262826102,0.0862268413615942,-0.2537415155657498,850406800,41.07884211501026,1,1,1
2015-01-21,VTRS,46.30669784545898,54.59000015258789,55.5,54.310001373291016,55.02999877929688,2651600,0.0119069705818291,-0.0250961518236929,1.8721425192696688,0.0857049695400973,-0.2947564859119325,847755200,41.74279979025863,1,1,1
2015-01-22,VTRS,46.17945098876953,54.43999862670898,55.2599983215332,53.59999847412109,54.93999862670898,3947000,0.0082659951192336,-0.0025716273545192,1.9107140132359088,0.0867182142946395,-0.335497607353993,843808200,43.012307580116925,1,1,1
2015-01-23,VTRS,45.98435592651367,54.209999084472656,55.0,53.84999847412109,54.36000061035156,3120700,-0.0195535431930558,-0.0059029644019285,1.9028570992606024,0.0890518557538145,-0.381941496669576,840687500,42.3680459984034,0,0,0
2015-01-26,VTRS,48.18135833740234,56.79999923706055,57.040000915527344,54.02000045776367,54.02000045776367,6471800,-0.0635563496274862,-0.0669013959172933,2.0528572627476285,0.0884492777358554,-0.2073668508081567,847159300,53.3792179201974,0,0,0
2015-01-27,VTRS,47.75722122192383,56.29999923706055,56.97999954223633,55.65999984741211,56.630001068115234,3883100,-0.0303729859262061,-0.0413854004961274,1.9285714285714288,0.0832746003763975,-0.1081147282579522,843276200,57.09504393157954,0,0,0
2015-01-28,VTRS,46.85806655883789,55.2400016784668,56.5,55.130001068115234,56.400001525878906,3501900,-0.0365677117376173,-0.0267922395359107,1.8464287349155977,0.075658236334286,-0.1136792269083457,839774300,46.9083184554674,0,0,0
2015-01-29,VTRS,46.56117630004883,54.88999938964844,55.22999954223633,54.47999954223633,55.20000076293945,3470700,-0.0107487731672147,-0.0069229563188316,1.816428865705218,0.072040985544195,-0.1446637975868014,836303600,43.65993341318181,0,0,0
2015-01-30,VTRS,45.085205078125,53.150001525878906,55.0,53.0099983215332,54.25,6399400,0.0139228192384759,0.0507995648302577,1.8750005449567533,0.0779342297398836,-0.3060941164807431,829904200,40.918299247028415,1,1,1
2015-02-02,VTRS,45.1191291809082,53.18999862670898,53.84000015258789,52.209999084472656,53.54999923706055,4618800,-0.0035720742924323,0.0627937627152099,1.880000523158483,0.0816582425022206,-0.4258919580951925,834523000,42.717075909851246,0,0,0
2015-02-03,VTRS,46.30669784545898,54.59000015258789,54.66999816894531,52.310001373291016,52.81999969482422,5857600,-0.0113573718657586,0.0359039948524297,1.9150003705705925,0.0811645997241753,-0.4032161629014084,840380600,47.12346555156797,0,0,0
2015-02-04,VTRS,45.14458084106445,53.220001220703125,54.040000915527344,52.81999969482422,54.0099983215332,3370500,0.0101465067351409,0.0751597126691525,1.9207145145961224,0.0850496693839646,-0.4901428345905145,837010100,45.70533065307884,1,1,1
2015-02-05,VTRS,46.06069564819336,54.29999923706055,54.54999923706055,53.400001525878906,53.43999862670898,3989500,0.0038673865087153,0.0657458516571698,1.8028572627476291,0.08331068525957,-0.4665084155538608,840999600,55.13833435862795,1,1,1
2015-02-06,VTRS,45.7129135131836,53.88999938964844,54.4900016784668,53.54999923706055,54.22999954223633,1910900,0.0363703675389006,0.0697717977141547,1.604285921369281,0.0789036984686355,-0.4753816258964463,839088700,41.44362691562554,1,1,1
2015-02-09,VTRS,44.95795440673828,53.0,53.84000015258789,52.91999816894531,53.79999923706055,1491900,0.0666037505527714,0.0796226645415683,1.5328573499407097,0.0810351635484163,-0.5479132192035081,837596800,41.37651016516874,1,1,1
2015-02-10,VTRS,45.78076934814453,53.970001220703125,54.290000915527344,52.70000076293945,53.33000183105469,2149300,0.0478042979062918,0.0468778714484512,1.5614288875034887,0.0806923759405509,-0.5211169260494941,839746100,47.57433812140712,1,1,1
2015-02-11,VTRS,45.60262680053711,53.7599983215332,54.41999816894531,53.63999938964844,53.970001220703125,1566200,0.0643601749850508,0.0649181880102272,1.4985716683524,0.0797951505230303,-0.5109363928734325,838179900,47.352022978506994,1,1,1
2015-02-12,VTRS,46.23883438110352,54.5099983215332,54.540000915527344,53.84999847412109,54.16999816894531,1417600,0.061640079138,0.0517336928335125,1.4721431732177734,0.0797598085095495,-0.4373084948822381,839597500,51.12275190499346,1,1,1
2015-02-13,VTRS,47.37550735473633,55.84999847412109,55.9900016784668,54.31999969482422,54.56999969482422,2740900,0.0322292408403892,0.0365264274174084,1.3757147107805523,0.0776306673500741,-0.2677446481598196,842338400,46.077617612250855,1,1,1
2015-02-17,VTRS,47.95232391357422,56.52999877929688,56.72999954223633,55.130001068115234,55.130001068115234,2246900,0.012205951818611,-0.0192818003913897,1.395714623587472,0.0806517186295459,-0.07759922084864,844585300,50.9357184560312,1,1,1
2015-02-18,VTRS,47.96928405761719,56.54999923706055,56.720001220703125,56.040000915527344,56.650001525878906,1890700,-0.0008841598184811,-0.0166224339414835,1.3464290073939733,0.0861444839660395,0.0738549165056383,846476000,55.82221137152778,0,0,0
2015-02-19,VTRS,48.53762435913086,57.220001220703125,57.36000061035156,56.310001373291016,56.369998931884766,2865500,0.0005242708608335,-0.0092625407669929,1.3671430860246931,0.0951541440690631,0.2451213656463693,849341500,60.06915251733759,1,1,1
2015-02-20,VTRS,49.0890007019043,57.869998931884766,57.900001525878906,56.86000061035156,57.27999877929688,3163100,-0.0093312097943129,-0.0419906747887794,1.299285888671875,0.1064896165122804,0.428362744461765,852504600,72.51907257716664,0,0,0
2015-02-23,VTRS,48.902381896972656,57.650001525878906,58.02999877929688,57.40999984741211,58.0,1988200,0.0041630157401089,-0.0331309591822771,1.2271428789411278,0.1135125009334744,0.549496649955266,850516400,70.91933847565986,1,1,1
2015-02-24,VTRS,48.53762435913086,57.220001220703125,57.83000183105469,57.11000061035156,57.7400016784668,1952500,-0.031108048864391,-0.0333799337061363,1.1100003378731869,0.1152810908823745,0.6038380427358092,848563900,63.5706988691724,0,0,0
2015-02-25,VTRS,47.9268798828125,56.5,57.31999969482422,56.09999847412109,57.11000061035156,3365300,-0.0157522015866979,0.0442477876106195,1.0707146780831482,0.1158291888806315,0.5820958679894233,845198600,68.14158433138576,0,0,0
2015-02-26,VTRS,48.563087463378906,57.25,57.27999877929688,56.18000030517578,56.5,2029500,-0.0097816833762623,0.0882095936604463,1.0542861393519825,0.1202615594073971,0.6182568892794151,847228100,66.93455672225203,0,0,0
2015-02-27,VTRS,48.63094329833984,57.33000183105469,58.369998931884766,56.88999938964844,57.91999816894531,5229200,-0.0329670878071022,0.0423861226734205,1.0928573608398453,0.1241344005405965,0.6459244236587907,852457300,70.52506227330332,0,0,0
2015-03-02,VTRS,49.1059684753418,57.88999938964844,58.36000061035156,57.04999923706055,58.0,3572800,-0.037139363168936,0.0583866143332456,1.1171430860246947,0.1238432300572779,0.7049124746568509,856030100,80.37265550216561,0,0,0
2015-03-03,VTRS,47.02772521972656,55.43999862670898,57.20000076293945,55.0,56.7599983215332,6511100,-0.0023448278614374,0.1313131813550749,1.210000174386162,0.1170625928349053,0.5476533372310257,849519000,57.712471174626174,0,0,0
2015-03-04,VTRS,47.17192840576172,55.61000061035156,55.95000076293945,54.88999938964844,55.790000915527344,3810100,0.0609602473015871,0.1681351981927623,1.230000359671458,0.1154830201392576,0.4317649594560038,853329100,59.74711254802034,1,1,1
2015-03-05,VTRS,48.08805084228516,56.68999862670898,58.2599983215332,56.09000015258789,56.2599983215332,4946800,0.0989592652363986,0.1278885195912533,1.3635714394705651,0.1078903429238838,0.4222025113991776,858275900,61.099798232808375,1,1,1
2015-03-06,VTRS,47.02772521972656,55.43999862670898,56.63999938964844,55.16999816894531,56.43000030517578,2302200,0.0779220743476534,0.1374459403920511,1.3528570447649284,0.1047436344422049,0.3101840405694744,855973700,47.89311476515304,1,1,1
2015-03-09,VTRS,47.28219604492188,55.7400016784668,56.0,55.13999938964844,55.7599983215332,1852800,0.0992105958517255,0.1352708445242638,1.3000000544956762,0.0988388405809688,0.2428172878879095,857826500,45.77541760725107,1,1,1
2015-03-10,VTRS,46.91745376586914,55.310001373291016,55.95000076293945,54.810001373291016,55.27000045776367,2784600,0.1339721508484788,0.1406616992610274,1.332857131958009,0.085939553509722,0.1529679013240823,855041900,43.64755331780878,1,1,1
2015-03-11,VTRS,50.04754257202149,59.0,59.91999816894531,55.25,55.63999938964844,12635300,0.1010169336351298,0.0377966024107851,1.591428484235492,0.087637105458333,0.375188723653153,867677200,56.96400214912543,1,1,1
2015-03-12,VTRS,52.8468017578125,62.29999923706055,62.45000076293945,59.04999923706055,59.06999969482422,11356400,0.0263242280855895,-0.0067415437253403,1.7635713304792142,0.1151417180615154,0.8082655039482489,879033600,64.35515300569955,1,1,1
2015-03-13,VTRS,50.69221496582031,59.7599983215332,61.38999938964844,59.18999862670898,61.2599983215332,7191100,0.0552209361520132,0.0312918808417739,1.9414285932268425,0.1158263085893418,0.935738515146511,871842500,55.94365166813989,1,1,1
2015-03-16,VTRS,51.97309875488281,61.27000045776367,61.29999923706055,59.93999862670898,60.36000061035156,5429200,0.0328055868535335,-0.0207279328917117,2.000000000000001,0.1289221692577241,1.145402856552181,877271700,60.75411052246345,1,1,1
2015-03-17,VTRS,53.20308303833008,62.720001220703125,62.84000015258789,60.470001220703125,60.470001220703125,3630300,0.0058992175491641,-0.0537309100923556,2.082142693655832,0.1500301236883422,1.4122863432264197,880902000,65.89979440425404,1,1,1
2015-03-18,VTRS,55.10318756103516,64.95999908447266,65.62999725341797,62.060001373291016,62.40999984741211,6325200,-0.0574199445013217,-0.1080665110329668,2.258571079799107,0.1826214894651973,1.783977949061331,887227200,68.31353436271549,0,0,0
2015-03-19,VTRS,54.23796081542969,63.93999862670898,64.75,62.900001525878906,64.44000244140625,4970500,-0.0322176666067872,-0.0913356314985657,2.299999509538923,0.2001247778901956,1.9734915302322025,882256700,65.0295504573039,0,0,0
2015-03-20,VTRS,53.49148941040039,63.060001373291016,64.56999969482422,63.060001373291016,64.37000274658203,5246000,-0.0226768200766557,-0.0726292694467739,2.314285005841936,0.2100593441232164,2.029281688652013,877010700,61.5867361394069,0,0,0
2015-03-23,VTRS,53.678104400634766,63.27999877929688,64.30000305175781,62.11000061035156,63.150001525878906,3974300,-0.0518331043389651,-0.0586283052471621,2.264285223824637,0.2185490209785155,2.067415860102173,880985000,69.52191465905857,0,0,0
2015-03-24,VTRS,53.516937255859375,63.09000015258789,64.05999755859375,62.93999862670898,63.040000915527344,3973500,-0.0592804195501874,0.0835314700430778,2.2685707637241914,0.2233557645012845,2.058576179647851,877011500,68.60696897929111,0,0,0
2015-03-25,VTRS,51.93915557861328,61.22999954223633,63.970001220703125,60.93000030517578,62.880001068115234,4423900,-0.0537318461558686,0.1448636125787696,2.29642813546317,0.2196599456904955,1.8798148294103212,872587600,60.87165113200426,0,0,0
2015-03-26,VTRS,52.49053955078125,61.880001068115234,63.02000045776367,60.02000045776367,60.40999984741211,5428000,-0.0610860137160188,0.1351001398085289,2.4021423884800512,0.2182585061283725,1.770189222833814,878015600,65.87771900652336,0,0,0
2015-03-27,VTRS,52.27847671508789,61.630001068115234,62.45000076293945,61.290000915527344,61.880001068115234,4801400,-0.0511114955587528,0.1124451788150917,2.4235709054129475,0.2156040796856924,1.644184098332751,873214200,64.55758930692801,0,0,0
2015-03-30,VTRS,50.89579772949219,60.0,60.060001373291016,57.619998931884766,58.79999923706055,9994100,-0.0071666717529297,0.1436667124430337,2.628571101597378,0.212781889986887,1.396696418736319,863220100,60.94260241431392,0,0,0
2015-03-31,VTRS,50.34442901611328,59.34999847412109,60.40999984741211,58.900001525878906,59.560001373291016,8447300,0.1518113288605926,0.1250210338620434,2.4028568267822275,0.2003318653319925,1.1350270731848229,854772800,50.95160001559896,1,1,1
2015-04-01,VTRS,49.14837646484375,57.93999862670898,58.52000045776367,57.459999084472656,58.43999862670898,35152900,0.2098722840115263,0.1534346464455667,2.29142815726144,0.1905436958749363,0.8046020759000925,819619900,36.787876938328594,1,1,1
2015-04-02,VTRS,49.28410339355469,58.09999847412109,58.650001525878906,58.02000045776367,58.369998931884766,8827700,0.2089500810409805,0.2017211967040491,2.1199997493198945,0.1852843440463533,0.5493163584375225,828447600,44.12181312682814,1,1,1
2015-04-06,VTRS,49.60643768310547,58.47999954223633,58.77000045776367,58.0,58.119998931884766,10176600,0.1723665884962479,0.1636457521277798,2.064999716622489,0.1713980394805872,0.3733596409767585,838624200,39.26096468688058,1,1,1
2015-04-07,VTRS,50.53105163574219,59.56999969482422,59.7400016784668,58.400001525878906,58.97999954223633,13511100,0.1519221604519183,0.2434111142233201,1.991428375244141,0.1551549795889815,0.318198582306799,852135300,37.529682458852335,1,1,1
2015-04-08,VTRS,57.98728942871094,68.36000061035156,70.20999908447266,60.0,60.16999816894531,50879200,-0.0232592737432536,0.0590989011038067,2.496428625924247,0.1650392035299858,0.972551688207929,903014500,58.86340321110787,0,0,0
2015-04-09,VTRS,59.4632568359375,70.0999984741211,72.62000274658203,67.51000213623047,67.94999694824219,26635300,-0.0466475993472894,0.0512126112044137,2.7142859867640907,0.1988963046097625,1.6129415387934785,929649800,65.47738833143397,0,0,0
2015-04-10,VTRS,59.58201599121094,70.23999786376953,70.44000244140625,68.30000305175781,69.87000274658203,10947200,-0.005979472974357,0.0828587681069141,2.759286063058036,0.228376223482142,2.107458421032817,940597000,68.73694297405824,0,0,0
2015-04-13,VTRS,58.15692138671875,68.55999755859375,71.0999984741211,68.31999969482422,69.72000122070312,7770100,-0.0074386599328577,0.0460910702251518,2.8014286586216524,0.2382019185708039,2.336866684242977,932826900,62.80309911736572,0,0,0
2015-04-14,VTRS,58.20783615112305,68.62000274658203,69.37000274658203,67.75,68.36000061035156,6172500,0.0794228611206759,0.0596035583530247,2.837143216814314,0.2481701132313957,2.494758282275725,938999400,63.494387705994015,1,1,1
2015-04-15,VTRS,56.6385383605957,66.7699966430664,68.73999786376953,66.70999908447266,68.48999786376953,8302200,0.0843193824452159,0.1157706117353278,2.765000207083566,0.2518529197978295,2.44245339746508,930697200,63.52537377207535,1,1,1
2015-04-16,VTRS,56.68943786621094,66.83000183105469,68.47000122070312,66.1500015258789,67.0199966430664,9038600,0.1026485174681506,0.081250937549018,2.716428756713867,0.2549786762009834,2.378426298749652,939735800,62.44342928115942,1,1,1
2015-04-17,VTRS,59.22576522827149,69.81999969482422,72.16000366210938,66.30999755859375,66.4800033569336,19396800,0.0893726423810354,0.0582927486767939,3.051429203578404,0.2678799340740967,2.539676392321745,959132600,68.09543243009524,1,1,1
2015-04-20,VTRS,57.72431945800781,68.05000305175781,69.80999755859375,67.20999908447266,69.63999938964844,9735700,0.0539309038113335,0.0734753824507117,2.9514290945870534,0.2725471605556627,2.4958734412026047,949396900,67.67676513840959,1,1,1
2015-04-21,VTRS,62.83085632324219,74.06999969482422,74.9000015258789,72.98999786376953,74.30000305175781,42315800,-0.0183610181713905,-0.0159308803839273,3.33285767691476,0.3014285574810795,2.913339540015372,991712700,76.1549352328551,0,0,0
2015-04-22,VTRS,61.41427993774414,72.4000015258789,75.4000015258789,71.12000274658203,75.0,19062800,0.0290055031748923,-0.0186463873711183,3.503571919032506,0.3157203231320584,3.073994441106493,972649900,75.45774679575564,1,1,1
2015-04-23,VTRS,62.50852966308594,73.69000244140625,73.81999969482422,72.01000213623047,72.33000183105469,10276900,-0.0194056216284268,-0.0447822356144141,3.5821429661342075,0.3274951061229954,3.267738445865461,982926800,76.39688551286031,0,0,0
2015-04-24,VTRS,64.51890563964844,76.05999755859375,76.69000244140625,72.70999908447266,73.58000183105469,12236800,-0.0285300846515755,-0.0624506988228704,3.811428887503488,0.3461878969382302,3.571352436767171,995163600,77.8870522859198,0,0,0
2015-04-27,VTRS,60.83744430541992,71.72000122070312,75.4000015258789,71.20999908447266,75.4000015258789,20059700,0.0185443643114546,-0.001254935384178,4.062143053327288,0.34353018126747,3.42231693901779,975103900,67.47196246609616,1,1,1
2015-04-28,VTRS,61.67722702026367,72.70999908447266,74.12999725341797,71.44999694824219,72.5,9460700,0.0024755921804737,-0.0327327366715126,3.4935716901506697,0.3343629145760406,3.345524661377894,984564600,58.06451521650145,1,1,1
2015-04-29,VTRS,63.19562911987305,74.5,74.72000122070312,72.06999969482422,72.4800033569336,10419900,-0.0463086838690226,-0.0489933090722001,3.317857469831194,0.3225027652185472,3.3900262301479245,994984500,58.1421207855849,0,0,0
2015-04-30,VTRS,61.295536041259766,72.26000213623047,75.26000213623047,71.12999725341797,74.44999694824219,8070800,-0.0258788083490026,-0.0101024541288737,3.4600007193429128,0.2908955708792449,3.20757006577648,986913700,53.46841451094316,0,0,0
2015-05-01,VTRS,62.67818069458008,73.88999938964844,74.61000061035156,72.27999877929688,72.72000122070312,8592100,-0.0349167932381405,-0.043578308936273,3.429286411830357,0.2546964355902089,3.158094845350405,995505800,59.16753231142636,0,0,0
2015-05-04,VTRS,61.96562957763672,73.05000305175781,74.2300033569336,72.94000244140625,74.19999694824219,5087600,-0.0194388191515026,-0.0228611324924463,3.405714852469308,0.2068264079262738,3.0163342685426926,990418200,57.42044019458673,0,0,0
2015-05-05,VTRS,61.82991790771485,72.88999938964844,73.76000213623047,72.31999969482422,73.2300033569336,5803900,-0.0351213826317758,-0.0211277394487953,3.363572256905692,0.1495967067052163,2.85813028496618,984614300,60.86648956850272,0,0,0
2015-05-06,VTRS,60.26911163330078,71.05000305175781,73.8499984741211,70.38999938964844,73.08999633789062,10831900,-0.0028149833785513,-0.0084448427550177,3.445000784737723,0.1447400846310575,2.5548296750392723,973782400,57.04743683701417,0,0,0
2015-05-07,VTRS,59.70925521850586,70.38999938964844,71.72000122070312,69.62000274658203,71.05000305175781,9584800,0.0161954737822611,-0.0063929102449795,3.177143096923828,0.1443558502863223,2.235436259172829,964197600,51.032234977804,1,1,1
2015-05-08,VTRS,60.48965835571289,71.30999755859375,71.5199966430664,69.7300033569336,71.0999984741211,10074200,-0.0089748900793688,-0.0231383249610773,3.118571145193917,0.1435128785003969,2.0331143626785604,974271800,56.09117532681546,0,0,0
2015-05-11,VTRS,60.76110458374024,71.62999725341797,71.94999694824219,70.30999755859375,71.27999877929688,6188300,-0.0034901578889572,-0.0150774011318089,2.7464283534458707,0.1383928515307616,1.876957703044468,980460100,44.20701687524952,0,0,0
2015-05-12,VTRS,59.65836715698242,70.33000183105469,71.41000366210938,69.8499984741211,70.98999786376953,4219400,0.0145030089081559,0.024313934877755,2.567856924874442,0.134014996276256,1.6295195718828666,976240700,44.99757916749174,1,1,1
2015-05-13,VTRS,60.09946060180664,70.8499984741211,71.19999694824219,70.05999755859375,70.37000274658203,3237100,-0.0056457520747161,0.0258292430552855,2.51999991280692,0.1188024989952405,1.458568978289961,979477800,42.87146713975099,0,0,0
2015-05-14,VTRS,60.6762809753418,71.52999877929688,71.68000030517578,70.12999725341797,71.29000091552734,4671600,-0.0222283848039267,0.015378141938952,2.346428462437221,0.0997735951113931,1.3622564979301757,984149400,37.5754151600375,0,0,0
2015-05-15,VTRS,59.94678115844727,70.66999816894531,71.9800033569336,70.58999633789062,71.2300033569336,3418900,-0.0142917013301941,0.0374982537786934,2.099286215645926,0.0972125869081348,1.2026696740540928,980730500,46.44066393904754,0,0,0
2015-05-18,VTRS,60.549049377441406,71.37999725341797,71.41999816894531,69.5,70.44999694824219,7446300,-0.0116278261921677,0.012608595692203,2.0450003487723216,0.0826974101736168,1.1205697284788556,988176800,45.40427394140071,0,0,0
2015-05-19,VTRS,60.52359771728516,71.3499984741211,71.69000244140625,70.27999877929688,70.27999877929688,4109900,0.0096706721256134,0.0145760467802189,1.9564290727887836,0.080506363663858,1.0410833188850717,984066900,37.60816076133171,1,1,1
2015-05-20,VTRS,59.76015472412109,70.44999694824219,71.54000091552734,70.23999786376953,71.5,3963200,0.0316537040955717,0.0545068010450917,1.7542860848563058,0.0832146130433765,0.8951484509693017,980103700,42.0404257703382,1,1,1
2015-05-21,VTRS,59.32754135131836,69.94000244140625,71.02999877929688,69.75,70.16000366210938,4578300,0.0384614629412591,0.0600514269607128,1.6778575352260046,0.0846521433254641,0.7299275715615323,975525400,30.73169351969429,1,1,1
2015-05-22,VTRS,59.09002685546875,69.66000366210938,70.55000305175781,69.48999786376953,70.0,4333800,0.052540853291767,0.0572781747632873,1.6614292689732142,0.0706236197293938,0.5698266657390292,971191600,32.50771994967269,1,1,1
2015-05-26,VTRS,59.84497833251953,70.55000305175781,71.05000305175781,69.48999786376953,69.5,5445400,0.0245215542552121,0.0460666174261634,1.6700008937290736,0.0717445570674727,0.5088948342461919,976637000,38.77159224699949,1,1,1
2015-05-27,VTRS,61.10889434814453,72.04000091552734,72.4800033569336,70.56999969482422,70.58999633789062,6467300,0.0048583907505983,0.0280399308355785,1.5607152666364397,0.0704920670168909,0.5742170769471358,983104300,54.915587854470026,1,1,1
2015-05-28,VTRS,61.65178680419922,72.68000030517578,73.1500015258789,72.08000183105469,72.5,4730200,0.0221519070389561,0.0196752930540913,1.4900011335100447,0.0612684387370928,0.6699057702381026,987834500,61.39306186805904,1,1,1
2015-05-29,VTRS,61.6093635559082,72.62999725341797,73.86000061035156,72.55999755859375,72.7300033569336,7327900,0.0207903372343774,0.0147322006786096,1.4550018310546875,0.0622309137809911,0.7332524429584453,980506600,57.18955253278858,1,1,1
2015-06-01,VTRS,62.194671630859375,73.31999969482422,73.76000213623047,72.4000015258789,72.41999816894531,3337300,0.0045008433228073,0.0036824419556764,1.4350019182477678,0.0590001365252165,0.829569803601288,983843900,58.84819163146223,1,1,1
2015-06-02,VTRS,61.31246566772461,72.27999877929688,73.30000305175781,72.05000305175781,72.9000015258789,2888900,0.0210293898468674,-0.0031820106727082,1.3985731942313058,0.056305570473533,0.8126153002611574,980955000,60.49514724167212,1,1,1
2015-06-03,VTRS,61.4057846069336,72.38999938964844,73.25,72.1500015258789,72.62000274658203,3784900,0.023069459635665,-0.0160242580811613,1.3957159859793526,0.0544714983256662,0.7988462617148997,984739900,58.671179008161225,1,1,1
2015-06-04,VTRS,63.01749038696289,74.29000091552734,74.66000366210938,71.30999755859375,72.0,8875100,-0.0024229412162809,-0.0232871629507814,1.5242876325334822,0.0651121726958865,0.9305219656394854,993615000,63.66337897625596,0,0,0
2015-06-05,VTRS,62.89024353027344,74.13999938964844,74.62000274658203,73.31999969482422,74.47000122070312,7507800,-0.0059347510794245,-0.0339897041247919,1.5178587777273995,0.0708574134696678,1.011116518323519,986107200,68.47711100241638,0,0,0
2015-06-08,VTRS,62.474605560302734,73.6500015258789,74.37999725341797,73.4800033569336,74.01000213623047,4937900,-0.0008147343753577,-0.0302783884688722,1.4450013296944757,0.0744960092353358,1.0236495545892268,981169300,62.37734310650371,0,0,0
2015-06-09,VTRS,62.60183334350586,73.80000305175781,74.18000030517578,73.43000030517578,73.77999877929688,3633500,-0.0237127361468085,-0.0376694619747064,1.3978582109723772,0.078224873095633,1.0337692966955672,984802800,63.186245081751125,0,0,0
2015-06-10,VTRS,62.82237243652344,74.05999755859375,74.25,73.37999725341797,73.87999725341797,4535000,-0.0382121832966732,-0.0432081697776246,1.3671439034598214,0.0795188928076714,1.0506573254245382,989337800,70.86707027515232,0,0,0
2015-06-11,VTRS,62.86480331420898,74.11000061035156,74.33000183105469,73.62999725341797,74.18000030517578,3743700,-0.0209148973012059,-0.0506004583607601,1.3257157461983815,0.0813021706148101,1.0559042315441474,993081500,75.45785669039013,0,0,0
2015-06-12,VTRS,62.51700592041016,73.69999694824219,74.4000015258789,73.18000030517578,74.0199966430664,3552400,-0.0282224462386462,-0.0629579319101871,1.337144034249442,0.082455904410021,1.0152751139306275,989529100,74.27878443311448,0,0,0
2015-06-15,VTRS,62.42368698120117,73.58999633789062,73.7699966430664,72.55999755859375,73.63999938964844,3121500,-0.0294876787190163,-0.0809892564351701,1.31214359828404,0.0806671568465671,0.963098119944064,986407600,70.15908382610667,0,0,0
2015-06-16,VTRS,61.11738967895508,72.05000305175781,73.01000213623047,71.58000183105469,72.88999938964844,8753500,-0.0142957163784086,-0.058154091102485,1.3178574698311942,0.0796097718654953,0.7883947642808238,977654100,50.065890191056425,0,0,0
2015-06-17,VTRS,60.42179107666016,71.2300033569336,72.8499984741211,71.18000030517578,72.23999786376953,4491700,-0.0051944788592518,-0.0214798025633179,1.3578572954450334,0.0799003046590923,0.5771212790398152,973162400,40.66926543797807,0,0,0
2015-06-18,VTRS,61.54998016357422,72.55999755859375,72.98999786376953,71.5,71.72000122070312,5491800,-0.0303196943531542,-0.0336272725208042,1.390713827950614,0.0753467050664642,0.5111131425413902,978654200,49.61326115894355,0,0,0
2015-06-19,VTRS,60.75262069702149,71.62000274658203,72.87000274658203,71.44000244140625,72.33999633789062,10459800,-0.0357442765961141,-0.0121474827313317,1.3957138061523438,0.0685599487842217,0.3785873737563037,968194400,40.86021946433377,0,0,0
2015-06-22,VTRS,60.58296585083008,71.41999816894531,72.26000213623047,71.33000183105469,71.94999694824219,2289100,-0.0530663821435842,0.0009801133662679,1.3714283534458704,0.0592362076440069,0.2544874760789497,965905300,44.91724894216444,0,0,0
2015-06-23,VTRS,60.2436637878418,71.0199966430664,72.0,70.56999969482422,71.9800033569336,3040600,-0.0444944548307487,-0.0290058808218046,1.3949999128069197,0.0567321742715712,0.1224491157080081,962864700,42.171406050681895,0,0,0
2015-06-24,VTRS,60.10793685913086,70.86000061035156,71.44999694824219,70.5999984741211,71.0199966430664,4750800,-0.0163703591887905,-0.0071973205170416,1.216427939278739,0.0608678815184273,0.0048416100645596,958113900,25.5349020965093,0,0,0
2015-06-25,VTRS,59.683815002441406,70.36000061035156,71.20999908447266,69.8499984741211,70.9000015258789,2530800,-0.0034109986027234,0.0122228624629237,1.2207134791782923,0.0674905337510995,-0.1272422374916146,955583100,24.32060935763687,0,0,0
2015-06-26,VTRS,58.58107376098633,69.05999755859375,70.86000061035156,69.01000213623047,70.68000030517578,9251200,0.0244715102975838,0.028960325379437,1.2885709490094863,0.0802967367497853,-0.3329806266004453,946331900,21.909367917471712,1,1,1
2015-06-29,VTRS,57.368045806884766,67.62999725341797,68.98999786376953,67.33000183105469,68.1500015258789,4020800,0.0570752738002882,0.0560402346509898,1.3585706438337053,0.0987149994063247,-0.6044511196017055,942311100,17.354429776793538,1,1,1
2015-06-30,VTRS,57.56315994262695,67.86000061035156,68.45999908447266,67.37000274658203,68.27999877929688,4672800,0.0162098211645653,0.0324196423291307,1.3742844717843192,0.1120249714269391,-0.7919054988119569,946983900,17.091304918287705,1,1,1
2015-07-01,VTRS,59.12394332885742,69.69999694824219,69.76000213623047,67.91999816894531,68.5199966430664,3595400,0.0093257037925207,-0.018077396872364,1.459998539515904,0.1153778304825099,-0.7829665666941281,950579300,30.33003111651953,1,1,1
2015-07-02,VTRS,59.48022079467773,70.12000274658203,70.41000366210938,69.33999633789062,69.66999816894531,2574100,0.0156873706650662,-0.0235311104000111,1.4492846897670202,0.1130201468091193,-0.7335356978830134,953153400,34.046362537883496,1,1,1
2015-07-06,VTRS,60.01462936401367,70.75,73.9000015258789,69.0,69.13999938964844,8299800,0.0043815909341873,-0.0532861716334474,1.7128562927246094,0.1089737771178728,-0.6361922368850372,961453200,37.90460519475118,1,1,1
2015-07-07,VTRS,60.64234161376953,71.48999786376953,71.58000183105469,69.5999984741211,71.20999908447266,4377300,-0.000979153684654,-0.0598684977925554,1.7107140677315849,0.1054483247134406,-0.4936447699120236,965830500,47.44056008429997,0,0,0
2015-07-08,VTRS,58.49624633789063,68.95999908447266,71.98999786376953,68.88999938964844,71.22000122070312,4609200,0.015951254186846,-0.0153711944992241,1.812856946672712,0.1047049598084251,-0.5781599645646622,961221300,41.02764676790949,1,1,1
2015-07-09,VTRS,59.675323486328125,70.3499984741211,70.52999877929688,68.63999938964844,69.70999908447266,4417700,-0.0271499086587394,-0.0538735038767844,1.822143009730748,0.0980606862181198,-0.5269037131716914,965639000,41.306061197232765,0,0,0
2015-07-10,VTRS,60.4133186340332,71.22000122070312,72.98999786376953,70.62999725341797,71.37000274658203,5804400,-0.0386127485659266,-0.0741364601066872,1.908571515764509,0.0893287530249365,-0.4113391522313634,971443400,48.41771636172243,0,0,0
2015-07-13,VTRS,60.277591705322266,71.05999755859375,71.7300033569336,70.11000061035156,71.5999984741211,4221800,-0.0574161883174274,-0.2067266975993925,1.957857404436384,0.0812239175452276,-0.3288733165377664,967221600,48.57142684140797,0,0,0
2015-07-14,VTRS,60.58296585083008,71.41999816894531,71.94999694824219,70.5,71.08000183105469,4323100,-0.0589470623411922,-0.2110053217752241,1.9592857360839844,0.0726785995354495,-0.2317974898376604,971544700,51.59236210452145,0,0,0
2015-07-15,VTRS,59.42933654785156,70.05999755859375,71.41999816894531,68.27999877929688,71.19999694824219,4503300,-0.0308306609760921,-0.1829859595613762,2.122857230050223,0.0702335961141073,-0.2615894408005488,967041400,47.09301422969784,0,0,0
2015-07-16,VTRS,58.055137634277344,68.44000244140625,70.80999755859375,68.05000305175781,70.45999908447266,8371300,-0.0274693865538949,-0.1766511329048506,2.2228567940848216,0.0737128991550168,-0.4111800163926773,958670100,43.54839536657998,0,0,0
2015-07-17,VTRS,58.080596923828125,68.47000122070312,69.01000213623047,68.0,68.4000015258789,5457700,-0.0369504707783163,-0.1822695971920441,2.1628570556640625,0.0709937911991888,-0.5213017326375535,964127800,47.83248967144835,0,0,0
2015-07-20,VTRS,56.81668472290039,66.9800033569336,68.44999694824219,66.76000213623047,68.31999969482422,6750900,-0.1584055523035519,-0.1758734249566845,2.1614287240164622,0.0781293731625151,-0.7204988985131706,957376900,47.62255309601653,0,0,0
2015-07-21,VTRS,57.01178359985352,67.20999908447266,67.61000061035156,66.5999984741211,67.61000061035156,3688800,-0.1615831090356394,-0.1865793942321958,2.155714852469308,0.0821816874568015,-0.8500070029309654,961065700,47.62252386350128,0,0,0
2015-07-22,VTRS,57.59708404541016,67.9000015258789,68.08999633789062,66.69000244140625,67.19999694824219,3492600,-0.1569955759625312,-0.195876329202861,2.12000002179827,0.0830721759437307,-0.8867438472152855,964558300,42.81151795132421,0,0,0
2015-07-23,VTRS,56.46040725708008,66.55999755859375,68.04000091552734,66.36000061035156,66.98999786376953,5788100,-0.1533954245639004,-0.1676682157761579,2.1635709490094865,0.0889664375929738,-1.012315835458338,958770200,36.75592796804281,0,0,0
2015-07-24,VTRS,55.93448257446289,65.94000244140625,67.33999633789062,65.45999908447266,66.44000244140625,5386300,-0.1508947587889603,-0.1454352989417426,1.94785635811942,0.0973526805558625,-1.1486203844790026,953383900,32.09232992633058,0,0,0
2015-07-27,VTRS,47.81660461425781,56.369998931884766,57.58000183105469,55.400001525878906,56.040000915527344,34543200,-0.0207556890387579,0.0205783194854023,2.5592847551618303,0.1891831849497189,-2.005741090203685,918840700,16.037735687386743,0,0,0
2015-07-28,VTRS,47.79964447021485,56.34999847412109,57.0,53.810001373291016,56.7400016784668,17876400,-0.0298136708193048,0.0138421049709942,2.565713337489537,0.245968319581623,-2.656012436445451,900964300,18.07594782189477,0,0,0
2015-07-29,VTRS,48.554595947265625,57.2400016784668,58.04999923706055,55.619998931884766,56.5,16199800,-0.0461216479198471,-0.0328441826168303,2.604284831455776,0.2834935631215092,-3.06421893430592,917164100,15.9480670189663,0,0,0
2015-07-30,VTRS,47.79964447021485,56.34999847412109,57.59999847412109,56.34000015258789,57.400001525878906,9049100,-0.0168588637793569,-0.0377994198952138,2.505713326590401,0.3179186323128049,-3.4201163727563118,908115000,11.416711339724571,0,0,0
2015-07-31,VTRS,47.494258880615234,55.9900016784668,56.63999938964844,55.61000061035156,56.47999954223633,5640900,0.0064296621693573,-0.029112359693715,2.463570186070033,0.3466398636336539,-3.688695405124264,902474100,11.299440452215109,1,1,1
2015-08-03,VTRS,46.82415008544922,55.20000076293945,56.72999954223633,54.97999954223633,55.88999938964844,6919300,0.042210108408581,0.0052536397014335,2.484998975481305,0.3717821352611267,-3.920104174114172,895554800,9.246232986016947,1,1,1
2015-08-04,VTRS,46.37455749511719,54.66999816894531,55.38999938964844,53.88999938964844,54.93000030517578,7903000,0.0449973108023131,0.0197549271488393,2.3678561619349883,0.3908525827407351,-4.099013198067453,887651800,9.648663775738228,1,1,1
2015-08-05,VTRS,46.31518173217773,54.59999847412109,55.15999984741211,54.09999847412109,55.0,8430600,0.0139194534335143,0.0089743899663119,2.2464280809674944,0.4107443731386768,-4.198055705902107,879221200,10.502281414851735,1,1,1
2015-08-06,VTRS,46.99379348754883,55.400001525878906,55.9900016784668,52.59000015258789,55.34999847412109,16214400,-0.0212996439111029,-0.0427798317925123,2.41714232308524,0.418314505597761,-4.163994114396985,895435600,14.270110473914968,0,0,0
2015-08-07,VTRS,47.79964447021485,56.34999847412109,56.40999984741211,55.15999984741211,55.900001525878906,9934400,-0.0353149586096872,-0.0860691855448489,2.384285245622908,0.4138576349376204,-4.014071525587063,905370000,20.056337144303825,0,0,0
2015-08-10,VTRS,48.80059051513672,57.52999877929688,57.810001373291016,56.81999969482422,56.97999954223633,9656100,-0.0354597104835019,-0.1341908147021208,2.41642815726144,0.4008844830246695,-3.756735324532947,915026100,24.117663138380067,0,0,0
2015-08-11,VTRS,48.46128845214844,57.130001068115234,57.77000045776367,56.41999816894531,57.380001068115234,7071000,-0.0241554532174763,-0.1403815912448793,2.4128573281424397,0.3805229206622263,-3.5442154935502472,907955100,20.749603248852708,0,0,0
2015-08-12,VTRS,46.95986175537109,55.36000061035156,56.84000015258789,54.22999954223633,56.25,10441700,-0.0048771758451386,-0.0764089504263006,2.5000002724783768,0.3647966665176044,-3.478518050025855,897513400,20.276022850922782,0,0,0
2015-08-13,VTRS,45.99283981323242,54.220001220703125,55.400001525878906,54.16999816894531,55.09000015258789,5794600,-0.0219476653377842,-0.0503504146214205,2.453572137015207,0.3541068525797794,-3.478344584900057,891718800,19.73141468854868,0,0,0
2015-08-14,VTRS,46.111595153808594,54.36000061035156,56.130001068115234,53.68000030517578,56.0,6859100,-0.0526122255010965,-0.0733995885516417,1.875714983258929,0.3348713015848611,-3.427401382166863,898577900,39.879166729092496,0,0,0
2015-08-17,VTRS,47.07013702392578,55.4900016784668,55.560001373291016,54.04999923706055,54.369998931884766,6530700,-0.1023607881305928,-0.1063254883297009,1.7557152339390352,0.3135726907900024,-3.258287375934607,905108600,46.10508864502638,0,0,0
2015-08-18,VTRS,47.29068756103516,55.75,56.43999862670898,54.84999847412109,55.65999984741211,9083500,-0.1191031280654428,-0.1338116427708099,1.6957152230399,0.2818279423664244,-3.067918560491478,914192100,42.84341162196461,0,0,0
2015-08-19,VTRS,46.7308349609375,55.09000015258789,55.72999954223633,54.68999862670898,55.65999984741211,6790900,-0.0718823574787489,-0.1174442040802788,1.6814297267368876,0.2311228173067877,-2.93645672926273,907401200,43.81140100238892,0,0,0
2015-08-20,VTRS,44.98340606689453,53.02999877929688,54.83000183105469,53.02000045776367,54.5,8020800,-0.0290401119419091,-0.1057891898828731,1.755715506417412,0.1782853421164638,-2.964326267573824,899380400,37.54207646026957,0,0,0
2015-08-21,VTRS,43.68556594848633,51.5,53.13999938964844,51.20000076293945,52.36000061035156,8589100,-0.0219417683129171,-0.0669903060764942,1.7692868368966257,0.1016685134358953,-3.074431064683708,890791300,35.340724738132536,0,0,0
2015-08-24,VTRS,42.25199890136719,49.810001373291016,51.2599983215332,45.5,47.880001068115234,10869300,-0.0044168081637735,-0.0218831584528397,2.0907154083251966,0.1337288938486864,-3.260473960678965,879922000,32.36575264309069,0,0,0
2015-08-25,VTRS,41.658203125,49.11000061035156,52.040000915527344,49.06999969482422,51.97999954223633,8587300,-0.0166972039224811,-0.0315617841131493,2.227143968854633,0.1627287337713941,-3.424918182668371,871334700,30.95073082842758,0,0,0
2015-08-26,VTRS,43.371707916259766,51.130001068115234,51.41999816894531,48.38999938964844,50.22999954223633,12172700,-0.0490905942459624,-0.0651281392820326,2.2007152012416307,0.1673472709757237,-3.3535862040331352,883507400,36.340363882733776,0,0,0
2015-08-27,VTRS,43.67708587646485,51.4900016784668,52.93000030517578,50.41999816894531,51.52000045776367,8263100,-0.0790445402378684,-0.0551563422025597,2.2907153538295213,0.1709286167492045,-3.230763822179384,891770500,33.843092644658654,0,0,0
2015-08-28,VTRS,42.72702026367188,50.369998931884766,51.93000030517578,49.81999969482422,51.63999938964844,7615300,-0.0460591571177427,-0.0260074962551668,2.3371437617710664,0.1792317612642787,-3.1870625874380707,884155200,26.101468403839437,0,0,0
2015-08-31,VTRS,42.06538391113281,49.59000015258789,51.65999984741211,49.45000076293945,50.59000015258789,5784900,-0.0175438380562167,-0.0006049360597816,2.3985721043178017,0.1914709783675089,-3.178726051588214,878370300,25.45572716173621,0,0,0
2015-09-01,VTRS,40.96263885498047,48.290000915527344,49.65999984741211,47.900001525878906,48.560001373291016,6601900,-0.0151169916835018,0.0149098652382577,2.3171433040073945,0.2101135117780636,-3.239673422165509,871768400,26.259234437110536,0,0,0
2015-09-02,VTRS,41.24256134033203,48.619998931884766,49.43000030517578,47.59999847412109,49.0,6139700,-0.0168654815474803,0.0154257510587512,2.3600003378731875,0.223226859080576,-3.224180227755504,877908100,30.11362543406412,0,0,0
2015-09-03,VTRS,40.22464370727539,47.41999816894531,49.5099983215332,47.2400016784668,49.04999923706055,6766800,0.0259384943995866,0.0457613257577829,2.3471429007393985,0.2385851070239828,-3.2710254470960507,871141300,27.080572255005208,1,1,1
2015-09-04,VTRS,40.75905227661133,48.04999923706055,48.38999938964844,46.54999923706055,46.72999954223633,6034800,0.021019815864044,0.0022892947366941,2.370714187622071,0.2422471120274702,-3.2201944032870387,877176100,24.590154536936367,1,1,1
2015-09-08,VTRS,41.32738876342773,48.720001220703125,49.43000030517578,48.0,48.75,6259700,0.017241382010289,-0.042487677400644,2.359285627092635,0.2312575457765938,-3.090224687610068,883435800,26.644527063814166,1,1,1
2015-09-09,VTRS,40.343406677246094,47.560001373291016,49.34000015258789,47.40999984741211,48.97999954223633,5545800,0.0304877398312373,-0.0452060862867492,2.4214284079415465,0.2224468447693056,-3.045715927399037,877890000,25.78779002732844,1,1,1
2015-09-10,VTRS,40.5469856262207,47.79999923706055,48.2599983215332,47.0099983215332,47.4900016784668,5993700,0.0328451824243327,-0.0468618807431445,2.362857001168388,0.2185987047964018,-2.956990249469761,883883700,30.954116108497416,1,1,1
2015-09-11,VTRS,41.26801300048828,48.650001525878906,48.77000045776367,47.27999877929688,47.43000030517578,4578800,0.0193216566747476,-0.1035971378715447,2.330714362008231,0.2141513348183056,-2.785971484468796,888462500,39.08046816993961,1,1,1
2015-09-14,VTRS,41.61580657958984,49.060001373291016,49.06999969482422,48.27000045776367,48.470001220703125,4711900,-0.0183449144045251,-0.1671422856380851,1.9592857360839844,0.2053205377611061,-2.587526920250319,893174400,46.813934886349934,0,0,0
2015-09-15,VTRS,42.03993606567383,49.560001373291016,50.06999969482422,48.95000076293945,49.209999084472656,5833500,-0.0587167023159198,-0.1969330481393075,1.8271427154541016,0.1837443004975907,-2.3626768836660474,899007900,51.94468723613232,0,0,0
2015-09-16,VTRS,41.573387145996094,49.0099983215332,49.84999847412109,48.47999954223633,49.810001373291016,3911500,-0.0734543684434159,-0.1785349989729661,1.7085712977818075,0.152390938240579,-2.203462119716981,895096400,39.50494324036053,0,0,0
2015-09-17,VTRS,41.87875747680664,49.369998931884766,50.15999984741211,48.77999877929688,49.54999923706055,5163200,-0.0771723241041661,-0.1612315020596816,1.627856935773576,0.1159515862575537,-2.024892530957139,900259600,39.50494324036053,0,0,0
2015-09-18,VTRS,42.06538391113281,49.59000015258789,49.709999084472656,48.560001373291016,49.22999954223633,10785400,-0.1205888187908033,-0.1195805663829246,1.5592853001185816,0.0949881924934698,-1.844361929212205,911045000,45.76087830872993,0,0,0
2015-09-21,VTRS,40.85235977172852,48.15999984741211,49.59000015258789,47.52999877929688,49.400001525878906,6080500,-0.1515780577281877,-0.0884551149300328,1.548571177891321,0.087053416570848,-1.7959763034236502,904964500,42.7411197000914,0,0,0
2015-09-22,VTRS,39.57149124145508,46.650001525878906,47.70000076293945,45.43999862670898,47.470001220703125,8650700,-0.1468382007451456,-0.0814577262049988,1.617142813546316,0.0960807863071189,-1.8580560774902608,896313800,41.84891379774531,0,0,0
2015-09-23,VTRS,38.519630432128906,45.40999984741211,47.08000183105469,45.33000183105469,46.77999877929688,6073600,-0.113411176903415,-0.0700286350112596,1.6114283970424093,0.1148279391728944,-1.9844371616937624,890240200,35.369204672774345,0,0,0
2015-09-24,VTRS,38.64688491821289,45.560001373291016,45.7599983215332,44.220001220703125,45.09999847412109,7667800,-0.0910887050216771,-0.0634329042413052,1.5592855725969572,0.1193801984079121,-2.0488730784589397,897908000,40.62502523581305,0,0,0
2015-09-25,VTRS,36.992767333984375,43.61000061035156,46.09000015258789,42.13999938964844,45.79999923706055,10032200,0.0011465085154958,-0.0243063829042783,1.7099999019077832,0.1352987569583206,-2.2315636942962414,887875800,30.249132784954085,1,1,1
2015-09-28,VTRS,34.66004943847656,40.86000061035156,43.54999923706055,39.5099983215332,43.130001068115234,17425500,0.0744004128760875,0.0499266002215996,1.9007143293108244,0.1829220527562798,-2.5686396617551424,870450300,20.49550942791028,1,1,1
2015-09-29,VTRS,33.76087951660156,39.79999923706055,41.65999984741211,39.15999984741211,40.790000915527344,12549100,0.0766331481288189,0.0407034915311323,1.94142859322684,0.2297630493891134,-2.8880167867019395,857901200,20.650541069141767,1,1,1
2015-09-30,VTRS,34.15107727050781,40.2599983215332,41.2599983215332,39.29999923706055,40.90999984741211,10626100,0.0489319747350676,0.0491804133005784,1.9921428135463155,0.262865894897627,-3.0686340740191085,868527300,21.949422374658624,1,1,1
2015-10-01,VTRS,35.126590728759766,41.40999984741211,41.619998931884766,39.630001068115234,40.59999847412109,9863200,0.0304273925664344,0.0318763511153867,2.0278568267822257,0.2796275289869416,-3.083435142371058,878390500,23.653577969832824,1,1,1
2015-10-02,VTRS,37.03517150878906,43.65999984741211,43.83000183105469,40.220001220703125,40.29999923706055,9844800,-0.025423742882064,-0.0025194826096198,2.2285712105887265,0.2842259391683788,-2.880405379485879,888235300,32.67009548489963,0,0,0
2015-10-05,VTRS,37.238765716552734,43.900001525878906,44.43000030517578,42.54999923706055,43.75,7933900,-0.0227790424884268,-0.0036446433223422,2.282857077462332,0.2858336551589858,-2.6693659113706687,896169200,31.527429072703057,0,0,0
2015-10-06,VTRS,36.34807968139648,42.84999847412109,44.470001220703125,42.25,44.38999938964844,7789900,-0.033372237015117,-0.0070011493055646,2.343571526663644,0.2876582115264139,-2.5573624016044434,888379300,30.5309876417881,0,0,0
2015-10-07,VTRS,35.82216262817383,42.22999954223633,42.9900016784668,41.0099983215332,42.88999938964844,9310900,0.0002368490726707,-0.0317310008788347,2.3864288330078125,0.2936701428618795,-2.48992523721882,879068400,27.79852242248316,1,1,1
2015-10-08,VTRS,36.19540023803711,42.66999816894531,42.93999862670898,41.31999969482422,42.380001068115234,4935000,0.0014061723896365,-0.0822591626940292,2.4200003487723207,0.2953859439983923,-2.373615030088402,884003400,28.77300899215038,1,1,1
2015-10-09,VTRS,36.09360885620117,42.54999923706055,43.16999816894531,42.06999969482422,42.79999923706055,5994600,0.0235017630535938,-0.0373678068412988,2.351428713117327,0.2921275548179188,-2.2650116198649144,878008800,31.28752983809809,1,1,1
2015-10-12,VTRS,36.3905029296875,42.900001525878906,43.68999862670898,42.52000045776367,43.18000030517578,5265900,0.0195804224408051,-0.0244755947415157,2.2407142094203394,0.2827133307659061,-2.1261909692158127,883274700,36.442525543007854,1,1,1
2015-10-13,VTRS,35.13507461547852,41.41999816894531,43.540000915527344,41.27000045776367,42.900001525878906,5658500,0.0272815335120524,0.064461663488059,2.277857099260601,0.2709566570065204,-2.1112612005228684,877616200,35.8209007829748,1,1,1
2015-10-14,VTRS,35.83064270019531,42.2400016784668,42.66999816894531,41.5,41.560001373291016,5971100,-0.0319602801887805,0.0627366857452698,2.257143020629882,0.2548239228933994,-2.010090746223,883587300,38.73813860537484,0,0,0
2015-10-15,VTRS,36.24628448486328,42.72999954223633,42.90999984741211,41.58000183105469,41.77999877929688,7258200,-0.0835478524004069,0.0713784055636554,2.0699999673025937,0.2281791043536268,-1.8688309795480649,890845500,46.68674551708785,0,0,0
2015-10-16,VTRS,36.941871643066406,43.54999923706055,43.77000045776367,42.72999954223633,43.0,10111700,-0.0594718759577802,0.0123995619974157,1.8514284406389496,0.1888300594554225,-1.6714470729700608,900957200,61.85020385926031,0,0,0
2015-10-19,VTRS,37.1030387878418,43.7400016784668,44.25,42.7599983215332,44.040000915527344,7192200,-0.0432099481440156,0.0473250940875771,1.7792857033865783,0.1572568745633959,-1.4825968423142155,908149400,68.79770186570532,0,0,0
2015-10-20,VTRS,36.09360885620117,42.54999923706055,44.20000076293945,42.459999084472656,44.20000076293945,7297000,0.0361927366190413,0.0944770982337011,1.7635716029575883,0.1359450265416345,-1.4126705390656582,900852400,60.21408557297632,1,1,1
2015-10-21,VTRS,34.68550109863281,40.88999938964844,42.52000045776367,39.43999862670898,42.4900016784668,12378800,0.0978234301713545,0.1391538891254351,1.8435717991420195,0.128065400242579,-1.47420780452984,888473600,47.78157041021947,1,1,1
2015-10-22,VTRS,33.217994689941406,39.15999984741211,40.59999847412109,37.59000015258789,40.59999847412109,17896300,0.1690500244555608,0.1437691800319884,1.821428843906947,0.1278935308650407,-1.6436263343507704,870577300,29.910736181274217,1,1,1
2015-10-23,VTRS,34.74486541748047,40.959999084472656,41.560001373291016,38.90999984741211,39.7400016784668,10283500,0.0764160434100638,0.0976562521827872,1.876428876604352,0.1263895889493255,-1.6140411825720091,880860800,38.4796230747154,1,1,1
2015-10-26,VTRS,35.49982452392578,41.84999847412109,42.15999984741211,40.400001525878906,40.900001525878906,7877900,0.0946237286392899,0.0786141227116603,1.8435715266636437,0.1237839431032313,-1.5014711985845397,888738700,46.031747953991136,1,1,1
2015-10-27,VTRS,37.399940490722656,44.09000015258789,44.11000061035156,42.0099983215332,42.119998931884766,10339000,0.0562485718678493,0.0306191533102511,1.863571439470564,0.1195448795528203,-1.2174749667100002,899077700,56.5400824639388,1,1,1
2015-10-28,VTRS,38.07853698730469,44.88999938964844,45.369998931884766,43.560001373291016,44.380001068115234,8865400,0.0376476378789161,-0.0089106196618456,1.8771427699497771,0.121936259394115,-0.9172788348865452,907943100,57.61316797058761,1,1,1
2015-10-29,VTRS,38.83349990844727,45.77999877929688,48.040000915527344,45.08000183105469,46.68000030517578,13116000,-0.0216251177406593,-0.0563564457219728,2.023571559361049,0.1358146273953889,-0.6006320129459368,921059100,60.52116434922924,0,0,0
2015-10-30,VTRS,37.399940490722656,44.09000015258789,46.04999923706055,43.43000030517578,45.4900016784668,11617400,0.019732341321702,0.1063732957695104,2.127143042428154,0.1373092658603537,-0.4805167920410937,909441700,53.56500353699328,1,1,1
2015-11-02,VTRS,38.85895156860352,45.810001373291016,46.33000183105469,44.25,44.869998931884766,9013000,-0.0146256704552996,0.0914647129688128,2.125000272478377,0.148966428096598,-0.2437253758112305,918454700,62.96515692867598,0,0,0
2015-11-03,VTRS,39.50362396240234,46.56999969482422,47.4900016784668,45.459999084472656,45.459999084472656,11600100,-0.0242645710869702,0.0878247837532721,2.180714743477959,0.1663935224728082,0.0051991084320448,930054800,62.83342706137818,0,0,0
2015-11-04,VTRS,39.51211166381836,46.58000183105469,47.459999084472656,46.400001525878906,47.04999923706055,10610000,-0.0448690440195409,0.1167882870945307,2.161428996494839,0.1791850402159284,0.2009640558611778,940664800,61.74497112910129,0,0,0
2015-11-05,VTRS,37.99372100830078,44.790000915527344,46.77999877929688,44.63999938964844,46.41999816894531,7093800,-0.0354989979925783,0.1435588339750779,2.240000316074918,0.1808843836530663,0.2092588669289767,933571000,53.57143249536731,0,0,0
2015-11-06,VTRS,38.13792419433594,44.959999084472656,45.45000076293945,44.20000076293945,45.0099983215332,6387800,0.0849644077538136,0.1536921705543037,2.222857339041575,0.1822827997888709,0.226934041591079,939958800,53.51787022857604,1,1,1
2015-11-09,VTRS,38.29060363769531,45.13999938964844,46.22999954223633,44.400001525878906,45.09999847412109,8699900,0.107665057068345,0.1271599857350265,2.2292856488909054,0.184320810499054,0.2525549686869084,948658700,57.9301912651598,1,1,1
2015-11-10,VTRS,38.54508590698242,45.43999862670898,45.84999847412109,44.75,45.34000015258789,11547300,0.1148767908992605,0.1089348792372084,2.085714067731585,0.1810825780812632,0.2936817883857756,960206000,65.19706087335429,1,1,1
2015-11-11,VTRS,37.73924255371094,44.4900016784668,46.43000030517578,44.27999877929688,45.65999984741211,7521100,0.1692514833718561,0.1643065246754484,2.003571374075753,0.178110327014787,0.2467736223255627,952684900,68.78084488988989,1,1,1
2015-11-12,VTRS,36.64497375488281,43.20000076293945,44.72999954223633,42.560001373291016,44.650001525878906,12577700,0.1856481554658651,0.1976852028867015,1.969285420009068,0.1769723340592073,0.1043039192183599,940107200,58.18714273803312,1,1,1
2015-11-13,VTRS,41.37828826904297,48.77999877929688,49.4900016784668,46.47999954223633,47.59999847412109,38841800,0.0633456381696206,0.0516605272822023,2.2928570338657925,0.199956527759158,0.4366217551917373,978949000,68.86228129340078,1,1,1
2015-11-16,VTRS,42.41316986083984,50.0,50.5099983215332,48.400001525878906,48.86000061035156,11171900,0.0176000213623046,0.0616000366210938,2.2821423666817795,0.2284631806381742,0.7893310202960109,990120900,67.03170509105037,1,1,1
2015-11-17,VTRS,42.97303009033203,50.65999984741211,51.45000076293945,50.09999847412109,50.18999862670898,8075100,-0.0053296576900299,0.0280300431883067,2.25642830984933,0.2519739100535094,1.1093245232875475,998196000,66.76351552489118,0,0,0
2015-11-18,VTRS,44.12666320800781,52.02000045776367,52.2400016784668,50.41999816894531,50.84999847412109,10975900,-0.0042291660662662,-0.0182622213490901,2.161428451538085,0.2699820779713892,1.4558798860207816,1009171900,67.64706707330886,0,0,0
2015-11-19,VTRS,43.448055267333984,51.220001220703125,52.459999084472656,50.20000076293945,52.459999084472656,6773100,0.0101522929592099,0.0037094615810393,2.1357141222272595,0.2564578768795343,1.646988793627223,1002398800,71.23288355946988,1,1,1
2015-11-20,VTRS,43.99941635131836,51.869998931884766,51.970001220703125,50.34999847412109,51.58000183105469,8889100,-0.0109890053318245,-0.0150375707607236,2.091428484235491,0.2546621873746683,1.8298005609501475,1011287900,69.2748092529257,0,0,0
2015-11-23,VTRS,43.15963363647461,50.880001068115234,52.45000076293945,50.52999877929688,51.86000061035156,8408400,0.0432390077978619,0.0074684993207694,2.083571297781808,0.2460365142256786,1.8732025369742544,1002879500,63.51098190828222,1,1,1
2015-11-24,VTRS,42.74398040771485,50.38999938964844,50.970001220703125,50.18000030517578,50.560001373291016,8805500,0.0335384493327346,0.0061520416163112,2.064285823277064,0.2445797807463479,1.8467714437026288,994074000,61.59464168298111,1,1,1
2015-11-25,VTRS,43.94003677368164,51.79999923706055,51.84999847412109,50.2400016784668,50.27000045776367,5309800,-0.0140926554630921,0.0218146927559561,2.0264284951346245,0.2506229272602683,1.9174961140816364,999383800,71.83801242047068,0,0,0
2015-11-27,VTRS,43.88915252685547,51.7400016784668,52.02000045776367,51.470001220703125,51.84999847412109,1850100,-0.0063780792491165,0.0158484667225182,1.9764284406389492,0.2563292474134857,1.9462692430197488,997533700,71.2672723439318,0,0,0
2015-11-30,VTRS,43.51591110229492,51.29999923706055,52.0,50.869998931884766,51.709999084472656,4844300,-0.0040935494658047,0.0403508718442395,1.9264286586216504,0.2494630654520018,1.911532676428649,992689400,69.01235326654786,0,0,0
2015-12-01,VTRS,45.025821685791016,53.08000183105469,53.34000015258789,51.5099983215332,51.880001068115234,7531800,-0.0342879323047928,0.0171439302189269,1.9935716901506688,0.2561663407205497,2.004528078461611,1000221200,71.60634819260343,0,0,0
2015-12-02,VTRS,44.17755889892578,52.08000183105469,54.5,51.77000045776367,52.77999877929688,8390500,-0.0264977154300397,0.0443547902722292,2.035000119890485,0.2578881758463007,1.9747720193311764,991830700,71.40440030612247,0,0,0
2015-12-03,VTRS,43.32080841064453,51.06999969482422,52.41999816894531,50.2400016784668,52.209999084472656,7611400,0.0364206113465097,0.0372038679700925,2.035714285714285,0.2549277957249546,1.8483843721726387,984219300,72.55013922004856,1,1,1
2015-12-04,VTRS,43.609222412109375,51.40999984741211,51.470001220703125,50.150001525878906,50.70000076293945,7806000,0.0223692186207387,0.0342345521641116,1.6807141985212048,0.241813027166917,1.7554210212187158,992025300,60.76986258657656,1,1,1
2015-12-07,VTRS,43.3377685546875,51.09000015258789,51.54999923706055,50.130001068115234,51.22999954223633,5363900,0.0446271045701178,0.049911905058614,1.631428582327706,0.2259152311597117,1.6370546478503911,986661400,54.81874456338248,1,1,1
2015-12-08,VTRS,43.48197937011719,51.2599983215332,51.52999877929688,50.22999954223633,50.5,7402700,0.0532579681296396,0.0571595864439375,1.6207141876220703,0.2080385797319435,1.5392226748098707,994064100,52.77263628023994,1,1,1
2015-12-09,VTRS,43.00695037841797,50.70000076293945,52.04999923706055,50.2599983215332,51.040000915527344,6716800,0.0727810369069321,0.0806706132355246,1.618571145193917,0.1881197812501327,1.400360524023526,987347300,43.41317296878724,1,1,1
2015-12-10,VTRS,44.898582458496094,52.93000030517578,52.9900016784668,50.81999969482422,51.0,5227600,0.0007557323879976,0.0357075265209023,1.6207141876220703,0.1568898293175462,1.453498568525745,992574900,57.46724690059929,1,1,1
2015-12-11,VTRS,44.58472442626953,52.560001373291016,53.27999877929688,51.90999984741211,52.2599983215332,6871800,0.0116057225973413,0.0336758069162288,1.6028567722865514,0.076343867288138,1.4490512690135944,985703100,53.08864169434059,1,1,1
2015-12-14,VTRS,45.27180480957031,53.369998931884766,53.810001373291016,51.84999847412109,53.63999938964844,9696100,0.0050590306008488,0.0357878936788029,1.6057139805385054,0.0687204364927624,1.4936687026281987,995399200,61.32847291980944,1,1,1
2015-12-15,VTRS,45.79774475097656,53.9900016784668,55.0,53.77000045776367,53.880001068115234,7696800,0.0037043330621333,0.011668776325844,1.6657139914376404,0.0738735900717014,1.561062424388318,1003096000,66.18706220598612,1,1,1
2015-12-16,VTRS,46.13704299926758,54.38999938964844,54.7400016784668,53.16999816894531,54.20000076293945,4889100,0.0073543212055089,-0.0058834289100051,1.66285732814244,0.0829392955092556,1.6279825374924854,1007985100,62.80910471554839,1,1,1
2015-12-17,VTRS,44.93251419067383,52.970001220703125,55.29999923706055,52.93999862670898,55.040000915527344,6230000,0.034925399877054,0.0058523230403966,1.7921431405203705,0.0845878584389212,1.5485841107779803,1001755100,55.36181264344612,1,1,1
2015-12-18,VTRS,45.10216522216797,53.16999816894531,53.7400016784668,52.150001525878906,52.43999862670898,9257800,0.0218168836196592,0.0173030283115547,1.825000217982703,0.0853855450668767,1.4846838565363285,1011012900,58.32591397392893,1,1,1
2015-12-21,VTRS,45.50084686279297,53.63999938964844,53.84999847412109,53.16999816894531,53.52000045776367,4697500,0.0305741873286622,-0.0052199623878241,1.7278573172433052,0.0888727998304835,1.4551930555023915,1015710400,52.82257103149973,1,1,1
2015-12-22,VTRS,45.96739196777344,54.18999862670898,54.290000915527344,53.40999984741211,53.619998931884766,2840700,0.0079350491986145,-0.0476102247968279,1.5957145690917984,0.091396134188032,1.4593789134264838,1018551100,61.14043861412339,1,1,1
2015-12-23,VTRS,46.47634506225586,54.790000915527344,55.060001373291016,54.119998931884766,54.2599983215332,4303800,-0.013141106199527,-0.0980106343648588,1.5071435655866363,0.0927255050346472,1.4938907634616143,1022854900,70.52983088156657,0,0,0
2015-12-24,VTRS,46.501800537109375,54.81999969482422,55.150001525878906,54.34999847412109,55.09000015258789,1579300,-0.0280919541061714,-0.0970448691068945,1.470000948224751,0.0984502638593752,1.506298631057419,1024434200,69.48573889910745,0,0,0
2015-12-28,VTRS,46.08614349365234,54.33000183105469,54.47999954223633,53.58000183105469,54.47999954223633,2469500,-0.0044174796682892,-0.0780416259077546,1.457143783569338,0.1000254023175042,1.4597659498012092,1021964700,68.16147141474588,0,0,0
2015-12-29,VTRS,46.89200210571289,55.27999877929688,55.5099983215332,54.47999954223633,54.61000061035156,3507100,-0.0347322397131525,-0.115593334492648,1.448572158813478,0.1033664113699799,1.48245644383573,1025471800,70.72168281098779,0,0,0
2015-12-30,VTRS,46.33214569091797,54.619998931884766,55.5,54.5,55.0099983215332,2383400,-0.0551079893884087,-0.0717685508165946,1.3921435219900964,0.1063628914061983,1.4306902454215162,1023088400,70.00001557021228,0,0,0
2015-12-31,VTRS,45.86559677124024,54.06999969482422,54.77000045776367,54.02000045776367,54.36000061035156,2658900,-0.085999658814942,-0.0806362240606581,1.282143456595286,0.1055923455740446,1.3299539372070155,1020429500,57.01971149193415,0,0,0
2016-01-04,VTRS,45.19547653198242,53.27999877929688,54.0,52.70000076293945,52.880001068115234,6719300,-0.0709459246603001,-0.057432387926082,1.2821434565952856,0.09859417670147,1.172853292926156,1013710200,54.21544668417979,0,0,0
2016-01-05,VTRS,45.88256454467773,54.09000015258789,54.41999816894531,53.25,53.66999816894531,5617000,-0.0739508224942873,-0.0497319027384082,1.2257145472935274,0.0931801785829056,1.1010183872372965,1019327200,54.21546713550852,0,0,0
2016-01-06,VTRS,45.26333999633789,53.36000061035156,54.43999862670898,52.77999877929688,52.959999084472656,5581300,-0.0837706366111991,-0.0359820457586372,1.2278573172433032,0.0836103879718098,0.9739566784167764,1013745900,46.3583711532703,0,0,0
2016-01-07,VTRS,43.77887344360352,51.61000061035156,52.66999816894531,51.56999969482422,52.52000045776367,6384600,-0.0176322386485224,0.0290641345138666,1.243571417672293,0.0810209788018057,0.7237065455412406,1007361300,36.09999549865379,0,0,0
2016-01-08,VTRS,41.92116928100586,49.41999816894531,51.93000030517578,49.2599983215332,51.720001220703125,7232500,0.0058680883503061,0.0647511307467081,1.265714372907365,0.0953506438680344,0.3446932091244079,1000128800,33.51901504981777,1,1,1
2016-01-11,VTRS,41.9890251159668,49.5,50.22999954223633,48.33000183105469,50.060001373291016,6719500,0.0145454792061237,0.0894949556601167,1.2878570556640614,0.1160688932908404,0.0501992231369499,1006848300,32.769964116777714,1,1,1
2016-01-12,VTRS,42.489505767822266,50.09000015258789,50.66999816894531,48.77000045776367,49.72999954223633,4310800,0.0261529520722776,0.0227590214848409,1.3749997275216237,0.1276802602083306,-0.1340362149446434,1011159100,33.51903859715489,1,1,1
2016-01-13,VTRS,41.47159194946289,48.88999938964844,50.9900016784668,48.77000045776367,50.5,4085500,0.052157890548071,0.0314993032266923,1.470714024135044,0.1468227029145903,-0.3725792974943971,1007073600,26.795103693274385,1,1,1
2016-01-14,VTRS,43.00695037841797,50.70000076293945,51.650001525878906,48.40999984741211,49.0,7410200,0.0475345130403581,0.0392504503712782,1.634999683925083,0.1510541979800419,-0.4108385341298799,1014483800,33.80839348100609,1,1,1
2016-01-15,VTRS,42.16717529296875,49.709999084472656,50.40999984741211,48.02999877929688,48.900001525878906,9087500,0.0585395272783473,0.0531080152538778,1.7685710362025655,0.157783851865079,-0.5151062917803273,1005396300,31.19941457466558,1,1,1
2016-01-19,VTRS,42.59979248046875,50.220001220703125,51.77999877929688,48.7400016784668,50.56999969482422,8135800,0.0738749301930166,0.0119474006279742,1.8971424102783192,0.1629843467656084,-0.5502434666301852,1013532100,34.90081512827858,1,1,1
2016-01-20,VTRS,43.60073852539063,51.400001525878906,52.15999984741211,49.540000915527344,49.709999084472656,5543000,-0.0033074314901914,0.0167314546716754,1.9999997275216228,0.1637634429746931,-0.4773709329329421,1019075100,35.98268062741792,0,0,0
2016-01-21,VTRS,43.63466644287109,51.43999862670898,52.27000045776367,50.43999862670898,51.86000061035156,4235500,-0.0196344935555418,0.0169129620880337,2.0592855725969583,0.1633432814587951,-0.4116462909907383,1023310600,37.97277542990334,0,0,0
2016-01-22,VTRS,45.05126953125,53.11000061035156,53.40999984741211,51.93999862670898,52.59999847412109,3625100,-0.0079081524913543,-0.0323856373740633,2.1464285169328963,0.1608047853896285,-0.2222419683694738,1026935700,46.652725564409806,0,0,0
2016-01-25,VTRS,44.63561630249024,52.619998931884766,53.630001068115234,52.400001525878906,52.959999084472656,3482200,-0.0051311376519256,-0.0412390386353735,2.136428560529436,0.1549847602587562,-0.1104040492889808,1023453500,47.649575262090366,0,0,0
2016-01-26,VTRS,45.74684143066406,53.93000030517578,54.22999954223633,52.04999923706055,52.72999954223633,3611200,-0.0576673575515089,-0.0591507251744412,2.208571570260184,0.1512287003051289,0.0829779518404763,1027064700,49.44979466504284,0,0,0
2016-01-27,VTRS,43.45652770996094,51.22999954223633,53.91999816894531,50.83000183105469,53.84999847412109,6522000,0.0201053833398474,-0.0134686440147265,2.3114286150251124,0.1469121307273931,0.0181577727548258,1020542700,43.54936609303001,1,1,1
2016-01-28,VTRS,42.77791976928711,50.43000030517578,51.93999862670898,49.5,51.88999938964844,5625700,0.0372794181387756,-0.1786635352311458,2.357857022966658,0.13690389649402,-0.0966517969809857,1014917000,46.20822836386886,1,1,1
2016-01-29,VTRS,44.69499969482422,52.68999862670898,52.77000045776367,50.290000915527344,50.84000015258789,4842400,-0.0246725995624065,-0.2061111611065648,2.3442854200090686,0.1283445757907663,-0.0052161032103157,1019759400,60.4606482345869,0,0,0
2016-02-01,VTRS,44.406585693359375,52.34999847412109,52.66999816894531,50.619998931884766,51.91999816894531,5205500,-0.0362941311664198,-0.1757401569512966,2.356428418840681,0.1216616510356576,0.0393584720811759,1014553900,58.96789557961045,0,0,0
2016-02-02,VTRS,43.10874557495117,50.81999969482422,53.04999923706055,50.52999877929688,52.0099983215332,5163500,-0.0015741443691029,-0.0895316659658292,2.400714329310825,0.1181779270415754,-0.0482181418888387,1009390400,52.16874419890818,0,0,0
2016-02-03,VTRS,44.33024215698242,52.2599983215332,52.54999923706055,49.33000183105469,51.380001068115234,5683100,-0.0329123126913142,-0.1444699479439065,2.472142628261021,0.109396383853328,-0.0014111183171792,1015073500,59.87111376399254,0,0,0
2016-02-04,VTRS,44.37265396118164,52.310001373291016,53.209999084472656,51.150001525878906,51.93999862670898,4032500,-0.2081820477624004,-0.1332441414207635,2.38785661969866,0.1048138123232459,0.0392659797018879,1019106000,55.25800151790516,0,0,0
2016-02-05,VTRS,43.59225845336914,51.38999938964844,52.90999984741211,50.95000076293945,52.209999084472656,4300600,-0.1860283648985493,-0.0891223598122863,2.337142126900809,0.1046640772640318,-0.0027024462398657,1014805400,55.51181003815697,0,0,0
2016-02-08,VTRS,42.79488754272461,50.45000076293945,51.150001525878906,49.34000015258789,50.810001373291016,4949600,-0.144697703204459,-0.0741328369060045,2.2664279937744136,0.1005364617862726,-0.1105385399631515,1009855800,50.733884853608885,0,0,0
2016-02-09,VTRS,43.04088592529297,50.7400016784668,51.59000015258789,49.13999938964844,49.720001220703125,5909900,-0.0880961977303228,-0.0815924924595077,2.254285267421177,0.0958588669828552,-0.1706318333514289,1015765700,47.7672539527148,0,0,0
2016-02-10,VTRS,42.87123107910156,50.540000915527344,51.72999954223633,49.13999938964844,51.209999084472656,11128800,-0.1153542090511428,-0.0617333337962697,2.3085708618164054,0.0943308985898187,-0.2317234279687383,1004636900,46.987960728550725,0,0,0
2016-02-11,VTRS,35.13507461547852,41.41999816894531,44.0,40.040000915527344,43.95000076293945,33288600,0.0946403224754752,0.1380975729977627,2.9178564889090386,0.1915825702355995,-1.0044680767213947,971348300,23.89459853348021,1,1,1
2016-02-12,VTRS,35.48285675048828,41.83000183105469,42.0,40.04999923706055,41.34000015258789,15531100,0.119053294865963,0.0774563165656891,2.9692851475306905,0.2497116898867645,-1.5657410213397185,986879400,25.81803508117981,1,1,1
2016-02-16,VTRS,36.6025619506836,43.150001525878906,43.20000076293945,41.93999862670898,42.27000045776367,10111400,0.0825028373743779,0.0674391597800259,2.911427906581332,0.2821634938694842,-1.8823424578912835,996990800,25.851265139147515,1,1,1
2016-02-17,VTRS,39.2491455078125,46.27000045776367,46.41999816894531,43.720001220703125,43.79999923706055,10084600,0.0071320080633809,-0.0032418743115386,2.923570632934569,0.2915080152576768,-1.8600520166586487,1007075400,39.09411194741421,1,1,1
2016-02-18,VTRS,37.92584991455078,44.709999084472656,47.04999923706055,44.619998931884766,46.459999084472656,8324800,0.0606128190553645,0.0228136989185916,2.922856467110769,0.3064571169057828,-1.945835375765604,998750600,37.82978858792289,1,1,1
2016-02-19,VTRS,38.46026992797852,45.34000015258789,45.97999954223633,43.79999923706055,43.79999923706055,5046800,0.0397000271504808,-0.0123511550817462,2.901427950177873,0.3156752129543788,-1.9406133026719343,1003797400,33.19617058299431,1,1,1
2016-02-22,VTRS,39.70721054077149,46.810001373291016,46.900001525878906,45.630001068115234,46.34999847412109,5244800,-0.0371715793082546,-0.014313222900798,2.8649994986397878,0.3128007610433136,-1.7971416289080224,1009042200,37.95653403413158,0,0,0
2016-02-23,VTRS,39.62238311767578,46.709999084472656,47.970001220703125,46.540000915527344,46.70000076293945,6558900,-0.013915601025942,-0.0419610174028926,2.78714234488351,0.3099334845906731,-1.6722321909769775,1002483300,40.47288418855946,0,0,0
2016-02-24,VTRS,39.52907180786133,46.59999847412109,46.77999877929688,44.86000061035156,45.70000076293945,4786900,-0.0103004196985733,-0.0010729450364318,2.694285256522043,0.2985174956255845,-1.564086871589225,997696400,36.01779863881009,0,0,0
2016-02-25,VTRS,40.22464370727539,47.41999816894531,47.43000030517578,46.18000030517578,46.97999954223633,3553000,-0.0356389433143365,-0.0027414014853991,2.6364282880510608,0.2952103370895705,-1.3961201998710848,1001249400,38.362684332280445,0,0,0
2016-02-26,VTRS,39.98713302612305,47.13999938964844,47.77000045776367,46.83000183105469,47.06999969482422,3078800,-0.0500636538164612,0.0309715550143441,2.5635711124965126,0.293688275200239,-1.270948263399113,998170600,39.56799745911704,0,0,0
2016-02-29,VTRS,38.23122787475586,45.06999969482422,47.040000915527344,45.040000915527344,47.0,5230800,0.0237408409600476,0.0621255659201189,2.567142486572266,0.2866143255818493,-1.323523522292824,992939800,37.4883762687632,1,1,1
2016-03-01,VTRS,39.07101058959961,46.060001373291016,46.790000915527344,45.18999862670898,46.459999084472656,6181800,-0.0284411926668037,-0.0030395831561326,2.5149996621268143,0.2750115658168361,-1.2706575824339268,999121600,39.45946456801156,0,0,0
2016-03-02,VTRS,39.12189865112305,46.119998931884766,46.16999816894531,44.869998931884766,45.95000076293945,4287900,0.009323510735784,0.006071175205526,2.4228567395891467,0.2687053871228222,-1.2099718404636803,1003409500,39.98186722610927,1,1,1
2016-03-03,VTRS,38.79108810424805,45.72999954223633,46.119998931884766,45.16999816894531,45.81999969482422,4107600,0.0341133039341099,-0.0330198630362671,1.7407139369419649,0.2519375318035327,-1.1797482407670543,999301900,66.16653993940557,1,1,1
2016-03-04,VTRS,37.985233306884766,44.77999877929688,46.02000045776367,44.29999923706055,46.0,5902700,0.0853059356622918,0.0060294878321545,1.7242853982107984,0.2316059987274032,-1.2184078945638177,993399200,60.63444976234469,1,1,1
2016-03-07,VTRS,39.13887023925781,46.13999938964844,47.02000045776367,44.619998931884766,44.88999938964844,5424000,0.037494572282644,-0.0147377614688122,1.7978570120675228,0.2108647504707718,-1.1263217296806616,998823200,60.747653043090985,1,1,1
2016-03-08,VTRS,37.95978927612305,44.75,46.0,44.560001373291016,45.95000076293945,4683400,0.0261452104792248,0.0326256778653106,1.6771428244454525,0.1952460266992214,-1.1522220164287091,994139800,43.760262957203686,1,1,1
2016-03-09,VTRS,39.48665618896485,46.54999923706055,46.59000015258789,44.63999938964844,44.97999954223633,5809200,-0.0032222924519882,-0.0244897832080055,1.6428571428571437,0.1708772857783487,-1.0157938459224525,999949000,57.40740683862697,0,0,0
2016-03-10,VTRS,40.114376068115234,47.290000915527344,48.709999084472656,46.65999984741211,47.220001220703125,7332700,-0.0649185797291073,-0.0298160249548471,1.641428538731167,0.144977712039892,-0.8382982069766385,1007281700,57.7813262539711,0,0,0
2016-03-11,VTRS,41.2255973815918,48.59999847412109,48.61000061035156,46.95000076293945,47.0,5169600,-0.073045254084748,-0.0699588028380718,1.6485712868826734,0.1306242511655494,-0.5851801865246955,1012451300,57.23523547045827,0,0,0
2016-03-14,VTRS,40.60637283325195,47.869998931884766,48.43000030517578,46.36000061035156,48.400001525878906,4389800,-0.0503446814536459,-0.017965335900159,1.7064282553536552,0.1077167005661887,-0.4384332087817739,1008061500,54.46153918384822,0,0,0
2016-03-15,VTRS,38.95225143432617,45.91999816894531,47.29999923706055,45.34000015258789,47.18000030517578,6865900,0.0063153511997189,0.0104530351932419,1.7499997275216237,0.0896614131259179,-0.4740197319950923,1001195600,47.70889328510296,1,1,1
2016-03-16,VTRS,39.359413146972656,46.400001525878906,47.18000030517578,45.61000061035156,45.63999938964844,5005000,-0.0213362423687559,-0.0010776519421002,1.772856848580496,0.0896692527457938,-0.458208110802893,1006200600,46.48277019632273,0,0,0
2016-03-17,VTRS,37.51020812988281,44.220001220703125,46.20000076293945,43.650001525878906,46.08000183105469,7655100,0.0375395703660659,0.0741745519844361,1.9021426609584255,0.0933626635105193,-0.6145015018965054,998545500,41.09756738638831,1,1,1
2016-03-18,VTRS,38.21426773071289,45.04999923706055,45.27999877929688,43.84000015258789,44.619998931884766,6555800,0.0033296676674636,0.0483906846191997,1.854999814714704,0.0946300800299517,-0.663740054845654,1005101300,49.93403542887539,1,1,1
2016-03-21,VTRS,38.56204605102539,45.459999084472656,46.130001068115234,45.09999847412109,45.130001068115234,3992200,0.0340958923949905,0.0101187658103094,1.8092855725969588,0.0952624055805022,-0.6620467389313802,1009093500,47.94237870216027,1,1,1
2016-03-22,VTRS,39.19824981689453,46.209999084472656,46.380001068115234,45.25,45.290000915527344,5710000,0.0041117170562787,0.0460939430927396,1.797142846243722,0.0947640917942914,-0.5933463149081675,1014803500,50.29469597213447,1,1,1
2016-03-23,VTRS,38.519630432128906,45.40999984741211,46.45000076293945,45.369998931884766,46.220001220703125,2217600,0.0207002561080726,0.0585774026943473,1.8064286368233815,0.0955178049495459,-0.5965770179613799,1012585900,48.97959282973167,1,1,1
2016-03-24,VTRS,38.9183235168457,45.880001068115234,46.130001068115234,44.470001220703125,45.0,2573600,0.0353094789487831,0.0244114844335328,1.802142824445452,0.0920919609068267,-0.5548166222009883,1015159500,53.61842840001815,1,1,1
2016-03-28,VTRS,38.34150695800781,45.20000076293945,46.06999969482422,44.81999969482422,45.97999954223633,3590400,0.0449114766600029,0.0079646151388284,1.7199998583112444,0.090791908807831,-0.5700207054545743,1011569100,46.763090230460776,1,1,1
2016-03-29,VTRS,39.87686538696289,47.0099983215332,47.20000076293945,44.7599983215332,45.06999969482422,3091200,-0.0231865601256278,-0.0161667378997774,1.7814287458147322,0.0910521695496967,-0.4310495044069782,1014660300,57.56358276195854,0,0,0
2016-03-30,VTRS,39.359413146972656,46.400001525878906,47.20000076293945,45.95000076293945,46.90999984741211,2240900,0.0418103138558514,0.0176724066348763,1.7314286913190569,0.0912845189127021,-0.3659174017648183,1012419400,49.45455362619674,1,1,1
2016-03-31,VTRS,39.31700897216797,46.34999847412109,46.68000030517578,45.56999969482422,46.209999084472656,3312700,0.0371089811721023,0.0267530036523979,1.6564287458147322,0.09143238429995,-0.3147068251709939,1009106700,46.401215095221374,1,1,1
2016-04-01,VTRS,40.29251480102539,47.5,47.65999984741211,45.72999954223633,46.220001220703125,3556800,-0.0105263157894737,-0.0128421181126644,1.6757144927978516,0.0948982194027891,-0.1792601625254235,1012663500,45.73644052710241,0,0,0
2016-04-04,VTRS,40.0634880065918,47.22999954223633,48.459999084472656,47.060001373291016,47.4900016784668,3693800,-0.0353588436402987,0.0078339812718795,1.615714481898717,0.0926356107689426,-0.0926366295902312,1008969700,47.427655691134696,0,0,0
2016-04-05,VTRS,38.95225143432617,45.91999816894531,46.54999923706055,45.59999847412109,46.25,5762300,0.0071864513112689,0.040287507896058,1.5514289311000289,0.0928673123868493,-0.1282150352215936,1003207400,50.0,1,1,1
2016-04-06,VTRS,41.00504684448242,48.34000015258789,48.38999938964844,45.77000045776367,45.91999816894531,5661900,-0.0231691958698682,-0.0084815855630517,1.6264288766043538,0.0952635576865229,0.0384198768418002,1008869300,57.05967390727954,0,0,0
2016-04-07,VTRS,40.77601623535156,48.06999969482422,48.810001373291016,47.65999984741211,47.95000076293945,3773000,-0.0099854284435956,0.0151861773844557,1.5121432713099898,0.0999003756106357,0.1469979637155347,1005096300,66.27218038130196,0,0,0
2016-04-08,VTRS,39.86837005615234,47.0,48.90999984741211,46.630001068115234,48.90999984741211,4405400,-0.0023404385181183,0.0274468279899435,1.5721432822091244,0.0992466353976726,0.1450349739159335,1000690900,58.07787985066112,0,0,0
2016-04-11,VTRS,38.64688491821289,45.560001373291016,47.470001220703125,45.209999084472656,47.31999969482422,5767900,0.0447760544192168,-0.0118525219326247,1.6564290182931087,0.0918362055943501,0.0269725134076495,994923000,50.38168805857278,1,1,1
2016-04-12,VTRS,39.23218536376953,46.25,46.93999862670898,45.61000061035156,45.61000061035156,8075000,0.0328648747624578,-0.0272432069520692,1.674285888671875,0.0869182162358221,-0.0107913189158708,1002998000,50.15337773281792,1,1,1
2016-04-13,VTRS,40.05499267578125,47.220001220703125,47.61000061035156,46.150001525878906,46.709999084472656,4064800,0.0150359819169458,-0.0580262941049114,1.7014285496303014,0.0882821357677045,0.0371236257176974,1007062800,56.85087424698729,1,1,1
2016-04-14,VTRS,40.36885452270508,47.59000015258789,48.0,46.77999877929688,47.33000183105469,6559800,0.0254254902415009,-0.1048539958492824,1.6700000762939449,0.0912807128150616,0.1037563475528386,1013622600,56.52173533509393,1,1,1
2016-04-15,VTRS,39.77507019042969,46.88999938964844,47.59999847412109,46.63999938964844,47.15999984741211,7538300,0.0298571453210121,-0.1104713237918986,1.6492857251848485,0.0806100431468342,0.098938546276905,1006084300,56.43563781122973,1,1,1
2016-04-18,VTRS,40.3773307800293,47.59999847412109,47.93000030517578,46.63999938964844,46.95000076293945,2577900,-0.0542016407366082,-0.1027310829076391,1.5671427590506408,0.0772293702757341,0.1506745144513885,1008662200,52.45220293170358,0,0,0
2016-04-19,VTRS,40.52154541015625,47.77000045776367,48.959999084472656,47.650001525878906,47.77000045776367,3111200,-0.058195494089535,-0.0854092901812314,1.5749999455043242,0.0759646936787178,0.2030527159675443,1011773400,55.91025889566069,0,0,0
2016-04-20,VTRS,40.657257080078125,47.93000030517578,48.43000030517578,47.5,48.09000015258789,2619300,-0.071979986250217,-0.1249739545238426,1.5621427808489112,0.07792057429247,0.2545392979635821,1014392700,56.75214193537451,0,0,0
2016-04-21,VTRS,41.39525985717773,48.79999923706055,49.20000076293945,48.0099983215332,48.040000915527344,3505800,-0.127049197948162,-0.1516392997310091,1.5149999346051892,0.0801921949912688,0.3613786795870339,1017898500,55.69176449760077,0,0,0
2016-04-22,VTRS,40.96263885498047,48.290000915527344,49.41999816894531,47.81999969482422,48.75,2749100,-0.1362601305923547,-0.1789190148238389,1.5292857033865788,0.079979110718734,0.4002828454707128,1015149400,54.54546049383645,0,0,0
2016-04-25,VTRS,38.18881607055664,45.02000045776367,47.0,44.97999954223633,46.84999847412109,8934000,-0.0513105586362262,-0.0944024868233223,1.6492857251848485,0.0816236630679271,0.1653469520768311,1006215400,46.69604338560291,0,0,0
2016-04-26,VTRS,38.163368225097656,44.9900016784668,45.5,43.79999923706055,45.5,6889700,-0.0288953768228026,-0.0929095387692866,1.5835715702601831,0.0909851326344909,-0.0229969918318246,999325700,35.08459595444917,0,0,0
2016-04-27,VTRS,37.73075866699219,44.47999954223633,45.130001068115234,44.25,44.84999847412109,6421500,-0.057104337717348,-0.1088129541906139,1.5642858232770638,0.1023252782771546,-0.2109817679628989,992904200,34.350475307395826,0,0,0
2016-04-28,VTRS,36.136016845703125,42.59999847412109,43.880001068115234,42.459999084472656,43.880001068115234,8658300,-0.0281689434559759,-0.0934272226477688,1.5457145145961206,0.1306280516154861,-0.5058305322689378,984245900,32.0846825599976,0,0,0
2016-04-29,VTRS,35.381065368652344,41.709999084472656,42.72999954223633,41.310001373291016,42.369998931884766,7688100,-0.0493885783699434,-0.0611364011755596,1.4857142312186096,0.1608455739590297,-0.8020700506884353,976557800,33.589077412340814,0,0,0
2016-05-02,VTRS,36.22932434082031,42.709999084472656,42.7599983215332,41.5099983215332,42.09999847412109,5999500,-0.0454225864737674,-0.0529149700299298,1.4764287131173266,0.1754796967273981,-0.9452540602685032,982557300,35.29900063810629,0,0,0
2016-05-03,VTRS,37.06062316894531,43.68999862670898,44.560001373291016,41.84999847412109,43.369998931884766,11911900,-0.0659189138004993,-0.0611123427070344,1.565714699881417,0.1823463786114787,-0.9684865366526338,994469200,35.352685404587405,0,0,0
2016-05-04,VTRS,35.576171875,41.93999862670898,43.5,41.58000183105469,43.400001525878906,5547600,-0.054840231577781,0.0023844132592478,1.6292858123779297,0.1942813944042286,-1.1152528752823372,988921600,28.96499852013605,0,0,0
2016-05-05,VTRS,35.11810302734375,41.400001525878906,42.02999877929688,40.7599983215332,41.84000015258789,9059200,-0.0671498186360302,-0.0067633474317413,1.6514287676130033,0.2072811051932034,-1.2606080047560724,979862400,29.314245468788144,0,0,0
2016-05-06,VTRS,33.633644104003906,39.650001525878906,41.220001220703125,38.459999084472656,40.310001373291016,11473500,-0.0123581755260963,0.0469103839615316,1.7692860194614966,0.2345571750116002,-1.499725465115759,968388900,22.22222814612614,0,0,0
2016-05-09,VTRS,34.58369827270508,40.77000045776367,41.09999847412109,40.15999984741211,40.52000045776367,5440000,-0.0078489009377306,0.0107922153978097,1.775714329310826,0.2500694389733112,-1.580632672083503,973828900,27.06421192725773,0,0,0
2016-05-10,VTRS,34.61763381958008,40.810001373291016,41.369998931884766,40.560001373291016,40.880001068115234,4606600,0.0051457749915708,0.0399411222388428,1.7671427045549666,0.2618168304475889,-1.622817645283014,978435500,26.48612611332372,1,1,1
2016-05-11,VTRS,33.62515640258789,39.63999938964844,40.75,39.56999969482422,40.709999084472656,3858300,0.060544943562881,0.07669023618404,1.7649999346051897,0.2752595735349127,-1.7307083934047398,974577200,20.33678542054197,1,1,1
2016-05-12,VTRS,32.75992965698242,38.619998931884766,39.88999938964844,38.0099983215332,39.650001525878906,7383700,0.0647333005992394,0.1097877212773883,1.7850001198904857,0.2897551103540278,-1.8768825671290728,967193500,19.686515607851035,1,1,1
2016-05-13,VTRS,33.217994689941406,39.15999984741211,39.31999969482422,38.04999923706055,38.380001068115234,5623300,0.0600101757731847,0.0995914591694422,1.6392857687813895,0.2984253301721589,-1.9269405211772508,972816800,27.836610933232976,1,1,1
2016-05-16,VTRS,34.31224822998047,40.45000076293945,40.52999877929688,39.20000076293945,39.470001220703125,4879400,0.0187885860864931,0.0714462134768678,1.615714209420341,0.2923118170647878,-1.841294223866072,977696200,34.32320489292768,1,1,1
2016-05-17,VTRS,34.79576110839844,41.02000045776367,41.720001220703125,40.209999084472656,40.400001525878906,6066900,0.034617214848825,0.0838614965460808,1.6607142857142865,0.2786765600535631,-1.7077389528942175,983763100,38.10179206805376,1,1,1
2016-05-18,VTRS,35.66098403930664,42.040000915527344,42.7599983215332,41.150001525878906,41.18000030517578,5298800,0.0152235817248056,0.0694576143043521,1.6407141004289905,0.2567161536880626,-1.5022726618793527,989061900,47.95322534319729,1,1,1
2016-05-19,VTRS,34.880584716796875,41.119998931884766,42.41999816894531,40.5,41.83000183105469,3702100,0.042315217015183,0.0826848641584598,1.6764283861432765,0.2188038564756728,-1.397565353803536,985359800,47.8482858212101,1,1,1
2016-05-20,VTRS,35.211402893066406,41.5099983215332,42.09000015258789,41.09000015258789,41.16999816894531,3550100,0.0373404749321262,0.1206938650641078,1.6585712432861333,0.1717903405810606,-1.268491980452474,988909900,45.4198452165015,1,1,1
2016-05-23,VTRS,34.95693588256836,41.209999084472656,41.65999984741211,40.95000076293945,41.560001373291016,3710900,0.0516865109302511,0.1310361962107771,1.515713827950614,0.1559266650223049,-1.1768419321457628,985199000,40.016106496993565,1,1,1
2016-05-24,VTRS,36.00029754638672,42.43999862670898,42.59999847412109,41.5,41.54999923706055,3702800,0.047596619300841,0.0959000901631235,1.464285441807338,0.137724508110734,-0.9935054130701316,988901800,52.100840066754,1,1,1
2016-05-25,VTRS,36.20387649536133,42.68000030517578,42.970001220703125,42.13999938964844,42.470001220703125,3340100,0.0534207770148582,0.072164901460507,1.4328569684709815,0.1232856611235547,-0.8193982580981967,992241900,55.51723321468316,1,1,1
2016-05-26,VTRS,36.356563568115234,42.86000061035156,43.0,42.40999984741211,42.65999984741211,1953700,0.0387307471715523,0.0389640257854309,1.2649996621268131,0.1246899161937386,-0.6592926478571854,994195600,66.00197922950011,1,1,1
2016-05-27,VTRS,36.52622222900391,43.060001373291016,43.84000015258789,42.88999938964844,43.060001373291016,3054000,0.0803529719954632,0.0397120071977825,1.2314284188406808,0.1298522554267726,-0.5103859960907755,997249600,62.56859958444543,1,1,1
2016-05-31,VTRS,36.76373672485352,43.34000015258789,43.59000015258789,42.970001220703125,43.209999084472656,3456000,0.0754499410763942,0.0353022329005578,1.2178570883614677,0.1334902138359617,-0.3655687908473553,1000705600,63.52939640512956,1,1,1
2016-06-01,VTRS,37.713775634765625,44.459999084472656,44.86000061035156,42.970001220703125,43.2400016784668,5554800,0.0461088456876845,0.006297854245614,1.2642854963030137,0.140413121764936,-0.1585973472630115,1006260400,75.91396835032856,1,1,1
2016-06-02,VTRS,38.13792419433594,44.959999084472656,45.68000030517578,44.54999923706055,44.75,6713800,0.0177935776990891,0.0020017827940519,1.2171426500592912,0.1583394910693932,0.0452531837191685,1012974200,86.10477380111877,1,1,1
2016-06-03,VTRS,37.76469039916992,44.52000045776367,45.290000915527344,43.52999877929688,44.95000076293945,2792700,0.0002245804454268,0.0110062412113942,1.2521427699497762,0.169341420853804,0.1693498268455897,1010181500,80.87557846717735,1,1,1
2016-06-06,VTRS,39.46121597290039,46.52000045776367,46.54999923706055,44.79999923706055,45.119998931884766,4955900,-0.0376182283486616,-0.0245055756326456,1.2992856161934978,0.1888103666254328,0.4241907885332878,1015137400,82.32161921925045,0,0,0
2016-06-07,VTRS,39.53755187988281,46.61000061035156,46.68000030517578,45.41999816894531,46.27999877929688,4569600,-0.0373310803621907,-0.0371164882982669,1.281428473336355,0.2071061544369191,0.6261979269448048,1019707000,81.36924942940092,0,0,0
2016-06-08,VTRS,39.45272445678711,46.5099983215332,47.0,46.18000030517578,46.66999816894531,4764000,-0.0380562611684063,-0.0324661013981182,1.21571431841169,0.2194791559330765,0.7693520787068309,1014943000,77.9724434730257,0,0,0
2016-06-09,VTRS,38.81654357910156,45.7599983215332,46.709999084472656,45.709999084472656,46.290000915527344,3919200,-0.0155157148276937,0.0087412924071432,1.1500001634870247,0.2168219957233019,0.8129132850308523,1011023800,79.66751643685798,0,0,0
2016-06-10,VTRS,37.77316665649414,44.52999877929688,44.58000183105469,43.0,44.38999938964844,7341000,0.0107792399594559,-0.021783009939287,1.2757143293108248,0.1967417035397844,0.739658844621637,1003682800,67.43649255759604,1,1,1
2016-06-13,VTRS,37.97675323486328,44.77000045776367,45.369998931884766,44.04999923706055,44.150001525878906,4893100,0.0136252089371105,-0.066115681353748,1.3192858014787936,0.177515610567219,0.6929820369465745,1008575900,70.69767689434049,1,1,1
2016-06-14,VTRS,38.06158065795898,44.869998931884766,45.43000030517578,44.09999847412109,44.66999816894531,4302800,0.0002229136721321,-0.0456875258716311,1.315000261579241,0.1661692576835721,0.6564917435476048,1012878700,66.26505962570019,1,1,1
2016-06-15,VTRS,37.95130157470703,44.7400016784668,45.79999923706055,44.65999984741211,44.970001220703125,3455300,0.0058113167585851,-0.0339740813754874,1.3371429443359375,0.1563348551355566,0.6100509436769102,1009423400,63.99458063967735,1,1,1
2016-06-16,VTRS,38.21426773071289,45.04999923706055,45.119998931884766,44.09000015258789,44.400001525878906,3046000,0.024639303643726,-0.0401775269533134,1.3685714176722936,0.1521320058407952,0.5914427040799808,1012469400,64.61949510480753,1,1,1
2016-06-17,VTRS,38.18033599853516,45.0099983215332,45.58000183105469,44.470001220703125,45.04999923706055,9207200,-0.0322149967188177,-0.0339924202699849,1.3778572082519531,0.1393619261937607,0.5669325549624915,1003262200,63.30149038726756,0,0,0
2016-06-20,VTRS,38.49419021606445,45.380001068115234,46.209999084472656,45.09000015258789,45.65999984741211,3812700,-0.0786690086116495,-0.0597179998982859,1.4192859104701452,0.1279243407739386,0.5707845654386645,1007074900,63.74664028938242,0,0,0
2016-06-21,VTRS,38.07006454467773,44.880001068115234,45.790000915527344,44.060001373291016,45.560001373291016,5221100,-0.0459002077598997,-0.0298574001937778,1.4078573499407088,0.1085363801102809,0.5274118150659888,1001853800,53.08825022621719,0,0,0
2016-06-22,VTRS,38.171852111816406,45.0,46.290000915527344,44.70000076293945,44.7400016784668,3360400,-0.0395555284288194,-0.0288888719346788,1.4342858450753349,0.0984235919853333,0.4969924887982557,1005214200,50.31153369887888,0,0,0
2016-06-23,VTRS,39.15583419799805,46.15999984741211,46.220001220703125,45.459999084472656,45.63999938964844,2964200,-0.0632581927772475,-0.0350952976005174,1.3957143511090966,0.091612794755138,0.5600315516151113,1008178400,61.484590545106414,0,0,0
2016-06-24,VTRS,36.95035934448242,43.560001373291016,45.13999938964844,43.20000076293945,43.68000030517578,9367100,-0.0018365892684232,0.0227272229696611,1.462142944335938,0.0860662884508506,0.3956317191159257,998811300,30.878553608339857,0,0,0
2016-06-27,VTRS,35.465904235839844,41.810001373291016,43.18999862670898,41.619998931884766,43.18000030517578,5270300,0.0205691644919121,0.0801243330324579,1.5107143947056367,0.0996184516023691,0.1227186683645342,993541000,24.468082947771464,1,1,1
2016-06-28,VTRS,36.3226432800293,42.81999969482422,43.06999969482422,42.13999938964844,42.18000030517578,3755300,0.0168146012572287,0.0579168510021286,1.5421428680419926,0.1033938594502065,-0.0119309345618532,997296300,32.10474846847764,1,1,1
2016-06-29,VTRS,36.66194534301758,43.220001220703125,43.93000030517578,42.66999816894531,43.16999816894531,4748800,0.0111059585534301,0.0499768576215919,1.560714449201312,0.1083123843958102,-0.0853807190117095,1002045100,37.2490044822714,1,1,1
2016-06-30,VTRS,36.67890167236328,43.2400016784668,43.369998931884766,42.470001220703125,43.25,7206400,0.0300647360452794,0.0511100600991238,1.427857262747629,0.1128113089887501,-0.1403583686706326,1009251500,42.62858478157465,1,1,1
2016-07-01,VTRS,36.88249206542969,43.47999954223633,43.59000015258789,42.84000015258789,43.34000015258789,5332200,0.0246090088796993,0.0471480970249136,1.3871429988316133,0.1155742502180418,-0.16268737150817,1014583700,42.628559769600805,1,1,1
2016-07-05,VTRS,36.19540023803711,42.66999816894531,43.310001373291016,42.33000183105469,43.29999923706055,4036200,0.0583548578701131,0.0529646644764862,1.3742855616978236,0.1161377981511453,-0.2429431115265004,1010547500,38.37208317657177,1,1,1
2016-07-06,VTRS,36.93338394165039,43.540000915527344,43.59999847412109,41.9900016784668,42.63999938964844,3764000,0.0404225605081589,0.0840606286277516,1.407856804983956,0.1093738472234171,-0.2336510293459923,1014311500,44.11764375891265,1,1,1
2016-07-07,VTRS,37.06911087036133,43.70000076293945,43.91999816894531,43.13999938964844,43.7599983215332,2110900,0.0384439422390248,0.0723112080604813,1.3899996621268131,0.1006996961722494,-0.2109446975950959,1016422400,43.28359172047728,1,1,1
2016-07-08,VTRS,37.78165435791016,44.540000915527344,44.790000915527344,43.79999923706055,44.18000030517578,2490500,0.0204310693468097,0.0460260259300058,1.3885710580008366,0.0958958974314844,-0.1237423491781868,1018912900,47.83411379327439,1,1,1
2016-07-11,VTRS,37.790130615234375,44.54999923706055,44.880001068115234,44.310001373291016,44.720001220703125,3109900,0.0219977454325315,0.0612794520536217,1.3435709817068913,0.0959271900714942,-0.0532136648069752,1022022800,46.043841753670144,1,1,1
2016-07-12,VTRS,38.307579040527344,45.15999984741211,45.38999938964844,44.7400016784668,44.77999877929688,2629100,-0.0050929925379419,0.0292293998955772,1.2799995967320028,0.0972194579575069,0.0513112923188217,1024651900,51.32074914907048,0,0,0
2016-07-13,VTRS,38.42633056640625,45.29999923706055,46.77999877929688,45.27999877929688,45.93999862670898,3604100,0.0419426392467683,0.0359823641405652,1.2821423666817802,0.0987995992915373,0.1437873634027937,1028256000,51.41242592859332,1,1,1
2016-07-14,VTRS,38.49419021606445,45.380001068115234,45.970001220703125,45.27999877929688,45.84999847412109,2502400,0.0326134752622604,0.0295284292870896,1.2442853110177172,0.1009660632875394,0.2209834356649409,1030758400,45.91195647566792,1,1,1
2016-07-15,VTRS,38.55356979370117,45.45000076293945,45.900001525878906,45.150001525878906,45.83000183105469,2696000,0.0250824944007044,0.0294829511571876,1.0864282335553843,0.1025554434006241,0.284530380350148,1033454400,63.480733335872834,1,1,1
2016-07-18,VTRS,38.62142562866211,45.52999877929688,45.91999816894531,45.40999984741211,45.560001373291016,3529800,0.0384361969452928,0.0265759484210688,0.9842850821358812,0.1045752288615922,0.3374569693103737,1036984200,84.83143539053142,1,1,1
2016-07-19,VTRS,38.11246871948242,44.93000030517578,45.75,44.7400016784668,45.31999969482422,3856200,0.0344980909533176,0.0356109161641111,0.9664279392787384,0.1030384940553899,0.3272148804540506,1033128000,71.39959918599156,1,1,1
2016-07-20,VTRS,40.038028717041016,47.20000076293945,47.209999084472656,44.9900016784668,45.06999969482422,5311800,-0.0057203485889701,0.0256355734092006,1.03928484235491,0.1176261419257161,0.4965441649557078,1038439800,79.2647057998551,0,0,0
2016-07-21,VTRS,39.7496223449707,46.86000061035156,47.68999862670898,45.970001220703125,47.02000045776367,4706300,-0.0029876096420176,0.0360648443170454,1.097856249128068,0.1267646814349161,0.5964284165388136,1033733500,75.42134462741059,0,0,0
2016-07-22,VTRS,39.52059555053711,46.59000015258789,47.060001373291016,46.09000015258789,47.040000915527344,2236400,0.0042927830496763,0.0401373454767179,1.1135706220354342,0.1292972787415716,0.6463499057177629,1031497100,71.74825137515802,1,1,1
2016-07-25,VTRS,40.10589218139648,47.27999877929688,47.34000015258789,46.5099983215332,46.58000183105469,2763600,-0.0114212587726745,0.0264382409533256,1.0907137734549377,0.1382627679906832,0.7331389981656145,1034260700,82.78806124353721,0,0,0
2016-07-26,VTRS,39.427276611328125,46.47999954223633,48.34000015258789,46.41999816894531,47.130001068115234,3797000,0.0010757150936526,0.0740102982054262,1.1128570011683867,0.1287132694923438,0.7289636870339891,1030463700,71.12069414383274,1,1,1
2016-07-27,VTRS,39.80900573730469,46.93000030517578,47.0099983215332,46.380001068115234,46.52999877929688,2952100,0.0315363207460517,0.0396335094450537,1.1021426064627506,0.1265559834608735,0.7532826501478667,1033415800,72.27587063276118,1,1,1
2016-07-28,VTRS,39.63086700439453,46.720001220703125,46.91999816894531,45.81999969482422,46.81999969482422,3866700,0.0391694770664194,0.0425941312451785,1.1035712105887272,0.1236713090269758,0.7469994874427144,1029549100,66.46527124707264,1,1,1
2016-07-29,VTRS,39.690242767333984,46.790000915527344,46.93999862670898,46.11000061035156,46.70000076293945,2658900,0.0356913472166895,0.0356913472166895,1.1221425192696697,0.119216084552818,0.739147988187419,1032208000,66.76648843797766,1,1,1
2016-08-01,VTRS,39.64783477783203,46.7400016784668,47.119998931884766,46.36000061035156,46.790000915527344,3122700,0.0382968985141209,0.0430038136361303,1.1164281027657634,0.1142126600862374,0.7205846466328438,1029085300,62.90852199062525,1,1,1
2016-08-02,VTRS,39.469688415527344,46.52999877929688,46.7400016784668,45.68000030517578,46.400001525878906,4814300,0.0728562105863794,0.042983022834075,1.0764282771519238,0.0982743067101298,0.681076559194679,1024271000,59.93537815120874,1,1,1
2016-08-03,VTRS,41.06443405151367,48.40999984741211,48.540000915527344,46.29999923706055,46.33000183105469,7782500,0.007849639936232,0.0101219103493344,1.1871425083705347,0.0985640729890958,0.7923329683825884,1032053500,68.96119893245736,1,1,1
2016-08-04,VTRS,41.18319320678711,48.54999923706055,49.18999862670898,48.25,48.310001373291016,11709900,0.0032955684845814,0.0158599478859702,1.2007138388497474,0.0971249013742699,0.881638277679734,1043763400,69.230765590095,1,1,1
2016-08-05,VTRS,41.10684967041016,48.459999084472656,49.11000061035156,48.29999923706055,48.97999954223633,4747200,0.0,0.0041271309681789,1.2221426282610195,0.0982927007855389,0.9343801656385224,1039016200,68.15365809155458,0,0,0
2016-08-08,VTRS,41.16622161865234,48.52999877929688,49.31999969482422,48.2400016784668,48.41999816894531,6708700,0.0045333036521106,-0.0129816045593377,1.2271426064627495,0.0971022086301869,0.9706379718527388,1045724900,73.87266602784833,1,1,1
2016-08-09,VTRS,42.34530258178711,49.91999816894531,50.400001525878906,48.59999847412109,48.59999847412109,7814200,-0.0278445400767889,-0.0861378083890942,1.197857175554546,0.1088939542087294,1.0988668257890808,1053539100,70.42040141384369,0,0,0
2016-08-10,VTRS,41.38677215576172,48.790000915527344,49.90999984741211,48.0099983215332,49.29999923706055,7499900,0.002254572828191,-0.11559744381668,1.2114287785121358,0.1088235040417363,1.0966660976797795,1046039200,62.95302748836133,1,1,1
2016-08-11,VTRS,41.31891250610352,48.709999084472656,49.400001525878906,48.560001373291016,49.09000015258789,3496800,0.0125231086392283,-0.1203038538389045,1.202142987932476,0.1068703725299187,1.0760623487045464,1042542400,64.60054698357736,1,1,1
2016-08-12,VTRS,41.10684967041016,48.459999084472656,48.52000045776367,47.72999954223633,48.400001525878906,3623200,0.0041271309681789,-0.1120511846422142,1.2128571101597363,0.1025334391755706,1.0277139716019548,1038919200,58.651029017430105,1,1,1
2016-08-15,VTRS,41.35284423828125,48.75,48.900001525878906,48.5,48.720001220703125,3320800,-0.0174358661358172,-0.1134358723958333,1.1071428571428557,0.0980845599422146,1.0012563250069348,1042240000,67.9873214241453,0,0,0
2016-08-16,VTRS,41.16622161865234,48.52999877929688,49.02000045776367,48.4900016784668,48.709999084472656,2225300,-0.059962907904575,-0.1191015644896874,1.100000108991349,0.0846810917419852,0.9515671161939708,1040014700,63.15787822586525,0,0,0
2016-08-17,VTRS,41.480072021484375,48.900001525878906,49.15999984741211,48.31999969482422,48.7599983215332,2591800,-0.1175869083962498,-0.1337423458374789,1.0807143620082296,0.0862421958429839,0.9313086433049592,1042606500,67.46793578598597,0,0,0
2016-08-18,VTRS,41.83635711669922,49.31999969482422,49.41999816894531,48.86000061035156,49.0,2983900,-0.1311841293742366,-0.1500405833671463,1.0614286150251109,0.0878119318800255,0.93832754391115,1045590400,69.19573032016818,0,0,0
2016-08-19,VTRS,41.276493072509766,48.65999984741211,49.20000076293945,48.09999847412109,48.9900016784668,5148800,-0.1157008032422887,-0.1785860800238194,1.09428596496582,0.0843201509938056,0.8804839307018,1040441600,63.33331214058428,0,0,0
2016-08-22,VTRS,40.63181686401367,47.900001525878906,49.09000015258789,47.56999969482422,48.540000915527344,7281900,-0.0977035523192482,-0.156576195429722,1.1271430424281523,0.0829880794359526,0.7645042088832525,1033159700,58.83872739730341,0,0,0
2016-08-23,VTRS,38.6977767944336,45.619998931884766,47.59000015258789,45.52999877929688,47.45000076293945,13105600,-0.0629109820052815,-0.1163962666137302,1.1364288330078114,0.0900562408325667,0.4830440579787804,1020054100,32.883433170728935,0,0,0
2016-08-24,VTRS,36.6025619506836,43.150001525878906,45.9900016784668,42.77999877929688,45.5,17938600,-0.0183082476846159,-0.059791465581,1.2985719953264498,0.1260852241038139,0.0599852400334626,1002115500,24.236651015972555,0,0,0
2016-08-25,VTRS,36.34807968139648,42.84999847412109,45.11000061035156,42.33000183105469,44.650001525878906,17728700,-0.0217036251643611,-0.0690781607906081,1.43928609575544,0.1554729249706691,-0.2960865586682928,984386800,23.76052699192094,0,0,0
2016-08-26,VTRS,36.500770568847656,43.02999877929688,43.97999954223633,42.630001068115234,43.11000061035156,8349600,-0.0711131221334363,-0.0395072506732238,1.4585718427385592,0.1774757833053624,-0.5573269856295013,992736400,24.537044232108727,0,0,0
2016-08-29,VTRS,36.66194534301758,43.220001220703125,44.2400016784668,42.470001220703125,43.9900016784668,11697600,-0.0652475616653474,-0.0534475082843006,1.4514288221086769,0.1944914214215295,-0.7404943392262027,1004434000,15.104204747387726,0,0,0
2016-08-30,VTRS,36.26326370239258,42.75,44.09999847412109,42.59000015258789,43.25,4960800,-0.0570759912680464,-0.044678359003792,1.422857284545897,0.2125020451880454,-0.9130558180349624,999473200,16.21927230677983,0,0,0
2016-08-31,VTRS,35.93243789672852,42.36000061035156,42.630001068115234,41.869998931884766,42.560001373291016,6204900,-0.0422568670853588,-0.0205382181149488,1.4257144927978505,0.2296942267445831,-1.0689594257569652,993268300,15.67571223432202,0,0,0
2016-09-01,VTRS,35.55919647216797,41.91999816894531,42.630001068115234,41.54999923706055,42.52000045776367,5691700,-0.0484255455144727,-0.0031010796540127,1.4328575134277333,0.2459565463924047,-1.2140241630216408,987576600,15.36020159683703,0,0,0
2016-09-02,VTRS,33.905086517333984,39.970001220703125,42.09000015258789,39.81999969482422,42.0099983215332,17238000,0.03402553337044,0.0380285316823147,1.5635716574532634,0.2735469132232137,-1.4693991506184505,970338600,10.450477696061585,1,1,1
2016-09-06,VTRS,34.26985168457031,40.400001525878906,40.93000030517578,39.900001525878906,40.0,9142800,0.0126237203532408,0.0212870485933871,1.5992859431675492,0.2913644822813205,-1.618431960993739,979481400,14.058384066647548,1,1,1
2016-09-07,VTRS,34.19348907470703,40.310001373291016,40.880001068115234,40.209999084472656,40.84000015258789,6903900,0.0131480714770713,0.0396923448179595,1.5871432168143127,0.2983419885218596,-1.7239313891467063,972577500,11.06075189290911,1,1,1
2016-09-08,VTRS,34.41404724121094,40.56999969482422,40.77999877929688,39.970001220703125,40.5,4767100,0.0226769038837322,0.0497904972383171,1.605000359671456,0.304273270274409,-1.766201087672485,977344600,9.751620105379716,1,1,1
2016-09-09,VTRS,33.83722686767578,39.88999938964844,40.38999938964844,39.75,40.38999938964844,5738700,0.0476310241902877,0.0543996494571443,1.5764288221086764,0.3101905635618625,-1.8334357637090195,971605900,9.733710389249694,1,1,1
2016-09-12,VTRS,35.05873489379883,41.33000183105469,41.56999969482422,40.0,40.02999877929688,8180000,0.0038712760784802,-0.00362936170417,1.5878573826381128,0.305593792229398,-1.7503466597085475,979785900,21.60762516946876,1,1,1
2016-09-13,VTRS,34.70245361328125,40.90999984741211,41.16999816894531,40.5,41.09000015258789,5426800,0.0085553281698003,0.0097775978335576,1.4778573172433032,0.2968336639655436,-1.6988058201160356,974359100,25.746674419152868,1,1,1
2016-09-14,VTRS,34.643070220947266,40.84000015258789,41.54999923706055,40.54999923706055,41.290000915527344,4460200,0.0261997965432527,-0.0151811686965793,1.3199999673025948,0.2848295528258595,-1.6446492311891705,969898900,34.19973646788695,1,1,1
2016-09-15,VTRS,35.19445037841797,41.4900016784668,41.58000183105469,40.65999984741211,40.90999984741211,3759900,0.02651237477997,-0.0727886318532265,1.187143053327288,0.2615541116547012,-1.531624440293868,973658800,41.12274498574475,1,1,1
2016-09-16,VTRS,35.44892120361328,41.790000915527344,41.86000061035156,40.93000030517578,41.43999862670898,8748100,0.0064608866199702,-0.087820098187147,1.1571431841169084,0.2238597811288714,-1.401686281048626,982406900,42.030868622522725,1,1,1
2016-09-19,VTRS,35.19445037841797,41.4900016784668,42.060001373291016,41.25,41.970001220703125,3394400,-0.0074717127199324,-0.079296234813961,1.08857182094029,0.1811018687335445,-1.3078408101684502,979012500,39.03676273994751,0,0,0
2016-09-20,VTRS,34.99934768676758,41.2599983215332,42.040000915527344,41.130001068115234,41.560001373291016,5676800,0.0012119014491505,-0.0797381782517683,1.0457147870744985,0.130904094005781,-1.2377588337052572,973335700,40.26143373676014,1,1,1
2016-09-21,VTRS,35.55072021484375,41.90999984741211,42.06999969482422,40.91999816894531,41.04999923706055,4165300,-0.0403244722706277,-0.0925793624968197,1.0650005340576176,0.1003761461696089,-1.1168938149394236,977501000,47.15549723398541,0,0,0
2016-09-22,VTRS,36.12753677368164,42.59000015258789,43.720001220703125,42.290000915527344,42.41999816894531,7752600,-0.0967362976549419,-0.1350082174078276,1.1171433585030697,0.0969939800199788,-0.9552258264343436,985253600,54.11043892392844,0,0,0
2016-09-23,VTRS,35.67796325683594,42.060001373291016,42.68999862670898,41.95000076293945,42.68999862670898,5357600,-0.0936757563661953,-0.1455064799514809,1.0078574589320592,0.0935029360519135,-0.8599562129747369,979896000,65.52747344310353,0,0,0
2016-09-26,VTRS,34.93148422241211,41.18000030517578,41.900001525878906,41.130001068115234,41.790000915527344,6502300,-0.0723652141853379,-0.0560952247734849,1.0007147107805523,0.0875534989905806,-0.8457142225301126,973393700,55.43174037135347,0,0,0
2016-09-27,VTRS,35.04176330566406,41.310001373291016,41.43000030517578,40.81999969482422,41.040000915527344,5547800,-0.0808520949299064,-0.0726216388348912,0.9964288984026228,0.0780291710436186,-0.81454774341438,978941500,56.92519926749448,0,0,0
2016-09-28,VTRS,34.11716079711914,40.220001220703125,41.43000030517578,40.040000915527344,41.20000076293945,5648000,-0.0544505811769827,-0.0783192797184066,1.0378576006208142,0.0746529851600441,-0.8677985455282808,973293500,47.82609931847325,0,0,0
2016-09-29,VTRS,32.632694244384766,38.470001220703125,40.220001220703125,37.650001525878906,40.16999816894531,19125100,-0.0423707048711511,-0.015336629422054,1.1628576006208142,0.0901999635358114,-1.03923095692204,954168400,42.2149311765818,0,0,0
2016-09-30,VTRS,32.33580017089844,38.119998931884766,38.83000183105469,37.84999847412109,38.33000183105469,7298700,-0.0571878375199103,-0.0427596353381476,1.1128578186035156,0.1068975715318171,-1.18962142242777,946869700,30.012460695129107,0,0,0
2016-10-03,VTRS,32.403656005859375,38.20000076293945,38.220001220703125,37.40999984741211,38.09999847412109,7093700,0.0175392187320406,-0.0460733534313951,1.111429214477539,0.1197506124418294,-1.287509858481421,953963400,32.37974294232325,1,1,1
2016-10-04,VTRS,32.20856094360352,37.970001220703125,38.34999847412109,37.619998931884766,38.06999969482422,6046500,0.0089544414447504,-0.0152752650094317,1.092143467494419,0.1337803930026621,-1.3678781424228603,947916900,31.719775122665453,1,1,1
2016-10-05,VTRS,32.25945281982422,38.02999877929688,38.459999084472656,37.81999969482422,38.08000183105469,5565200,-0.0252432057661615,-0.0218248236392074,1.0721432822091237,0.1450673537790182,-1.4104702617208105,953482100,26.1707984638238,0,0,0
2016-10-06,VTRS,31.25002670288086,36.84000015258789,37.79999923706055,36.43000030517578,37.75,10539000,0.0282302093164972,0.0209012066931162,1.1200002942766465,0.1656101487225214,-1.5226950859598605,942943100,19.63191705964269,1,1,1
2016-10-07,VTRS,30.48658561706543,35.939998626708984,36.84000015258789,35.58000183105469,36.810001373291016,10871200,0.0153033687471839,0.0300501355682323,1.1521429334368023,0.1914803998945598,-1.6650628610211342,932071900,18.285724499751996,1,1,1
2016-10-10,VTRS,32.97200393676758,38.869998931884766,40.45000076293945,38.709999084472656,40.31999969482422,17944300,-0.0625160888075682,-0.0337020219858861,1.409285954066685,0.1916587638392131,-1.5238972717129895,950016200,39.56332561509888,0,0,0
2016-10-11,VTRS,32.49697494506836,38.310001373291016,39.27999877929688,38.11000061035156,38.68999862670898,8497500,-0.0240146685111837,0.0096580245006914,1.4107142857142865,0.1943140708249376,-1.4406032702714953,941518700,34.15493714480672,0,0,0
2016-10-12,VTRS,31.44512176513672,37.06999969482422,38.34999847412109,36.900001525878906,38.220001220703125,7198700,0.0035069077201363,0.0272458091325931,1.3849996839250838,0.2028992400083978,-1.4578448187603072,934320000,26.84563951692887,1,1,1
2016-10-13,VTRS,32.13222122192383,37.880001068115234,38.27000045776367,36.77000045776367,36.84000015258789,6493400,-0.0071277837948885,0.0036958655148053,1.439285550798689,0.2027398059136467,-1.390124044137039,940813400,32.86885763617684,0,0,0
2016-10-14,VTRS,30.95312690734864,36.4900016784668,38.130001068115234,36.470001220703125,38.0,5773100,0.0145244931465606,0.0191832533856872,1.491428375244141,0.2068345944795261,-1.4321077299268126,935040300,31.549970271779884,1,1,1
2016-10-17,VTRS,30.91071319580078,36.43999862670898,36.79999923706055,36.09000015258789,36.68999862670898,6709100,0.0307355320743927,0.0016465800096667,1.4985711233956478,0.2096944351199195,-1.45266946246727,928331200,30.72050331029817,1,1,1
2016-10-18,VTRS,31.71656608581543,37.38999938964844,37.470001220703125,36.68999862670898,36.95000076293945,5793500,0.034501228579439,-0.0061513652310998,1.4728570665631986,0.2061574789378835,-1.376440907585362,934124700,38.67093440189608,1,1,1
2016-10-19,VTRS,31.555395126342773,37.20000076293945,37.9900016784668,37.16999816894531,37.790000915527344,3861000,0.0236559422061071,-0.0142473812667809,1.347857339041575,0.1959880286476182,-1.3161883301636692,930263700,44.190302017112046,1,1,1
2016-10-20,VTRS,31.90317916870117,37.61000061035156,37.880001068115234,37.16999816894531,37.29999923706055,3596700,0.0109013517883129,-0.0922627270510615,1.3285715920584549,0.1723172321345189,-1.2212760571176349,933860400,47.67971681691157,1,1,1
2016-10-21,VTRS,31.4027156829834,37.02000045776367,37.709999084472656,36.81999969482422,37.56999969482422,6171000,0.0045920628536797,-0.0545651116365679,1.3342857360839848,0.1495304577698758,-1.1800624530046164,927689400,44.86956389054009,1,1,1
2016-10-24,VTRS,31.860769271850582,37.560001373291016,37.88999938964844,37.02000045776367,37.25,3149700,-0.0282215477778119,-0.0258253776687265,1.3442856924874451,0.1295426924167552,-1.0912475909594193,930839100,48.264183743706646,0,0,0
2016-10-25,VTRS,32.810829162597656,38.68000030517578,39.38999938964844,37.619998931884766,37.68999862670898,9299300,-0.039296805733486,-0.0405894437031361,1.4292855943952298,0.1017334096199346,-0.91988278321287,940138400,52.5252579143836,0,0,0
2016-10-26,VTRS,32.30186462402344,38.08000183105469,38.77000045776367,37.650001525878906,38.47999954223633,7049800,-0.037027405312767,0.0220587262998921,1.3949999128069202,0.0825014331092131,-0.8230027376636855,933088600,55.04886570249281,0,0,0
2016-10-27,VTRS,32.2509651184082,38.02000045776367,38.380001068115234,37.61000061035156,38.2400016784668,4523700,-0.1020515786796352,0.0068384618201686,1.3600000653948108,0.0805264249185593,-0.7425070538331013,928564900,59.09091515368157,0,0,0
2016-10-28,VTRS,31.54691505432129,37.18999862670898,38.75,36.66999816894531,37.86000061035156,7763800,-0.0588867627743382,0.0198978678621233,1.1864286150251122,0.0800198334500219,-0.7371899883082875,920801100,41.006426169302216,0,0,0
2016-10-31,VTRS,30.96161460876465,36.5,37.47999954223633,36.47999954223633,37.290000915527344,5473100,0.0024657576051476,0.0531506473070952,1.174285888671875,0.0819590838618502,-0.7796657962151059,915328000,40.44350363846197,1,1,1
2016-11-01,VTRS,31.521472930908203,37.15999984741211,37.31999969482422,36.5099983215332,36.540000915527344,6488900,-0.0013455123053244,0.0403659850957847,1.1292860848563062,0.0813067505206599,-0.7514099223176061,921816900,50.506187402406646,0,0,0
2016-11-02,VTRS,31.10582160949707,36.66999816894531,37.560001373291016,36.34999847412109,37.119998931884766,5947000,0.0613580614221425,0.0335424984551879,1.108572006225587,0.0817416120709476,-0.7597975063232667,915869900,42.94047605799941,1,1,1
2016-11-03,VTRS,28.95970726013184,34.13999938964844,37.09999847412109,33.599998474121094,37.040000915527344,17832200,0.1212653621459562,0.1001758068185423,1.240000588553293,0.1109513839324069,-0.9595335786781832,898037700,37.89906494765696,1,1,1
2016-11-04,VTRS,29.689218521118164,35.0,35.630001068115234,34.0,34.0099983215332,7932400,0.0837142944335938,0.0420000348772322,1.3057150159563342,0.1192124741348478,-1.036483061564354,905970100,43.15590036098207,1,1,1
2016-11-07,VTRS,31.03795623779297,36.59000015258789,36.810001373291016,35.279998779296875,35.689998626708984,5780700,0.0505602204538455,0.0024596925994142,1.361429214477539,0.1124436083460504,-0.9581217261654372,911750800,46.41577397850028,1,1,1
2016-11-08,VTRS,31.47905921936035,37.11000061035156,37.77000045776367,35.45000076293945,35.61000061035156,9116500,0.0417676963505138,-0.0212880868373518,1.4685717991420202,0.108242213918775,-0.8443272334111711,920867300,49.608354484592645,1,1,1
2016-11-09,VTRS,33.0144157409668,38.91999816894531,40.5,38.54999923706055,40.0,17363400,-0.0262075203251235,-0.0531860172716015,1.6600001198904857,0.1171398884909993,-0.601162771639963,938230700,55.0814492654118,0,0,0
2016-11-10,VTRS,32.47151565551758,38.27999877929688,40.40999984741211,37.54999923706055,39.45000076293945,11946500,-0.018808710265562,-0.041797244648462,1.8007144927978516,0.1190212803027046,-0.45485252900896,926284200,54.86861845152168,0,0,0
2016-11-11,VTRS,32.17463302612305,37.93000030517578,38.540000915527344,37.40999984741211,37.91999816894531,5722000,-0.0384919344246204,-0.0313735464575412,1.8192860739571708,0.1192914584438765,-0.3629585986266974,920562200,51.45097663759019,0,0,0
2016-11-14,VTRS,32.60724258422852,38.43999862670898,38.52999877929688,37.560001373291016,37.560001373291016,4971100,-0.0457855979295043,-0.0619146029772302,1.7578574589320597,0.1210393745295169,-0.2461420224085841,925533300,49.01152485194473,0,0,0
2016-11-15,VTRS,32.79386520385742,38.65999984741211,38.77999877929688,37.400001525878906,38.0,5328100,-0.0605276813715386,-0.0530263643339815,1.7764287676130033,0.1250933665145436,-0.1342640716128471,930861400,52.46597831266444,0,0,0
2016-11-16,VTRS,32.1491813659668,37.900001525878906,38.59999847412109,37.70000076293945,38.5,4776100,-0.0277045648940371,-0.049340439875844,1.7900000980922164,0.1255986413463861,-0.1057069783013133,926085300,49.5184631723904,0,0,0
2016-11-17,VTRS,31.860769271850582,37.560001373291016,38.130001068115234,37.0,38.08000183105469,5441100,-0.0234292075596409,-0.0417997773541256,1.7221429007393982,0.1255584075990828,-0.1092510686106678,920644200,51.54554279315028,0,0,0
2016-11-18,VTRS,30.93617248535156,36.470001220703125,37.59000015258789,36.40999984741211,37.45000076293945,6108800,0.0074033575192313,-0.0224842244962339,1.7350000653948112,0.1271777713917812,-0.1977343302433993,914535400,49.878743770661664,1,1,1
2016-11-21,VTRS,31.11429977416992,36.68000030517578,37.11000061035156,36.41999816894531,36.52999877929688,3700100,-0.0169029151234025,-0.0223554985823845,1.7257145472935278,0.1281241290958287,-0.248053376576145,918235500,47.98657814772678,0,0,0
2016-11-22,VTRS,30.80891990661621,36.31999969482422,36.93999862670898,35.900001525878906,36.619998931884766,3485900,0.007984606772138,-0.0501101241772196,1.713571275983538,0.125737752949067,-0.3133683091261261,914749600,48.51569688961249,1,1,1
2016-11-23,VTRS,31.25850296020508,36.84999847412109,36.900001525878906,35.2599983215332,35.90999984741211,4267800,-0.0222523671310345,-0.0214381854421206,1.5807143620082316,0.1241485151917673,-0.3186907233552674,919017400,63.840658544226336,0,0,0
2016-11-25,VTRS,31.11429977416992,36.68000030517578,37.040000915527344,36.58000183105469,36.93000030517578,1306400,-0.0188113037341393,-0.0046347323399174,1.497142791748047,0.1227043696216183,-0.332790010392479,917711000,59.23078019440725,0,0,0
2016-11-28,VTRS,31.165197372436523,36.7400016784668,37.150001525878906,36.66999816894531,36.720001220703125,3607600,-0.0296679396513673,0.0106151162719465,1.402142933436803,0.1229418626695435,-0.3352575472628984,921318600,50.9907640891985,0,0,0
2016-11-29,VTRS,30.58838081359864,36.060001373291016,37.0,35.95000076293945,36.7599983215332,3698200,-0.005546332648994,0.062118629463743,1.3114286150251122,0.1245493383779109,-0.3876152424060208,917620400,43.2082772601858,0,0,0
2016-11-30,VTRS,31.054912567138672,36.61000061035156,36.720001220703125,35.689998626708984,36.02999877929688,5522900,-0.0576345417966192,0.0295000818998085,1.1428574153355195,0.1249236481201863,-0.3803443778961579,923143300,32.14837830985746,0,0,0
2016-12-01,VTRS,30.562931060791016,36.02999877929688,37.15999984741211,35.91999816894531,36.619998931884766,5125300,0.0008327114907196,0.0480155315250909,1.027143205915179,0.126861675665086,-0.4165813750976781,918018000,32.44928710940984,1,1,1
2016-12-02,VTRS,30.52900123596192,35.9900016784668,36.41999816894531,35.68000030517578,36.06999969482422,3543400,0.01444836395708,0.050847400139254,0.9992858341762004,0.1088595410734886,-0.4434154706910433,914474600,34.0983579902656,1,1,1
2016-12-05,VTRS,30.240591049194336,35.650001525878906,36.65999984741211,35.369998931884766,36.310001373291016,3528300,0.0415147118903198,0.0516129052968541,1.0221432277134486,0.1025616329804837,-0.4865086862975118,910946300,26.47555858329912,1,1,1
2016-12-06,VTRS,30.41872215270996,35.86000061035156,36.02000045776367,34.90999984741211,35.45000076293945,5788900,0.0680423476067828,0.0398773084449695,1.0028577532087048,0.1060498326260178,-0.4979748549053582,916735200,26.35133524197248,1,1,1
2016-12-07,VTRS,29.26508331298828,34.5,35.52000045776367,33.790000915527344,35.52000045776367,11556400,0.092463728310405,0.0875362451525703,1.0821435110909594,0.1220792999774827,-0.6097734703964761,905178800,23.926355242110475,1,1,1
2016-12-08,VTRS,30.58838081359864,36.060001373291016,36.08000183105469,34.2400016784668,34.5,9101700,0.0471435630477081,0.0346644468218422,1.1328577314104349,0.1131453583666957,-0.5659714388475336,914280500,40.31007484497241,1,1,1
2016-12-09,VTRS,30.97009658813477,36.5099983215332,37.150001525878906,36.06999969482422,36.08000183105469,6118800,0.0358806199264707,0.0271159058882481,1.1264291490827285,0.1069623766894469,-0.4893065984426101,920399300,50.28166993602586,1,1,1
2016-12-12,VTRS,31.49601554870605,37.130001068115234,37.29999923706055,36.34999847412109,36.68999862670898,4876600,0.0096956800429695,0.0121196000537118,1.145000457763672,0.1031089191014275,-0.3742065004100681,925275900,52.99601107532328,1,1,1
2016-12-13,VTRS,32.48847579956055,38.29999923706055,38.45000076293945,37.63999938964844,37.70000076293945,7035600,-0.0263707138812653,-0.0284595345770442,1.165000643048968,0.1017115950543227,-0.1864307121164543,932311500,61.899041602687184,0,0,0
2016-12-14,VTRS,31.97104835510254,37.68999862670898,38.16999816894531,37.130001068115234,38.150001525878906,5845700,-0.0045104318158514,-0.0082249288906597,1.1314288548060831,0.092467423634725,-0.0858493800954676,926465800,55.00000227065375,0,0,0
2016-12-15,VTRS,32.03042221069336,37.7599983215332,38.09999847412109,37.31999969482422,37.63999938964844,4591700,-0.0119172925912331,0.0103284751504688,1.1542859758649553,0.0913426785060898,-0.0004839804338345,931057500,56.50601274476685,0,0,0
2016-12-16,VTRS,32.08132553100586,37.81999969482422,38.22999954223633,37.630001068115234,38.09000015258789,6542300,-0.0084611236754719,0.0341089615530558,1.1628570556640625,0.0931818048887199,0.0711896927309183,937599800,56.50601274476685,0,0,0
2016-12-19,VTRS,31.80139541625977,37.4900016784668,38.290000915527344,37.380001068115234,37.630001068115234,2727900,0.0024006441333286,0.0570818696676023,1.1528570992606026,0.0954324609637098,0.1002083733331389,934871900,58.99371606357639,1,1,1
2016-12-20,VTRS,31.63174057006836,37.290000915527344,37.83000183105469,37.13999938964844,37.560001373291016,2479900,-0.0021453963285201,0.0501474627506943,1.1285713740757533,0.0966132953049723,0.105847354273223,932392000,54.47368711645972,0,0,0
2016-12-21,VTRS,31.82683753967285,37.52000045776367,37.88999938964844,37.04999923706055,37.400001525878906,4093000,-0.0037313269706922,0.02611939046588,1.0999998365129744,0.0980870862947792,0.1274066634585509,936485000,60.27587905140786,0,0,0
2016-12-22,VTRS,31.6487045288086,37.310001373291016,37.810001373291016,37.130001068115234,37.38999938964844,3122900,0.022514074555602,0.0439560259792017,1.0957142966134208,0.0989704078974004,0.1260938686064108,933362100,58.89487884477364,1,1,1
2016-12-23,VTRS,31.809873580932617,37.5,37.54999923706055,37.20000076293945,37.2599983215332,2077700,0.0429333496093748,0.0386666870117187,1.028571265084403,0.1004141820843868,0.1387849440738904,935439800,62.72351670124556,1,1,1
2016-12-27,VTRS,31.87774085998535,37.58000183105469,38.2400016784668,37.459999084472656,37.47999954223633,3860100,0.0545502697492288,-0.0079830504827143,1.0049999782017298,0.102003811680922,0.1535284120134719,939299900,62.044827505145015,1,1,1
2016-12-28,VTRS,31.56387710571289,37.209999084472656,37.790000915527344,36.900001525878906,37.68999862670898,5533600,0.052405289194247,-0.011824741669843,0.9207142421177456,0.100328429503511,0.1338140619594341,933766300,72.03250741539743,1,1,1
2016-12-29,VTRS,31.70808792114257,37.380001068115234,38.0,37.18000030517578,37.470001220703125,3553000,0.0299625173858038,-0.0173890183869831,0.8478570665631976,0.100607312369914,0.1304048113306422,937319300,63.86553679017408,1,1,1
2016-12-30,VTRS,32.36124801635742,38.150001525878906,38.790000915527344,37.84000015258789,37.97999954223633,6312700,0.0209698349951013,-0.0283093522374323,0.8707141876220703,0.1016418308021039,0.1876721892484241,943632000,66.14174588287236,1,1,1
2017-01-03,VTRS,33.17557907104492,39.11000061035156,39.27999877929688,38.41999816894531,38.47999954223633,5031900,-0.0040910213478687,-0.0490923537120683,0.8835710797991071,0.1087278880583069,0.3069822021704596,948663900,68.26567174893947,0,0,0
2017-01-04,VTRS,33.61668395996094,39.630001068115234,40.08000183105469,39.25,39.31999969482422,6581800,-0.0592985673853305,-0.0676255420879109,0.8585711887904576,0.1152746350832549,0.4384418533449832,955245700,63.9413064966555,0,0,0
2017-01-05,VTRS,33.217994689941406,39.15999984741211,39.470001220703125,38.77000045776367,38.95000076293945,5799300,-0.0610316496159634,-0.0533707906213387,0.8364285060337612,0.1153781619767158,0.4989478433162873,949446400,65.87472646260123,0,0,0
2017-01-06,VTRS,32.65813064575195,38.5,39.08000183105469,37.95000076293945,38.869998931884766,5723600,-0.0459740378639914,-0.0641558758624186,0.8671428135463175,0.0893626797091761,0.488017245428253,943722800,57.08813184516437,0,0,0
2017-01-09,VTRS,33.03985977172852,38.95000076293945,39.130001068115234,38.40999984741211,38.5,3382200,-0.0482670354631683,-0.0806161573335864,0.8757144383021769,0.0829910772993958,0.5097894333524309,947105000,60.07130282348574,0,0,0
2017-01-10,VTRS,33.03985977172852,38.95000076293945,39.369998931884766,38.66999816894531,39.22999954223633,3409800,-0.0451861900322503,-0.0634146642444564,0.8607145036969871,0.0788727547275138,0.5210378491522505,947105000,63.82573212476935,0,0,0
2017-01-11,VTRS,31.62325859069824,37.27999877929688,39.58000183105469,37.08000183105469,39.54999923706055,11809800,-0.0088518784110231,-0.0316523697374984,0.9900000435965408,0.0779893465910022,0.3906934258085215,935295200,49.925910185738864,0,0,0
2017-01-12,VTRS,31.190643310546875,36.77000045776367,37.43999862670898,36.16999816894531,37.43999862670898,7167200,0.008158804278644,-0.002991585775962,1.020714351109096,0.0829544881610489,0.2434357530857553,928128000,44.66572321276441,1,1,1
2017-01-13,VTRS,31.156713485717773,36.72999954223633,37.02000045776367,36.34999847412109,36.790000915527344,5031400,-0.0190580117523416,-0.0106180069291852,1.0200001852852962,0.0875615228939257,0.1220977797356965,923096600,45.77258648397662,0,0,0
2017-01-17,VTRS,31.44512176513672,37.06999969482422,37.36000061035156,36.45000076293945,36.86000061035156,4542900,-0.0339897041247919,0.0264364594093362,1.0600002833775115,0.0896913317140692,0.0527635076053627,927639500,46.93295502037405,0,0,0
2017-01-18,VTRS,31.54691505432129,37.18999862670898,37.380001068115234,36.709999084472656,37.18000030517578,4247600,-0.0190911296232946,0.0395267887869028,1.0521430969238286,0.0911252937213587,0.0074130552592421,931887100,47.23402252130136,0,0,0
2017-01-19,VTRS,31.34333610534668,36.95000076293945,37.29999923706055,36.709999084472656,37.11000061035156,4062700,-0.0230041210085958,0.0554803570969524,1.0307145799909323,0.0931734685031796,-0.0473475339195843,927824400,48.12139994939464,0,0,0
2017-01-20,VTRS,31.44512176513672,37.06999969482422,37.34999847412109,36.79999923706055,36.93000030517578,3587000,-0.0110601524355921,0.0577286055372487,1.0114288330078125,0.0940242666612835,-0.0801389920270665,931411400,47.74380333705548,0,0,0
2017-01-23,VTRS,30.562931060791016,36.02999877929688,37.18999862670898,35.81999969482422,36.869998931884766,4735300,0.0086039795668584,0.1096308880590122,1.008571624755859,0.102620040832065,-0.1878800764892148,926676100,35.15404112179891,1,1,1
2017-01-24,VTRS,30.376310348510746,35.810001373291016,36.130001068115234,35.15999984741211,36.02999877929688,5067200,0.062552297622648,0.0999720156120287,0.997143336704798,0.1117292403385437,-0.2877011741795172,921608900,24.218746740369767,1,1,1
2017-01-25,VTRS,30.94464683532715,36.47999954223633,36.63999938964844,35.97999954223633,36.0,5124900,0.0597587810452626,0.0742872565372438,0.987143107822962,0.1151126089101508,-0.3091827936599998,926733800,25.954170020302318,1,1,1
2017-01-26,VTRS,30.62230110168457,36.09999847412109,36.59000015258789,35.83000183105469,36.540000915527344,3517400,0.0803324556359144,0.0886426841605945,0.9800000871930792,0.1204948506086764,-0.3528031471919561,923216400,26.315761502117795,1,1,1
2017-01-27,VTRS,31.097335815429688,36.65999984741211,36.83000183105469,36.0099983215332,36.15999984741211,2982100,0.0695580809512894,0.0722859120815291,0.9521432604108528,0.1220719917965637,-0.3382856149423077,926198500,35.534582707296806,1,1,1
2017-01-30,VTRS,30.82589340209961,36.34000015258789,36.72999954223633,35.5,36.56999969482422,5237900,0.1001650901035899,0.0946614918069563,0.9885717119489388,0.1251791630198492,-0.3485834144484485,920960600,29.05295023867897,1,1,1
2017-01-31,VTRS,32.276424407958984,38.04999923706055,38.09000015258789,36.40999984741211,37.02000045776367,7353700,0.0352168246900446,0.0709592855999234,1.0635716574532634,0.124896497052311,-0.216268847044347,928314300,44.33248039080974,1,1,1
2017-02-01,VTRS,32.79386520385742,38.65999984741211,38.75,38.06999969482422,38.68000030517578,5917200,0.0137092286960354,0.0977754473413403,0.9350002833775102,0.1219419474521722,-0.0614779680866561,934231500,60.02908709438994,1,1,1
2017-02-02,VTRS,33.082275390625,39.0,39.34999847412109,38.15999984741211,38.2599983215332,6225400,0.0076922881297576,0.0769230769230768,0.929285866873604,0.1162596283657511,0.0876200599993097,940456900,66.61699787093124,1,1,1
2017-02-03,VTRS,33.260406494140625,39.209999084472656,39.5,38.52000045776367,39.27000045776367,5719500,0.0025504282365045,0.0724305080056109,0.9514285496302998,0.1166931061566976,0.2201882988849988,946176400,68.02326967551201,1,1,1
2017-02-06,VTRS,33.91356658935547,39.97999954223633,40.25,39.34000015258789,39.36000061035156,6182800,-0.0050025203909309,0.0580290075384639,0.9607143402099594,0.1289276529481419,0.3829675732878641,952359200,69.90425675700358,0,0,0
2017-02-07,VTRS,33.41309356689453,39.38999938964844,40.29999923706055,39.209999084472656,40.2599983215332,6061700,0.0345265456061156,0.0662604887228677,0.9907142094203388,0.132106096779203,0.4590713507670045,946297500,64.13883153491656,1,1,1
2017-02-08,VTRS,33.24344253540039,39.18999862670898,39.650001525878906,39.0,39.220001220703125,5939500,0.0829293216097497,0.0801225647965631,0.9950000217982684,0.1336854298820136,0.4975107582923286,940358000,64.47027443156551,1,1,1
2017-02-09,VTRS,33.33674621582031,39.29999923706055,39.59999847412109,39.0,39.36000061035156,5517100,0.0687023108232864,0.0727735538390172,0.998571395874022,0.1395390315346891,0.5307324424123863,945875100,64.42431872118307,1,1,1
2017-02-10,VTRS,33.34523010253906,39.310001373291016,39.459999084472656,39.0,39.09000015258789,2521900,0.0697023090320014,0.0796234328179041,0.9335714067731574,0.1428922602484778,0.5515104856540347,948397000,74.4776285111578,1,1,1
2017-02-13,VTRS,33.7439079284668,39.77999877929688,39.88999938964844,39.560001373291016,39.709999084472656,3920300,0.0633484297409072,0.0520361930202348,0.9057140350341788,0.1476279760132598,0.5989972301469209,952317300,78.56112928199711,1,1,1
2017-02-14,VTRS,34.56673049926758,40.75,40.90999984741211,39.560001373291016,39.59000015258789,5501900,0.0306748466257669,0.1011042682671108,0.942856924874441,0.1593804188652771,0.706754779989204,957819200,79.44826352440998,1,1,1
2017-02-15,VTRS,36.00029754638672,42.43999862670898,42.59000015258789,40.59000015258789,40.66999816894531,10793900,-0.0025918190201134,0.066918007645754,1.031428473336355,0.1852758726019196,0.917940730514907,968613100,87.03270523045708,0,0,0
2017-02-16,VTRS,35.62705993652344,42.0,42.650001525878906,41.560001373291016,42.59999847412109,4437500,0.0038095201764787,0.0757142929803758,1.0507139478410985,0.1985887716056831,1.037839339986867,964175600,81.63507714141727,1,1,1
2017-02-17,VTRS,35.669471740722656,42.04999923706055,42.33000183105469,41.77999877929688,41.86000061035156,6616400,0.0092746586616987,0.0473246543299081,1.0021427699497754,0.208490561271687,1.1239383111621848,970792000,84.94492266948559,1,1,1
2017-02-21,VTRS,35.88153839111328,42.29999923706055,42.70000076293945,42.06999969482422,42.459999084472656,7442800,-0.0106383161006111,0.0243499435596139,0.9235714503696972,0.2096782371886824,1.198529376200831,978234800,81.66915484261955,0,0,0
2017-02-22,VTRS,35.62705993652344,42.0,42.29999923706055,41.86000061035156,42.209999084472656,5059300,0.0683333079020183,0.0350000290643601,0.904999869210378,0.2019838379570956,1.2193796518222726,973175500,76.09376052394886,1,1,1
2017-02-23,VTRS,35.90699005126953,42.33000183105469,42.540000915527344,41.77000045776367,42.02999877929688,4395100,0.0696904517041145,0.0212614616643218,0.874999999999999,0.1976581070561761,1.2481442058340662,977570600,76.05635484448689,1,1,1
2017-02-24,VTRS,35.762779235839844,42.15999984741211,42.34999847412109,41.7599983215332,42.310001373291016,4857700,0.071631889674901,0.0294118046241622,0.8471429007393958,0.1840198805955114,1.242895259930691,972712900,73.22834409157673,1,1,1
2017-02-27,VTRS,36.00029754638672,42.43999862670898,42.5,41.77000045776367,42.040000915527344,4060300,0.0377003379027309,0.0127238674128398,0.8249999455043232,0.1724657479330138,1.246954874338563,976773200,70.98975109428417,1,1,1
2017-02-28,VTRS,35.49982452392578,41.84999847412109,42.47999954223633,41.41999816894531,42.45000076293945,6874100,0.0353644781575988,0.0219833217965703,0.8228571755545465,0.1482644018780955,1.188859632721325,969899100,70.98975109428417,1,1,1
2017-03-01,VTRS,38.06158065795898,44.869998931884766,45.869998931884766,44.09999847412109,44.34000015258789,15930300,-0.0312011977826636,-0.045464612199499,1.0635713849748871,0.1613770957578824,1.3707068772847322,985829400,82.7188946167944,0,0,0
2017-03-02,VTRS,38.40935897827149,45.27999877929688,45.72999954223633,44.400001525878906,44.66999816894531,7235900,-0.0452738359612735,-0.0616165454073673,1.1157142094203398,0.1758821797740179,1.5302657390321317,993065300,83.29621295697257,0,0,0
2017-03-03,VTRS,38.32454299926758,45.18000030517578,45.75,44.90999984741211,45.209999084472656,5382300,-0.0393979364159712,-0.0697211488402322,1.1428571428571423,0.1849732305121399,1.62986023119457,987683000,82.35943549184172,0,0,0
2017-03-06,VTRS,37.357521057128906,44.040000915527344,45.43999862670898,43.97999954223633,45.310001373291016,5353300,-0.0240690588386723,-0.0424614602113397,1.20571436200823,0.1828668532304218,1.5983760759516557,982329700,71.86859892483476,0,0,0
2017-03-07,VTRS,36.7552490234375,43.33000183105469,43.75,42.790000915527344,43.45000076293945,6585100,-0.0129241022300087,-0.038310722177714,1.1985716138567233,0.1799493556475913,1.4988557871743282,975744600,63.60761072686917,0,0,0
2017-03-08,VTRS,36.87400817871094,43.470001220703125,43.880001068115234,43.06999969482422,43.31999969482422,4298400,-0.0147227828773013,-0.0407177457570598,1.1135717119489388,0.1720708551568755,1.4149711158002347,980043000,56.494344576513136,0,0,0
2017-03-09,VTRS,36.67042541503906,43.22999954223633,43.65999984741211,42.900001525878906,43.619998931884766,4391500,-0.0171176930743786,-0.0374739520943553,1.0900001525878895,0.1593506157914069,1.313979047173028,975651500,57.95601303412549,0,0,0
2017-03-10,VTRS,36.81462860107422,43.400001525878906,43.72999954223633,42.970001220703125,43.68000030517578,3670700,-0.0315668824519536,-0.0562212524336273,1.1049998147147038,0.144792947734601,1.2334414986853304,979322200,58.59873818598319,0,0,0
2017-03-13,VTRS,36.45835494995117,42.97999954223633,43.5,42.88999938964844,43.5,3195200,-0.0188460070246169,-0.0295486382338289,1.1021426064627506,0.1256678011674411,1.122781534665819,976127000,54.23940114041312,0,0,0
2017-03-14,VTRS,36.280216217041016,42.77000045776367,42.93000030517578,42.31999969482422,42.68000030517578,3593100,-0.0257190151284809,-0.0245499000659923,1.1178569793701167,0.1074625036759356,1.00653483777333,972533900,54.85498144845855,0,0,0
2017-03-15,VTRS,36.33113098144531,42.83000183105469,43.0,42.59999847412109,42.88999938964844,6844200,-0.0263833999487692,-0.0579034146838496,1.091428484235491,0.0965788464200093,0.9087743177038732,979378100,53.26370601148193,0,0,0
2017-03-16,VTRS,36.04270553588867,42.4900016784668,42.88999938964844,42.29999923706055,42.709999084472656,4394500,-0.0207107797917834,-0.0682513864749639,1.0914284842354915,0.0964426794207128,0.7947023958737347,974983600,52.1072908932528,0,0,0
2017-03-17,VTRS,35.65250396728516,42.02999877929688,42.630001068115234,41.93999862670898,42.59000015258789,6070600,-0.0254579996645464,-0.0723292217254958,1.0885715484619152,0.0963001538021708,0.6595779820174954,968913000,47.44070197997414,0,0,0
2017-03-20,VTRS,35.771263122558594,42.16999816894531,42.52000045776367,41.95000076293945,42.09999847412109,5027300,-0.010908207361778,-0.0749347873991416,1.0535714285714295,0.0957774554250147,0.5573627602842279,973940300,52.11639864568253,0,0,0
2017-03-21,VTRS,35.347137451171875,41.66999816894531,42.16999816894531,41.58000183105469,42.16999816894531,4241500,0.001199977296737,-0.0712742389371943,0.8085711342947829,0.098803647610656,0.4310418570996432,969698800,18.25399047991722,1,1,1
2017-03-22,VTRS,35.37258529663086,41.70000076293945,41.86000061035156,41.369998931884766,41.59999847412109,4364700,-0.0323741550148404,-0.0690647725521101,0.748571395874024,0.100360138339365,0.3295536999135393,974063500,11.588065746938485,0,0,0
2017-03-23,VTRS,35.296241760253906,41.61000061035156,42.060001373291016,41.119998931884766,41.20000076293945,5030000,-0.0485460328799213,-0.0636866495315467,0.7557144165039068,0.1035719594538118,0.2391050893770909,969033500,11.612982086544946,0,0,0
2017-03-24,VTRS,34.74486541748047,40.959999084472656,41.27000045776367,40.25,40.27999877929688,24463400,-0.0480956408700862,-0.0332031406433094,0.7485716683524005,0.1104583826727685,0.113663975474985,944570100,12.9808477041269,0,0,0
2017-03-27,VTRS,35.381065368652344,41.709999084472656,41.75,40.790000915527344,40.86000061035156,8049700,-0.0647326977272598,-0.0589786415360636,0.7278573172433046,0.1128887733627821,0.0739176443496774,952619800,30.714309069507152,0,0,0
2017-03-28,VTRS,35.38954544067383,41.720001220703125,42.47999954223633,41.54999923706055,41.93999862670898,4381200,-0.0723873530536961,-0.0783796826961972,0.7364286695207879,0.1134509421682255,0.042732881322884,957001000,28.5013074897134,0,0,0
2017-03-29,VTRS,34.22742462158203,40.34999847412109,41.88999938964844,40.130001068115234,41.5,10250600,-0.0379181867944344,-0.0572490122911722,0.8078572409493593,0.1166207636449487,-0.0914745781128871,946750400,22.307767359936747,0,0,0
2017-03-30,VTRS,33.58274841308594,39.59000015258789,40.43000030517578,39.5,40.209999084472656,7331500,-0.0159131362891407,-0.0484971451437863,0.820000239780972,0.118880143553379,-0.2562070739399971,939418900,17.098503969846092,0,0,0
2017-03-31,VTRS,33.07379531860352,38.9900016784668,39.65999984741211,38.95000076293945,39.47999954223633,6588100,0.0156449543317453,-0.0369326078331904,0.8271429879324786,0.122568981527907,-0.4302143825784128,932830800,16.58298200257883,1,1,1
2017-04-03,VTRS,33.09074401855469,39.0099983215332,39.15999984741211,38.56999969482422,38.630001068115234,7582200,0.006152311940355,-0.0507562068041252,0.8221430097307488,0.1305857711576411,-0.560046993231957,940413000,17.474066027188513,1,1,1
2017-04-04,VTRS,32.82779693603516,38.70000076293945,39.02000045776367,38.34000015258789,38.97999954223633,5425700,-0.0064599481930607,-0.0449612827949369,0.8421429225376679,0.1418251583151143,-0.6801145476405637,934987300,15.75456640575321,0,0,0
2017-04-05,VTRS,32.92958450317383,38.81999969482422,39.2400016784668,38.59000015258789,38.7400016784668,5371900,-0.0200927044159887,-0.0448222018920191,0.8464287349155976,0.1472456319449221,-0.7568614113984751,940359200,18.416513630152963,0,0,0
2017-04-06,VTRS,33.04833984375,38.959999084472656,39.310001373291016,38.790000915527344,39.02999877929688,4102400,-0.0331109072341192,-0.0546713886927905,0.8342857360839844,0.1498378341910967,-0.7971974768619461,944461600,22.04006475954881,0,0,0
2017-04-07,VTRS,33.59122848510742,39.59999847412109,39.81999969482422,38.68000030517578,38.86000061035156,6607500,-0.0517676594962555,-0.0537878115023143,0.875,0.1447325726809282,-0.7686608534569643,951069100,28.54757419556977,0,0,0
2017-04-10,VTRS,33.29433822631836,39.25,40.06999969482422,39.2400016784668,39.75,4782100,-0.0565605406548564,-0.0611465356911825,0.8921429770333427,0.1419517713144685,-0.7654635384290174,946287000,29.280824602199928,0,0,0
2017-04-11,VTRS,32.61573028564453,38.45000076293945,39.15999984741211,38.25,39.15999984741211,7016000,-0.0387516683719537,-0.0262679354015509,0.9285714285714286,0.1431278006248115,-0.8180528912817024,939271000,25.416010203316038,0,0,0
2017-04-12,VTRS,32.26793670654297,38.040000915527344,38.5,37.68000030517578,38.33000183105469,4225800,-0.0252365683850653,-0.0084121894616884,0.9199998038155692,0.143580434075359,-0.8826393761731737,935045200,24.242399221426567,0,0,0
2017-04-13,VTRS,31.954084396362305,37.66999816894531,37.95000076293945,37.09999847412109,37.79999923706055,2968000,-0.0222988154690993,-0.0084948157785691,0.8899999346051902,0.1459428423750591,-0.9526986432522548,932077200,25.263128307030016,0,0,0
2017-04-17,VTRS,31.85229110717773,37.54999923706055,37.84999847412109,37.0,37.7400016784668,3634300,-0.0021304398930177,-0.0039946128955868,0.8821427481515067,0.149024932876092,-1.0063039821881787,928442900,15.448465089458466,0,0,0
2017-04-18,VTRS,31.41118621826172,37.02999877929688,37.310001373291016,36.75,36.959999084472656,4422700,-0.0048609319770335,0.0307858338436077,0.8728569575718471,0.1516904323240109,-1.078316133458863,924020200,14.08875346273328,0,0,0
2017-04-19,VTRS,31.3518123626709,36.959999084472656,37.290000915527344,36.84999847412109,37.16999816894531,3848800,0.0129870009233299,0.0062229314917094,0.7785715375627795,0.154757942800354,-1.1280314283895765,920171400,17.59075426145681,1,1,1
2017-04-20,VTRS,31.45360565185547,37.08000183105469,37.220001220703125,36.59999847412109,37.18000030517578,3596500,0.0172599611123114,0.0250808102630577,0.7564288548060836,0.1529780528616198,-1.1445542303499463,923767900,22.65792581523695,1,1,1
2017-04-21,VTRS,31.24153518676757,36.83000183105469,37.45000076293945,36.540000915527344,37.11000061035156,3876700,0.0141188329409189,0.0290523932019466,0.7707146235874731,0.1499697038632723,-1.1643991124516615,919891200,24.52826793607485,1,1,1
2017-04-24,VTRS,31.784427642822266,37.470001220703125,37.70000076293945,37.13999938964844,37.25,4490500,-0.0018681529902256,-0.0024019255312477,0.7907145363943927,0.1451119659126613,-1.1156235090841733,924381700,34.15639798150572,0,0,0
2017-04-25,VTRS,31.25850296020508,36.84999847412109,37.5,36.56999969482422,37.470001220703125,5844100,0.0358208887240858,0.0314789659550938,0.8085716792515356,0.1325751895974726,-1.1141542553573842,918537600,32.108301943871496,1,1,1
2017-04-26,VTRS,31.75898551940918,37.43999862670898,38.02000045776367,36.83000183105469,36.91999816894531,6161200,-0.0066773506722741,0.0205662522971989,0.8471429007393984,0.1093590559630064,-1.053240676813921,924698800,37.76595492843042,0,0,0
2017-04-27,VTRS,31.996501922607425,37.720001220703125,37.84000015258789,37.31999969482422,37.400001525878906,3467300,0.0076881519471136,0.0453340145581464,0.8471429007393984,0.0975899143990289,-0.9711772311200662,928166100,39.27338677423485,1,1,1
2017-04-28,VTRS,31.68263053894043,37.34999847412109,37.83000183105469,37.119998931884766,37.72999954223633,3499400,0.0147256512510678,0.0425702869489958,0.8164288657052187,0.0923217412308622,-0.925330850533193,924666700,29.58261331915465,1,1,1
2017-05-01,VTRS,31.725053787231445,37.400001525878906,37.83000183105469,37.38999938964844,37.63999938964844,2460500,-0.000534771576141,0.0342245648950356,0.7914292471749457,0.0901286037393078,-0.8748773932319338,927127200,32.24574490362252,0,0,0
2017-05-02,VTRS,32.378211975097656,38.16999816894531,38.38999938964844,37.2400016784668,37.470001220703125,5166200,-0.0041917698477199,0.0256747027494204,0.8021433694022058,0.0865055676639652,-0.7639539848654593,932293400,47.29727838905259,0,0,0
2017-05-03,VTRS,31.54691505432129,37.18999862670898,38.0,36.59000015258789,38.0,6301500,0.0274267409365038,0.0392579444227618,0.8564289637974346,0.0855414245209678,-0.746518753932051,925991900,42.6086904601577,1,1,1
2017-05-04,VTRS,32.24248504638672,38.0099983215332,38.2400016784668,37.15999984741211,37.220001220703125,4808500,0.0373586436818684,0.0036833257176542,0.8664289202008939,0.0821439390758029,-0.6589382554206722,930800400,52.74193300293175,1,1,1
2017-05-05,VTRS,32.1491813659668,37.900001525878906,38.20000076293945,37.31999969482422,38.09999847412109,5568900,0.0274405556453589,0.0010553324332391,0.8685719626290472,0.0769718419349641,-0.5915864610218335,925231500,52.82715617995738,1,1,1
2017-05-08,VTRS,31.70808792114257,37.380001068115234,37.720001220703125,37.13999938964844,37.65999984741211,3878100,0.034777934722143,0.0337078193025512,0.8657150268554703,0.0618784113401039,-0.5735577530834064,921353400,52.827156179957306,1,1,1
2017-05-09,VTRS,32.24248504638672,38.0099983215332,38.47999954223633,37.2599983215332,37.79999923706055,7378700,0.0299921929672877,0.0415680584273951,0.9214292253766752,0.0482531981542955,-0.5026402351600439,928732100,57.7777677308441,1,1,1
2017-05-10,VTRS,32.41214370727539,38.209999084472656,38.93999862670898,36.790000915527344,38.650001525878906,12114900,0.0115153742985838,0.0253860571563662,1.030714579990932,0.0459190137675906,-0.4253955065792212,940847000,58.27230564038859,1,1,1
2017-05-11,VTRS,33.447017669677734,39.43000030517578,39.77000045776367,38.33000183105469,38.5099983215332,9857100,-0.0324625607250846,0.01014459859962,1.0771432604108535,0.0630093620368822,-0.262706285594227,950704100,66.66665036454788,0,0,0
2017-05-12,VTRS,33.031375885009766,38.93999862670898,39.540000915527344,38.869998931884766,39.29999923706055,5020900,-0.0256805350607819,0.0200308839625675,1.0628577641078405,0.0703362459908269,-0.1713378698786201,945683200,59.60781947568633,0,0,0
2017-05-15,VTRS,32.810829162597656,38.68000030517578,39.130001068115234,38.54999923706055,39.08000183105469,4695500,-0.0010341498245022,0.0175801525287162,1.0378578730991908,0.074114561980678,-0.1185409673191415,940987700,62.55145131159635,0,0,0
2017-05-16,VTRS,33.209510803222656,39.150001525878906,39.34999847412109,38.66999816894531,39.0099983215332,4942200,0.0112387895162184,-0.0043423238063018,1.0014294215611044,0.0790945226469458,-0.0383320036358938,945929900,61.92470311075972,1,1,1
2017-05-17,VTRS,32.78538513183594,38.650001525878906,39.220001220703125,38.59999847412109,38.77999877929688,4540100,0.0137127751196077,0.0235446264291296,1.0085724421909876,0.0783703973162934,-0.01493943090815,941389800,56.292289458632965,1,1,1
2017-05-18,VTRS,32.36124801635742,38.150001525878906,38.79999923706055,37.959999084472656,38.7599983215332,4891100,0.0440367034857431,0.0243774644293242,1.0178579602922713,0.0759097157901499,-0.0363277066239291,936498700,55.31917160159531,1,1,1
2017-05-19,VTRS,32.183109283447266,37.93999862670898,38.470001220703125,37.91999816894531,38.130001068115234,3434800,0.0469162535167058,0.0184502052787813,1.0228579384940006,0.0708577196600807,-0.0694232797638179,933063900,53.51560773171932,1,1,1
2017-05-22,VTRS,32.77689743041992,38.63999938964844,38.7599983215332,38.18000030517578,38.709999084472656,4457400,0.0186335722586996,-0.0023291965323374,0.999286651611328,0.0709653882160218,-0.0387211946701242,937521300,53.08804982264916,1,1,1
2017-05-23,VTRS,33.58274841308594,39.59000015258789,40.09999847412109,38.790000915527344,38.93000030517578,7414700,-0.0154079466532077,-0.0063147259165559,0.9907152993338444,0.0726185383747239,0.0615579493234719,944936000,65.8311408055753,0,0,0
2017-05-24,VTRS,33.234954833984375,39.18000030517578,39.83000183105469,39.130001068115234,39.81999969482422,3432500,0.0096988531177992,0.0135272785903184,0.963572365897042,0.0733523816375096,0.1067161746038323,941503500,58.15900739157243,1,1,1
2017-05-25,VTRS,33.786338806152344,39.83000183105469,39.84999847412109,38.95000076293945,39.20000076293945,4691800,-0.0188300267517246,0.0065277004664983,0.9650006975446418,0.0797106825161562,0.1927323853682025,946195300,62.51620379074694,0,0,0
2017-05-26,VTRS,33.69302749633789,39.720001220703125,39.9900016784668,39.43000030517578,39.75,3974200,-0.0271903775897106,-0.0211480394454283,0.9507149287632524,0.0808333072160963,0.2491526455644575,942221100,66.02738322987497,0,0,0
2017-05-30,VTRS,33.38764953613281,39.36000061035156,39.900001525878906,39.18999862670898,39.77999877929688,3485100,-0.0205793028640854,-0.0403963447137174,0.9142864772251668,0.0782778860650599,0.2617992093304693,938736000,59.60170928576272,0,0,0
2017-05-31,VTRS,33.065303802490234,38.97999954223633,39.65999984741211,38.7400016784668,39.38999938964844,5535300,0.0092355211539059,-0.0282195609809898,0.8264293670654297,0.077908194063605,0.2384105434931598,933200700,55.3398012021834,1,1,1
2017-06-01,VTRS,33.55729293823242,39.560001373291016,39.58000183105469,39.04999923706055,39.08000183105469,5097100,0.0037916508082558,-0.0652174353258889,0.7578580038888114,0.0720886537498053,0.2636371132660926,938297800,50.989351961256205,1,1,1
2017-06-02,VTRS,33.15013885498047,39.08000183105469,39.47999954223633,39.0,39.41999816894531,6066500,0.0258443775386574,-0.0603889585408412,0.7500008174351284,0.0700111315576869,0.2421065464623168,932231300,51.06709612965771,1,1,1
2017-06-05,VTRS,32.77689743041992,38.63999938964844,39.09999847412109,38.220001220703125,38.90999984741211,4247600,0.0062112236609168,-0.0364906798572529,0.7714290618896479,0.0666872334630613,0.187378909948741,927983700,49.70325788095678,1,1,1
2017-06-06,VTRS,32.7005500793457,38.54999923706055,38.84999847412109,38.380001068115234,38.59000015258789,2275400,-0.0202334317700066,-0.0293126093509463,0.7564288548060821,0.0574128042467425,0.135186260508604,925708300,45.28300981442974,0,0,0
2017-06-07,VTRS,33.370689392089844,39.34000015258789,39.41999816894531,38.61000061035156,38.630001068115234,5181200,-0.0371123304222106,-0.0271987720049318,0.7742857251848483,0.053879682466954,0.155774015484944,930889500,55.18794948088667,0,0,0
2017-06-08,VTRS,33.68453598022461,39.709999084472656,39.959999084472656,39.43999862670898,39.7400016784668,7981100,-0.0687484161464966,-0.0176278211805138,0.7585713522774823,0.0529134794432794,0.1996444047992582,938870600,61.9631496236211,0,0,0
2017-06-09,VTRS,34.00688171386719,40.09000015258789,40.66999816894531,39.709999084472656,39.7400016784668,9299300,-0.0840608360952381,-0.0264405430096408,0.7878567831856854,0.0571861625405861,0.2620541180455973,948169900,66.06874655736922,0,0,0
2017-06-12,VTRS,32.98048400878906,38.880001068115234,40.040000915527344,38.84000015258789,39.77999877929688,6320000,-0.0424383096849254,0.0038579657165869,0.8185710906982406,0.0572879802740096,0.2114401018214593,941849900,51.66667638000487,0,0,0
2017-06-13,VTRS,32.03890609741211,37.77000045776367,38.91999816894531,37.66999816894531,38.79999923706055,7519500,-0.0092666742011229,0.0174741816100889,0.8035711560930514,0.063955689853679,0.0808286147594472,934330400,37.63588548042844,0,0,0
2017-06-14,VTRS,32.13222122192383,37.880001068115234,38.04999923706055,37.43999862670898,37.81999969482422,5768200,0.010295654135467,0.0314149575806279,0.7971425737653455,0.0690223035830732,-0.0136484687483786,940098600,40.79321827659113,1,1,1
2017-06-15,VTRS,31.3687801361084,36.97999954223633,37.52999877929688,36.5,37.40999984741211,8417100,0.0548945052575875,0.0481340941409116,0.8314285278320312,0.0822395134793383,-0.1593084311821897,931681500,30.50616430314021,1,1,1
2017-06-16,VTRS,31.148231506347656,36.720001220703125,37.060001373291016,36.56999969482422,36.90999984741211,8784900,0.0629084281536285,0.0571894990280417,0.8264285496303013,0.09459465040854,-0.2923546105198014,922896600,29.89277949024236,1,1,1
2017-06-19,VTRS,31.580848693847656,37.22999954223633,37.58000183105469,36.869998931884766,36.880001068115234,4024500,0.0483480864677021,0.042438943069613,0.8371426718575609,0.0994244312999446,-0.3525777668526544,926921100,36.00525736158447,1,1,1
2017-06-20,VTRS,31.74201393127441,37.41999816894531,37.790000915527344,36.81999969482422,37.150001525878906,3739000,0.0269909723584289,0.0280599439641129,0.8407143184116903,0.1042178808104102,-0.3805865855884747,930660100,39.487864176249246,1,1,1
2017-06-21,VTRS,32.463043212890625,38.27000045776367,38.29999923706055,37.45000076293945,37.470001220703125,4223000,0.0209040822443538,-0.0162006512795582,0.86071423121861,0.102775803984037,-0.3303871973351562,934883100,41.61248045526339,1,1,1
2017-06-22,VTRS,33.09074401855469,39.0099983215332,39.20000076293945,38.34999847412109,38.459999084472656,6319900,-0.0064086134518493,-0.0358881766577481,0.8871427263532361,0.102408225454069,-0.2282609274076676,941203000,49.55972639746263,0,0,0
2017-06-23,VTRS,33.10771942138672,39.02999877929688,39.290000915527344,38.66999816894531,39.02999877929688,16048900,-0.0053804532677581,-0.0335638636834555,0.8685716901506696,0.0991118863979622,-0.1440507258205556,957251900,52.58963780127505,0,0,0
2017-06-26,VTRS,33.10771942138672,39.02999877929688,39.310001373291016,38.869998931884766,39.11000061035156,5316200,-0.0056366234405972,-0.0353573481060415,0.8664291926792694,0.0962349315065163,-0.076432468442384,957251900,53.22580397066994,0,0,0
2017-06-27,VTRS,32.5987663269043,38.43000030517578,39.220001220703125,38.40999984741211,39.18000030517578,4765300,0.0010408773148502,0.003903240298926,0.8621436527797159,0.0945567919654829,-0.0704473021250748,952486600,43.72413568122374,1,1,1
2017-06-28,VTRS,33.14165115356445,39.06999969482422,39.27000045776367,38.61000061035156,38.79999923706055,3466700,-0.0363449751737117,-0.0005119134353697,0.8778580256870819,0.0947981204212392,-0.0139011686324366,955953300,45.74468300967575,0,0,0
2017-06-29,VTRS,32.87868118286133,38.7599983215332,39.400001525878906,38.58000183105469,39.209999084472656,3118400,-0.0296697048756773,0.0116099273071808,0.8678580692836222,0.0919118351738653,0.005830321204769,952834900,41.07380955794555,0,0,0
2017-06-30,VTRS,32.92958450317383,38.81999969482422,38.93000030517578,38.369998931884766,38.86000061035156,2418900,-0.0283358702413322,-0.0018031863826508,0.8185724530901233,0.0912343454987087,0.0260094575938296,955253800,49.52379856700577,0,0,0
2017-07-03,VTRS,32.92110061645508,38.810001373291016,39.22999954223633,38.77999877929688,38.93000030517578,1854700,-0.0298891988241571,-0.0180366075282129,0.7614296504429409,0.091454670626224,0.0407253313080318,953399100,60.00001467192115,0,0,0
2017-07-05,VTRS,32.632694244384766,38.470001220703125,39.06999969482422,38.04999923706055,39.040000915527344,3803400,0.0028593867133117,-0.0033792842212148,0.7907153538295196,0.0914537819819506,0.0246682363613359,949595700,55.43278576351249,1,1,1
2017-07-06,VTRS,31.93711853027344,37.650001525878906,38.34999847412109,37.54999923706055,38.220001220703125,3202300,0.0371845326545166,0.0488711840110593,0.757858276367187,0.0911409227607634,-0.0536063092536522,946393400,56.26170703238358,1,1,1
2017-07-07,VTRS,31.90317916870117,37.61000061035156,37.88999938964844,37.27999877929688,37.70000076293945,2806400,0.0425418358988465,0.0414782646444409,0.7664296286446698,0.0874058717675602,-0.1175125783188235,943587000,58.6744626330497,1,1,1
2017-07-10,VTRS,31.996501922607425,37.720001220703125,37.83000183105469,37.470001220703125,37.59999847412109,3136000,0.0273064354709391,0.0275715023110674,0.730715342930384,0.0771366376654408,-0.1574674403980296,946723000,55.179722260978544,1,1,1
2017-07-11,VTRS,31.93711853027344,37.650001525878906,37.880001068115234,37.41999816894531,37.58000183105469,3207400,0.0122177706727706,0.031075647318131,0.694286891392298,0.076221883783111,-0.1925606277634628,943515600,52.49461308548561,1,1,1
2017-07-12,VTRS,32.72600173950195,38.58000183105469,38.61000061035156,37.88999938964844,37.90999984741211,3249500,-0.0062208830242618,0.0158112173847353,0.7000010354178282,0.076364243809018,-0.1436728085883061,946765100,53.304919659523925,0,0,0
2017-07-13,VTRS,33.12467956542969,39.04999923706055,39.45000076293945,38.75,38.95000076293945,4804800,0.0112676683739512,-0.0143405267486479,0.6957152230398985,0.0785554859541951,-0.0662404186290857,951569900,50.4524992318819,1,1,1
2017-07-14,VTRS,33.260406494140625,39.209999084472656,39.58000183105469,39.040000915527344,39.369998931884766,3397100,-0.0010201712946018,-0.0119866722004586,0.6900008065359923,0.0755447611688855,0.0079443809174719,954967000,51.97368861345711,0,0,0
2017-07-17,VTRS,32.870208740234375,38.75,39.40999984741211,38.650001525878906,39.20000076293945,4496700,0.0002580212008569,0.0061935917023689,0.7128576551164889,0.0652933765210899,0.029280756947088,950470300,47.21116567195703,1,0,0
2017-07-18,VTRS,32.32732009887695,38.11000061035156,38.59000015258789,37.59000015258789,38.59000015258789,4664000,0.0186302564445459,0.0125951071778767,0.7378575461251385,0.0592538216863144,-0.0053904753315379,945806300,46.83794615393894,1,1,1
2017-07-19,VTRS,32.52241516113281,38.34000015258789,38.47999954223633,37.7599983215332,38.060001373291016,3751400,0.0221700174944761,-0.0370370886278342,0.7292861938476553,0.0537770908577533,-0.0141455744559806,949557700,42.150538692944615,1,1,1
2017-07-20,VTRS,33.4979248046875,39.4900016784668,39.58000183105469,38.619998931884766,38.68999862670898,5349100,-0.0253228654721805,-0.1212965487955207,0.7592863355364108,0.0575929150554275,0.0708942339862161,954906800,56.64848489059666,0,0,0
2017-07-21,VTRS,33.226470947265625,39.16999816894531,39.79999923706055,39.02999877929688,39.79999923706055,2991900,-0.0109777000403187,-0.1595608958939169,0.7742862701416,0.0583322362925978,0.1111856075447903,951914900,53.043464992357336,0,0,0
2017-07-24,VTRS,32.87868118286133,38.7599983215332,39.130001068115234,38.630001068115234,39.040000915527344,3404100,0.0059340393935418,-0.174406568995584,0.7807145799909309,0.0575655756785668,0.1087793100259588,948510800,49.593471224784246,1,1,1
2017-07-25,VTRS,32.92958450317383,38.81999969482422,39.119998931884766,38.720001220703125,38.90999984741211,2063500,-0.0059247692953225,-0.181092190483303,0.7364286695207858,0.05687803600464,0.1104408182720178,950574300,52.981246255164784,0,0,0
2017-07-26,VTRS,33.24344253540039,39.18999862670898,39.459999084472656,38.63999938964844,38.84999847412109,2606800,-0.0579229532357421,-0.1814237572034168,0.729285648890903,0.0584328565551022,0.1399995692331259,953181100,64.20661012189427,0,0,0
2017-07-27,VTRS,32.649658203125,38.4900016784668,39.34999847412109,38.220001220703125,39.27000045776367,3395600,-0.0984671538127693,-0.1610808130052132,0.7664282662527891,0.0574382809525982,0.1057224857191414,949785500,57.236853250179614,0,0,0
2017-07-28,VTRS,32.86173248291016,38.7400016784668,38.869998931884766,38.15999984741211,38.34999847412109,2304200,-0.1502324021001906,-0.2028911248620076,0.7914281572614387,0.0574064389752783,0.0976054261487107,952089700,58.19936401242538,0,0,0
2017-07-31,VTRS,33.07379531860352,38.9900016784668,39.38999938964844,38.90999984741211,38.97999954223633,4037100,-0.1792767729560576,-0.2400616084833228,0.8049992152622758,0.057915599207775,0.1100766139365703,956126800,60.46875493601144,0,0,0
2017-08-01,VTRS,32.73448181152344,38.59000015258789,39.04999923706055,38.47999954223633,39.04999923706055,2768500,-0.1762114332773469,-0.2192278040520803,0.777142116001673,0.057675238606317,0.086684099581312,953358300,50.08516459414408,0,0,0
2017-08-02,VTRS,31.31787872314453,36.91999816894531,38.43000030517578,36.709999084472656,38.41999816894531,7517100,-0.1310941651660674,-0.1747020361722591,0.8492851257324209,0.0688327423846567,-0.0658507533759973,945841200,34.936350701617954,0,0,0
2017-08-03,VTRS,29.43474197387696,34.70000076293945,36.52999877929688,34.310001373291016,35.4900016784668,11843300,-0.0694524436433458,-0.1193083921029392,0.9971419743129176,0.1094275692685701,-0.3617014910338838,933997900,25.301216900819934,0,0,0
2017-08-04,VTRS,27.9248275756836,32.91999816894531,34.34000015258789,32.77000045776367,34.33000183105469,12669000,-0.0619683815809904,-0.0668286445309152,1.0807135445731018,0.1656054270791728,-0.731365934121122,921328900,22.105266616193404,0,0,0
2017-08-07,VTRS,27.144432067871094,32.0,32.709999084472656,31.46999931335449,31.479999542236328,19740800,-0.0740625262260437,-0.0487499833106994,1.1014277594430095,0.2184364826441308,-1.0860445860954115,901588100,21.528431040036157,0,0,0
2017-08-08,VTRS,26.966293334960938,31.790000915527344,32.68000030517578,31.280000686645508,32.09000015258789,11391200,-0.0522177322099396,-0.0333438610495061,1.1499990735735204,0.2610475372426338,-1.3683022080720022,890196900,19.42111361347898,0,0,0
2017-08-09,VTRS,27.212289810180664,32.08000183105469,32.689998626708984,29.57999992370605,29.89999961853028,32038100,-0.0501871080363111,-0.0548629063520413,1.283570289611816,0.2909522992574057,-1.5507170558683183,922235000,12.385796316900908,0,0,0
2017-08-10,VTRS,27.390426635742188,32.290000915527344,33.47999954223633,31.989999771118164,32.040000915527344,12327400,-0.0535770021843837,-0.064416282814488,1.3349988119942802,0.3115871287501365,-1.6592106187038669,934562400,14.681731199295598,0,0,0
2017-08-11,VTRS,26.194374084472656,30.8799991607666,32.400001525878906,30.39999961853028,32.290000915527344,11080800,-0.005181342349756,-0.0113341477860455,1.439284869602748,0.3398683785110669,-1.8377830871889456,923481600,13.314714484643758,0,0,0
2017-08-14,VTRS,25.134042739868164,29.6299991607666,31.5,29.559999465942383,31.420000076293945,11948300,0.0273372054078067,0.0404995206523117,1.5492850712367463,0.3759683066256181,-2.056461994552599,911533300,11.483647241178858,1,1,1
2017-08-15,VTRS,25.55817413330078,30.1299991607666,30.600000381469727,29.38999938964844,29.489999771118164,6564900,0.019913720483969,0.0122801476780387,1.5771423067365369,0.4017740601565649,-2.164470118617544,918098200,12.437811496062023,1,1,1
2017-08-16,VTRS,25.84658432006836,30.46999931335449,31.32999992370605,30.13999938964844,31.280000686645508,8994700,-0.0049228625503948,0.0039383275988722,1.5821425574166432,0.4185143052142606,-2.197303022808221,927092900,15.726493441412018,0,0,0
2017-08-17,VTRS,25.922929763793945,30.559999465942383,31.18000030517578,30.299999237060547,30.299999237060547,8867800,-0.0114528922639473,0.0301047150645157,1.594285556248256,0.4232520533566767,-2.190806818502644,935960700,14.558058008837603,0,0,0
2017-08-18,VTRS,26.058652877807617,30.71999931335449,31.229999542236328,30.5,30.5,7185300,-0.0061848512680918,0.0276692838694245,1.599999972752162,0.4230694768712516,-2.147987219683316,943146000,13.886460976239078,0,0,0
2017-08-21,VTRS,25.821138381958008,30.440000534057617,31.049999237060547,30.34000015258789,30.709999084472656,5724000,0.0128120690803563,0.0377792246502624,1.609999929155622,0.4217991841330899,-2.1122966990743848,937422000,14.0335407175166,1,1,1
2017-08-22,VTRS,26.06713485717773,30.729999542236328,30.82999992370605,30.030000686645508,30.31999969482422,4604300,-0.0074845280072396,0.0491377207524872,1.532856941223144,0.4123368364778585,-2.037128459208972,942026300,18.894469722412623,0,0,0
2017-08-23,VTRS,25.71934509277344,30.31999969482422,30.799999237060547,30.170000076293945,30.51000022888184,3893400,0.0089050283799891,0.0524406388057883,1.3914285387311658,0.3944831223746705,-1.98772736498594,938132900,23.095814517595382,1,1,1
2017-08-24,VTRS,25.626035690307617,30.209999084472656,30.809999465942383,30.100000381469727,30.13999938964844,6235500,0.0420390763406686,0.0625620472335553,1.3042855943952285,0.3756434621897822,-1.9351456177453912,931897400,29.057185695645984,1,1,1
2017-08-25,VTRS,25.89747810363769,30.530000686645508,30.780000686645508,30.209999084472656,30.270000457763672,3856600,0.0340648209888061,0.0822142211735934,1.241428647722516,0.3422304530711044,-1.8463689572810795,935754000,37.47871292002685,1,1,1
2017-08-28,VTRS,26.15195846557617,30.82999992370605,31.07999992370605,30.59000015258789,30.770000457763672,3920500,0.0246513211405314,0.0898475042902973,1.1807143347603923,0.2884224658060757,-1.731841788920665,939674500,41.94630174442361,1,1,1
2017-08-29,VTRS,25.872034072875977,30.5,30.600000381469727,30.200000762939453,30.559999465942383,4720000,0.057049235359567,0.1003279138783939,1.00357151031494,0.2172892420822998,-1.6487012174362548,934954500,36.83331807454424,1,1,1
2017-08-30,VTRS,25.948375701904297,30.59000015258789,30.729999542236328,29.530000686645508,30.39999961853028,7085900,0.0431513464609298,0.074534121213595,0.982857159205844,0.1490969630376546,-1.5575944758396183,942040400,35.5442138254205,1,1,1
2017-08-31,VTRS,26.70332908630371,31.479999542236328,31.709999084472656,30.799999237060547,30.809999465942383,6685900,0.0196950108291114,0.0174713864376847,0.919999803815568,0.1068426389392853,-1.3974670833821037,948726300,55.59701983820984,1,1,1
2017-09-01,VTRS,26.779672622680664,31.56999969482422,31.8799991607666,31.15999984741211,31.51000022888184,4179800,0.0465632320213207,-0.0022172852550168,0.8328568594796304,0.0920231003534235,-1.2489060989610046,952906100,73.09525074602337,1,1,1
2017-09-05,VTRS,26.7966423034668,31.59000015258789,32.0,31.31999969482422,31.76000022888184,5659400,0.0636276768542067,-0.0193099274265622,0.7949996675763801,0.0885867715600226,-1.1166841390492372,958565500,69.62367286708913,1,1,1
2017-09-06,VTRS,27.348011016845703,32.2400016784668,32.52000045776367,31.81999969482422,31.950000762939453,6244500,0.0409429164423973,-0.0263648338885191,0.7757139205932609,0.0932414599472518,-0.9485137166659214,964810000,71.96032336889783,1,1,1
2017-09-07,VTRS,27.068084716796875,31.90999984741211,32.970001220703125,31.780000686645508,32.5,6359600,0.0300845844269257,-0.0209965552960753,0.7978567395891455,0.0915544931173798,-0.8322719224991317,958450400,65.80795824025527,1,1,1
2017-09-08,VTRS,27.229251861572266,32.099998474121094,32.209999084472656,31.6200008392334,31.8799991607666,4187800,-0.0021806759548805,-0.024922095797154,0.7878566469464976,0.0892565395712578,-0.71655812582188,962638200,66.0464975987375,0,0,0
2017-09-11,VTRS,28.02662467956543,33.040000915527344,33.2599983215332,32.459999084472656,32.540000915527344,5568100,-0.0466101959096378,-0.04721553662421,0.8199995585850299,0.1078727666515023,-0.5427473140016339,968206300,76.20965586618735,0,0,0
2017-09-12,VTRS,28.501649856567383,33.599998474121094,33.66999816894531,33.209999084472656,33.31999969482422,5745200,-0.0779761622281829,-0.0735118876644265,0.8078565597534174,0.1224457647725538,-0.3557134275423763,973951500,77.43783068590113,0,0,0
2017-09-13,VTRS,28.46772003173828,33.560001373291016,33.63999938964844,33.279998779296875,33.310001373291016,4157300,-0.064660366354144,-0.0485697557036598,0.7885709490094861,0.1344437936678459,-0.2083138444562706,969794200,83.33334641528396,0,0,0
2017-09-14,VTRS,27.88241577148437,32.869998931884766,33.58000183105469,32.79999923706055,33.47999954223633,4941500,-0.0495892672264574,-0.0611499357118462,0.7935711996895921,0.1376504004655052,-0.1454988234672996,964852700,74.44851703710356,0,0,0
2017-09-15,VTRS,27.169878005981445,32.029998779296875,32.86000061035156,31.799999237060547,32.86000061035156,20184700,-0.0227911198894011,-0.0206056186455454,0.8292853491646898,0.1354992840537019,-0.1616352286143794,944668000,62.58387452208285,0,0,0
2017-09-18,VTRS,26.72029495239257,31.5,32.36000061035156,31.350000381469727,32.02000045776367,7751000,-0.0006349351671006,0.0282539488777282,0.8621425628662107,0.1332237179646284,-0.2147148192733539,936917000,55.41195491508913,0,0,0
2017-09-19,VTRS,26.279199600219727,30.979999542236328,31.690000534057617,30.71999931335449,31.520000457763672,7119200,0.0048418211990537,0.0500322550020495,0.8864284242902486,0.1302018178247987,-0.295336018622379,929797800,53.761751268625794,1,1,1
2017-09-20,VTRS,26.626989364624023,31.38999938964844,31.690000534057617,30.950000762939453,31.1200008392334,6279900,0.0172029603704106,0.2042051599888195,0.853571346827916,0.1277526077623162,-0.3224285827789401,936077700,55.97014288032388,1,1,1
2017-09-21,VTRS,26.499744415283203,31.239999771118164,31.520000457763672,30.940000534057617,31.270000457763672,4836500,-0.0121638656706367,0.2138283753767151,0.8149999891008652,0.12237653409596,-0.3519463324393008,931241200,47.986579436416974,0,0,0
2017-09-22,VTRS,26.55064010620117,31.299999237060547,31.450000762939453,30.690000534057617,31.270000457763672,5204000,0.0022364729673847,0.2233227427747133,0.8178571973528184,0.1151632142448215,-0.3662757078821954,936445200,47.7234363923387,1,1,1
2017-09-25,VTRS,26.70332908630371,31.479999542236328,31.940000534057617,31.1299991607666,31.190000534057617,4415600,0.0289072382669883,0.2150571968300205,0.827142987932478,0.1098999787491497,-0.3589693456894451,940860800,49.09687514289456,1,1,1
2017-09-26,VTRS,26.40643882751465,31.1299991607666,31.8700008392334,31.09000015258789,31.3700008392334,4583900,0.0449726841077049,0.2351430067302511,0.8164287294660298,0.1080680337544865,-0.3770744274426896,936276900,40.41448438823348,1,1,1
2017-09-27,VTRS,27.08505249023437,31.93000030517578,32.029998779296875,31.18000030517578,31.229999542236328,3952000,0.1838396140238449,0.1991857359713404,0.7957143783569338,0.1010809224253621,-0.3231444209723619,940228900,50.15974810803762,1,1,1
2017-09-28,VTRS,26.17741203308105,30.86000061035156,32.029998779296875,30.729999542236328,32.0099983215332,5673600,0.2287750297783719,0.223590329705539,0.8464287349155973,0.0985732721980766,-0.3625651104078251,934555300,41.316540827949645,1,1,1
2017-09-29,VTRS,26.61002349853516,31.3700008392334,32.27000045776367,31.21999931335449,31.450000762939453,8833600,0.2205929197056104,0.2097545345130074,0.8642858777727405,0.0989952893128733,-0.3486346908762883,943388900,37.555880932503456,1,1,1
2017-10-02,VTRS,27.475250244140625,32.38999938964844,32.40999984741211,31.030000686645508,31.18000030517578,5524800,0.1809200593015252,0.1787589078305995,0.9178574425833572,0.0993551938993608,-0.2523800938782869,948913700,41.56206838578145,1,1,1
2017-10-03,VTRS,27.59400177001953,32.529998779296875,32.63999938964844,31.84000015258789,32.470001220703125,4166500,0.1819859270148591,0.1847526087229805,0.9492859159197132,0.1000288193660026,-0.1629227791770873,953080200,42.916076140722986,1,1,1
2017-10-04,VTRS,32.064361572265625,37.79999923706055,39.2400016784668,37.40999984741211,38.0,36946500,0.0129630076284863,-0.0076719820471058,1.3728573662894117,0.1863078092244308,0.3294204273098629,990026700,70.8016917299284,1,1,1
2017-10-05,VTRS,32.166141510009766,37.91999816894531,38.47999954223633,36.38999938964844,38.0,11211400,-0.0042194054625018,0.0097574568683667,1.44571454184396,0.2385172920571055,0.7209778921743819,1001238100,76.46002175714662,0,0,0
2017-10-06,VTRS,32.480003356933594,38.290000915527344,38.5099983215332,37.650001525878906,37.93000030517578,6285000,-0.0088796068022556,0.0057455576063107,1.4350000108991356,0.2804553551596808,1.0490533000756417,1007523100,80.94804083846824,0,0,0
2017-10-09,VTRS,32.44607162475586,38.25,38.540000915527344,38.0,38.15999984741211,4013000,-0.0018300573810253,0.0057516659007352,1.4042857033865794,0.3123974994173221,1.2909464577331278,1003510100,84.65204620837693,0,0,0
2017-10-10,VTRS,32.61573028564453,38.45000076293945,38.59000015258789,37.720001220703125,38.09999847412109,4543600,0.0023407061326936,0.0122235993934978,1.413571357727051,0.3399680515386248,1.4817067252179754,1008053700,84.33851941543114,1,1,1
2017-10-11,VTRS,32.480003356933594,38.290000915527344,38.70000076293945,38.150001525878906,38.27000045776367,2767000,-0.0203709212677984,0.0190650176229245,1.4114284515380862,0.3610198519391954,1.6015137079243047,1005286700,84.25655592987852,0,0,0
2017-10-12,VTRS,32.03042221069336,37.7599983215332,38.2599983215332,37.59999847412109,38.25,3954200,0.0140360862699482,0.0214513085089069,1.406428609575545,0.3732804152205004,1.6348492998921316,1001332500,80.01856650421121,1,1,1
2017-10-13,VTRS,32.191593170166016,37.95000076293945,38.34000015258789,37.06999969482422,37.56999969482422,4860600,0.014756193605683,0.0105401239299118,1.4392856870378774,0.3808395432919268,1.6574930575871676,1006193100,80.03712331663769,1,1,1
2017-10-16,VTRS,32.38669967651367,38.18000030517578,38.540000915527344,37.81999969482422,38.02999877929688,6493300,0.0075956237089926,0.001571539361221,1.435000010899136,0.3834458741032951,1.6746926254458714,1012686400,83.09857439666482,1,1,1
2017-10-17,VTRS,32.69206619262695,38.540000915527344,38.65999984741211,38.0099983215332,38.02999877929688,4239800,0.0098598143329278,-0.0734302481532768,1.417143004281181,0.3805518143494022,1.6978012515119758,1016926200,82.37020697241013,1,1,1
2017-10-18,VTRS,31.818359375,37.5099983215332,38.63999938964844,37.27000045776367,38.59999847412109,4793200,0.0402559905038339,-0.0175953046373034,1.4221429824829108,0.3713614955945857,1.6143926889202262,1012133000,82.69415646695602,1,1,1
2017-10-19,VTRS,32.480003356933594,38.290000915527344,38.33000183105469,37.2599983215332,37.29999923706055,3001700,0.0073125822042832,-0.0770436326039148,1.3978575297764375,0.3606779577213548,1.5928688916650202,1015134700,83.14172479292776,1,1,1
2017-10-20,VTRS,32.66661834716797,38.5099983215332,38.630001068115234,37.95000076293945,38.43000030517578,3998500,-0.0041547612148985,-0.0724486424937086,1.3478576115199503,0.3470420353379042,1.575402816326907,1019133200,81.74269737573657,0,0,0
2017-10-23,VTRS,32.632694244384766,38.470001220703125,38.63999938964844,38.119998931884766,38.47999954223633,2571500,-0.0059786726004196,-0.0280738704649031,1.3278576987130306,0.3301410668894524,1.54057460890089,1016561700,81.13206038252503,0,0,0
2017-10-24,VTRS,33.0144157409668,38.91999816894531,39.27000045776367,38.209999084472656,38.5,5906300,-0.082476855999288,-0.057810896861637,0.9242861611502516,0.306191789767573,1.5316283384536715,1022468000,61.864382807695016,0,0,0
2017-10-25,VTRS,33.099239349365234,39.02000045776367,39.09999847412109,38.5099983215332,38.65999984741211,4596400,-0.0556125565911116,-0.0456176001643976,0.817143304007394,0.2847197168704141,1.5151420887673763,1027064400,61.70213111334581,0,0,0
2017-10-26,VTRS,32.71751403808594,38.56999969482422,39.68000030517578,38.27000045776367,39.25,4486100,-0.0837438311587481,-0.0127041189433891,0.8564292362758091,0.2404168174845603,1.4490614381089555,1022578300,52.92885359722278,0,0,0
2017-10-27,VTRS,32.53090286254883,38.34999847412109,38.77999877929688,38.22999954223633,38.34000015258789,3812800,-0.0685788098581726,-0.0049543320539423,0.8571434020996099,0.1891926267147023,1.3632253729716766,1018765500,51.00804776978941,0,0,0
2017-10-30,VTRS,32.43759536743164,38.2400016784668,38.61000061035156,38.119998931884766,38.34999847412109,3805200,-0.0222280923511831,-0.017520971606543,0.8300007411411835,0.1372355646981093,1.2716648895444391,1014960300,47.843953120765256,0,0,0
2017-10-31,VTRS,30.29148292541504,35.709999084472656,38.43999862670898,34.720001220703125,38.2400016784668,17996200,0.0268832010385036,0.0599271757074599,1.056429181780134,0.0697398426700931,0.9836139917310404,996964100,32.18232131528977,1,1,1
2017-11-01,VTRS,31.25850296020508,36.84999847412109,37.25,35.29999923706055,35.630001068115234,5703600,0.0105835337990474,0.0257802117307175,1.146429061889648,0.0756020717122481,0.8376639348778951,1002667700,44.20382431793471,1,1,1
2017-11-02,VTRS,29.97762107849121,35.34000015258789,36.369998931884766,34.959999084472656,36.08000183105469,7329200,0.077532588190047,0.0611205387121067,1.1907146998814164,0.0989339501534315,0.5933138654275965,995338500,35.76880517168219,1,1,1
2017-11-03,VTRS,30.299968719482425,35.720001220703125,36.0,35.029998779296875,35.06999969482422,5468500,0.0683090297683073,0.0523515920486845,1.2085718427385592,0.1115946013960378,0.4254235672700019,1000807000,36.80257958678475,1,1,1
2017-11-06,VTRS,31.71656608581543,37.38999938964844,38.33000183105469,35.70000076293945,36.11000061035156,8418500,0.0048141296633883,-0.0238031399886793,1.3500003814697257,0.1117409283427876,0.4222566797145859,1009225500,44.59077223416433,1,1,1
2017-11-07,VTRS,31.10582160949707,36.66999816894531,38.43999862670898,36.560001373291016,38.38999938964844,5187700,0.0321789027569432,0.0152713771817218,1.386428833007811,0.1137651019912348,0.3575274632579308,1004037800,45.93023019415412,1,1,1
2017-11-08,VTRS,31.58932876586914,37.2400016784668,37.75,36.2599983215332,36.720001220703125,5854400,0.0150375277484897,0.0010740359566958,1.4164287022181905,0.1135213953665324,0.3482096680670139,1009892200,44.80712378904076,1,1,1
2017-11-09,VTRS,32.30186462402344,38.08000183105469,38.18000030517578,36.56999969482422,36.630001068115234,4659200,-0.0152311397890135,-0.0186450332203216,1.482857295445032,0.1138705942767777,0.4039497590148571,1014551400,47.99628840250213,0,0,0
2017-11-10,VTRS,32.36973571777344,38.15999984741211,38.18999862670898,37.52999877929688,37.93000030517578,2451500,-0.014937098980698,-0.044549286418688,1.4928572518484908,0.1142249786631078,0.4493989625265513,1017002900,48.56081077012607,0,0,0
2017-11-13,VTRS,31.86924743652344,37.56999969482422,38.209999084472656,37.369998931884766,37.68999862670898,3572100,-0.0284801624571645,-0.0183656809239751,1.4771428789411247,0.1137070370483503,0.4328204179201407,1013430800,43.8130246518172,0,0,0
2017-11-14,VTRS,32.10676956176758,37.84999847412109,38.04999923706055,37.130001068115234,37.290000915527344,3732700,-0.0163804215820158,-0.0261558230826985,1.500714165823798,0.1118943214299088,0.4372351882388514,1017163500,44.72496858636398,0,0,0
2017-11-15,VTRS,32.064361572265625,37.79999923706055,37.95000076293945,37.2400016784668,37.77999877929688,2446900,-0.0137566261444216,-0.0335978963861594,1.450714111328123,0.111887445718845,0.4317227735579294,1014716600,46.39850067033766,0,0,0
2017-11-16,VTRS,31.809873580932617,37.5,37.59999847412109,36.810001373291016,37.27999877929688,4741100,-0.0034666951497396,0.0165333048502605,1.4821425846644785,0.110892788151995,0.3985524494292036,1009975500,46.05385915014047,0,0,0
2017-11-17,VTRS,31.886219024658203,37.59000015258789,37.7599983215332,36.650001525878906,37.43000030517578,3378100,-0.0300612147786181,-0.0039904635613199,1.5264279501778713,0.108772813657589,0.3752018948404441,1013353600,46.97673708893531,0,0,0
2017-11-20,VTRS,30.96161460876465,36.5,37.470001220703125,36.25,37.400001525878906,4333500,0.0104109881675407,0.0249315026688248,1.3564281463623027,0.1092415732699508,0.2656799165961914,1009020100,54.2427557609729,1,1,1
2017-11-21,VTRS,31.580848693847656,37.22999954223633,37.4900016784668,36.16999816894531,36.16999816894531,8026900,-0.0099381932966454,-0.0064463568820961,1.3114283425467337,0.1034529029110249,0.235077989243102,1017047000,52.13483801033916,0,0,0
2017-11-22,VTRS,31.62325859069824,37.27999877929688,37.7599983215332,36.9900016784668,37.11000061035156,3324700,-0.0201180264098213,0.0024141672622013,1.2314281463623031,0.0953995556863353,0.212411711917241,1020371700,63.03762758600894,0,0,0
2017-11-24,VTRS,31.699596405029297,37.369998931884766,37.56999969482422,36.88999938964844,37.16999816894531,4938400,0.0200695750986519,0.0347872430885023,1.2107137952532072,0.0901966325729314,0.1994120855929679,1025310100,61.53844922636316,1,1,1
2017-11-27,VTRS,30.92768669128418,36.459999084472656,37.27999877929688,36.119998931884766,37.2599983215332,5693500,0.0268787593758792,0.0831048455863658,1.1121422903878333,0.0875887365593145,0.1143621103534044,1019616600,42.723001611844055,1,1,1
2017-11-28,VTRS,31.283950805664062,36.880001068115234,37.18999862670898,35.91999816894531,36.52000045776367,8740200,0.0143708992393465,0.0653470655535226,1.0685710906982406,0.0834317052243041,0.0799286741986975,1028356800,51.724161690543504,1,1,1
2017-11-29,VTRS,31.266984939575195,36.86000061035156,37.59999847412109,36.75,36.81999969482422,4432800,0.0035268873022948,0.0724361943769336,1.0228565761021184,0.0765930014464892,0.0504445646353914,1023924000,46.57038567711255,1,1,1
2017-11-30,VTRS,30.98706245422364,36.52999877929688,36.9900016784668,36.310001373291016,36.84999847412109,5677700,0.0229948037409721,0.095264157090763,0.956427982875277,0.077636340048388,0.0004446795699166,1018246300,34.59241125328383,1,1,1
2017-12-01,VTRS,32.33580017089844,38.119998931884766,38.619998931884766,36.95000076293945,36.970001220703125,7798500,0.0144281021110026,0.0629591183926154,1.0585708618164047,0.0675992254303807,0.0881035318809537,1026044800,49.69418264581299,1,1,1
2017-12-04,VTRS,31.75898551940918,37.43999862670898,38.59999847412109,37.400001525878906,38.470001220703125,5736300,0.0547543570232769,0.1129807611482853,1.084284918648854,0.0562139935915538,0.1015330524310655,1020308500,49.01959994591525,1,1,1
2017-12-05,VTRS,31.73353385925293,37.40999984741211,37.79999923706055,36.540000915527344,37.209999084472656,6462400,0.0502539715526164,0.1023790923997993,1.1085706438337033,0.0562275010055914,0.108504619728059,1013846100,46.55173547769513,1,1,1
2017-12-06,VTRS,31.37726402282715,36.9900016784668,37.43000030517578,36.59000015258789,37.09999847412109,5686700,0.0686671258603566,0.1143552135792078,1.117856434413363,0.0545289564487739,0.0792260265579543,1008159400,44.000018084490726,1,1,1
2017-12-07,VTRS,31.699596405029297,37.369998931884766,37.5099983215332,36.060001373291016,36.720001220703125,7303700,0.0706448880145924,0.1228258036869147,1.1507135118756957,0.0544630321870702,0.0856972683462515,1015463100,49.048308156137885,1,1,1
2017-12-08,VTRS,32.80234146118164,38.66999816894531,39.209999084472656,37.369998931884766,37.560001373291016,7119800,0.0478407648414123,0.0874062898412446,1.2028566087995236,0.0603692221197559,0.1934943653721603,1022582900,56.71640799625364,1,1,1
2017-12-11,VTRS,33.4979248046875,39.4900016784668,39.75,38.36000061035156,38.56999969482422,7628900,0.0552037578582131,0.0703975351009609,1.206427982875277,0.0759972267342468,0.3411591018030293,1030211800,69.24067890806387,1,1,1
2017-12-12,VTRS,33.328269958496094,39.290000915527344,40.18000030517578,39.0099983215332,39.25,10735600,0.049630967612648,0.0689742688043988,1.1957135881696408,0.08711226133341,0.4370085170422726,1019476200,64.22652552290059,1,1,1
2017-12-13,VTRS,33.53184509277344,39.52999877929688,39.9900016784668,39.11000061035156,39.34999847412109,6082500,0.0427524030759989,0.0589426234001042,1.2035710471017,0.0983654241836341,0.5262691874359149,1025558700,65.14131835521354,1,1,1
2017-12-14,VTRS,33.93901824951172,40.0099983215332,41.59000015258789,39.75,39.79999923706055,19515700,0.0487378366594424,0.0574857072793217,1.3021425519670733,0.1126303298288359,0.6284959532225969,1045074400,66.87979215265037,1,1,1
2017-12-15,VTRS,34.37163543701172,40.52000045776367,40.77999877929688,39.209999084472656,40.31999969482422,11767700,0.0377591007406745,0.0639190553634765,1.3249996730259466,0.1290539173923781,0.7421097326895492,1056842100,77.35849250607555,1,1,1
2017-12-18,VTRS,35.347137451171875,41.66999816894531,42.09000015258789,40.5099983215332,40.56999969482422,9344700,0.0143989036521128,0.0352772086704493,1.3471426282610195,0.1546254441291418,0.9144039957543272,1066186800,79.38649353396934,1,1,1
2017-12-19,VTRS,34.98238754272461,41.2400016784668,41.97999954223633,41.20000076293945,41.470001220703125,5987000,0.0184286685402836,0.0744422786099738,1.3421426500592903,0.1645524296971796,1.004670105801054,1060199800,75.58413708677244,1,1,1
2017-12-20,VTRS,34.965415954589844,41.220001220703125,41.77999877929688,41.16999816894531,41.34000015258789,5456300,0.0155264282070664,0.080543415732766,1.337142671857561,0.1739867194218921,1.0623467070040746,1054743500,78.4242835067134,1,1,1
2017-12-21,VTRS,35.5931282043457,41.959999084472656,42.18000030517578,41.04999923706055,41.16999816894531,4620600,0.0083413321366796,0.0619638309234495,1.2685713086809431,0.1866038824572041,1.15445958076009,1059364100,75.94598175231963,1,1,1
2017-12-22,VTRS,35.669471740722656,42.04999923706055,42.20000076293945,41.72999954223633,41.91999816894531,4022300,0.0252081187282589,0.0532699576482413,1.2164287567138676,0.1963418049480175,1.220651051507453,1063386400,83.84733794234597,1,1,1
2017-12-26,VTRS,35.85609817504883,42.27000045776367,42.52999877929688,42.02999877929688,42.119998931884766,2538200,0.0205819475387531,0.0501537475497091,1.162143162318639,0.1984781661211891,1.2761498675450085,1065924600,84.71432790955453,1,1,1
2017-12-27,VTRS,35.62705993652344,42.0,42.2400016784668,41.84000015258789,42.150001525878906,2218500,0.0550000326974051,0.112142835344587,1.1328574589320597,0.1976707894561224,1.2835503294332329,1063706100,86.56935932527142,1,1,1
2017-12-28,VTRS,35.508304595947266,41.86000061035156,42.13999938964844,41.59000015258789,42.0,2100200,0.0640229399450378,0.1204013579082701,1.068571908133371,0.1925691310661968,1.2635530154485366,1061605900,83.96372053779756,1,1,1
2017-12-29,VTRS,35.8900260925293,42.310001373291016,42.52999877929688,41.86000061035156,42.0,4334900,0.0531789157875177,0.1023398221653288,0.9850003378731874,0.1833921921728089,1.2693836364021536,1065940800,81.5972592451798,1,1,1
2018-01-02,VTRS,36.56863784790039,43.11000061035156,43.77000045776367,42.27999877929688,42.34999847412109,6752900,0.0273718461718703,0.0851310163995702,0.9921433585030696,0.1878208767948303,1.3233034792919869,1072693700,81.5331244330284,1,1,1
2018-01-03,VTRS,36.59408950805664,43.13999938964844,43.470001220703125,42.66999816894531,42.84999847412109,6735500,0.0289754292462958,0.0781177324887354,0.9657148633684436,0.1839192945383907,1.352861053929729,1079429200,84.56017916090238,1,1,1
2018-01-04,VTRS,37.5865592956543,44.310001373291016,44.86000061035156,42.91999816894531,43.34000015258789,8232600,0.0541637922996838,0.0546151679969035,1.041429247174945,0.1838439298981661,1.453934969461507,1087661800,86.76927230205376,1,1,1
2018-01-05,VTRS,37.78165435791016,44.540000915527344,44.970001220703125,44.209999084472656,44.59000015258789,5325200,0.0529860925424638,0.0696003235383946,0.9485721588134776,0.1747485493773257,1.534902416971505,1092987000,86.24004287111991,1,1,1
2018-01-08,VTRS,37.798622131347656,44.560001373291016,45.0099983215332,44.119998931884766,44.5,6912000,0.0466785895927768,0.0513913157597585,0.9000007084437784,0.1625417128795104,1.5824421640220692,1099899000,85.06948583659835,1,1,1
2018-01-09,VTRS,37.569580078125,44.290000915527344,45.59999847412109,44.209999084472656,44.59999847412109,6205100,0.0562203163761187,0.041318536431004,0.8864291054861886,0.1558544344591368,1.5801163775987987,1093693900,76.84430554491574,1,1,1
2018-01-10,VTRS,37.654415130615234,44.38999938964844,44.790000915527344,43.43999862670898,44.41999816894531,4638500,0.0477584807622037,0.0360442061459336,0.9271436418805808,0.1527911241993795,1.568264242267162,1098332400,84.61536526780436,1,1,1
2018-01-11,VTRS,39.62238311767578,46.709999084472656,46.7599983215332,44.90999984741211,44.90999984741211,8970500,0.0004281836470922,-0.0109183971639754,1.0528578077043806,0.1639349856777884,1.726177624802233,1107302900,90.07298603430668,1,1,1
2018-01-12,VTRS,39.7835578918457,46.900001525878906,47.18999862670898,46.2400016784668,46.70000076293945,5816200,0.0157782055371833,-0.0196162463477731,1.040000370570591,0.171078129044203,1.8453842859341731,1113119100,89.20634959079823,1,1,1
2018-01-16,VTRS,39.56300354003906,46.63999938964844,47.25,46.59999847412109,46.70000076293945,5412700,0.0045025533280615,-0.0561749349522132,1.0528575352260046,0.1731730864909441,1.897008886655243,1107706400,85.47138006441939,1,1,1
2018-01-17,VTRS,39.68175506591797,46.77999877929688,47.040000915527344,46.369998931884766,46.45000076293945,4744000,-0.0141085905223282,-0.0840102695110601,1.0650005340576172,0.1751033704383358,1.92700521874022,1112450400,85.28948403708196,0,0,0
2018-01-18,VTRS,39.45272445678711,46.5099983215332,46.630001068115234,45.68999862670898,46.31999969482422,6317300,-0.0111803195405763,-0.074392586741306,1.1121433803013403,0.1783830413257152,1.9070079470337404,1106133100,85.28948403708186,0,0,0
2018-01-19,VTRS,39.639347076416016,46.72999954223633,46.959999084472656,45.04999923706055,46.59000015258789,7894700,-0.0113417244701199,-0.0990798440716969,1.2092862810407377,0.1773780567864975,1.8871582395473323,1114027800,87.63520202255437,0,0,0
2018-01-22,VTRS,40.4112663269043,47.63999938964844,47.68999862670898,46.59999847412109,46.720001220703125,4730600,-0.0348446655894123,-0.153442436025348,1.2392864227294926,0.1783788486090601,1.9226929780390307,1118758400,88.45595128199616,0,0,0
2018-01-23,VTRS,39.74114227294922,46.84999847412109,47.81999969482422,46.83000183105469,47.470001220703125,5140900,-0.0604055092535519,-0.1252934711433815,1.2035718645368314,0.1757128233275289,1.865602537977196,1113617500,77.02308330916979,0,0,0
2018-01-24,VTRS,39.12189865112305,46.119998931884766,47.16999816894531,45.630001068115234,46.970001220703125,5956200,-0.0709020063637292,-0.1229401192597469,1.2564285823277077,0.1683596217783997,1.741379551220703,1107661300,69.55378593359126,0,0,0
2018-01-25,VTRS,39.01163482666016,45.9900016784668,46.77999877929688,45.79999923706055,46.41999816894531,5793600,-0.0639269913917572,-0.1465536297560642,1.1878569466727136,0.1601014752022774,1.613838916865653,1101867700,62.765956213316855,0,0,0
2018-01-26,VTRS,39.18976974487305,46.20000076293945,46.59000015258789,46.02000045776367,46.20000076293945,4821100,-0.0887446368205969,-0.1497835902460338,1.176428113664901,0.1479018927068534,1.5122746554700228,1106688800,62.65243521267221,0,0,0
2018-01-29,VTRS,39.00314712524414,45.97999954223633,46.63999938964844,45.72999954223633,45.79999923706055,4021200,-0.1228794642764549,-0.117007418914245,1.1778567177908776,0.1304567751184629,1.3979176620644154,1102667600,60.502941717538654,0,0,0
2018-01-30,VTRS,37.34055709838867,44.02000045776367,44.70000076293945,43.880001068115234,44.59999847412109,7271500,-0.0690595384805632,-0.0820081911133846,1.2285709381103536,0.1176531451986361,1.136037838132701,1095396100,48.40236429949299,0,0,0
2018-01-31,VTRS,36.34807968139648,42.84999847412109,44.18999862670898,42.5099983215332,43.880001068115234,8731400,-0.0560092834689619,-0.0352391686185273,1.2521422249930256,0.1198669763893021,0.8245815461790116,1086664700,41.911763527343176,0,0,0
2018-02-01,VTRS,36.51774215698242,43.04999923706055,43.5,42.34999847412109,42.650001525878906,4732500,-0.0882694379652678,-0.0325202726130694,1.1649995531354649,0.1205888071973426,0.5871206199406132,1091397200,25.27028914868916,0,0,0
2018-02-02,VTRS,35.71188735961914,42.09999847412109,43.0099983215332,41.84999847412109,42.630001068115234,4230600,-0.0669833681005395,0.0009501405457754,1.1828569684709846,0.1361558652367677,0.3186013647906875,1087166600,20.58822979426833,0,0,0
2018-02-05,VTRS,34.21046829223633,40.33000183105469,41.84000015258789,39.900001525878906,41.61000061035156,6924800,0.0066946846220694,0.025043349260537,1.293570927211218,0.1681269853219044,-0.036604067207179,1080241800,17.37332599059866,1,1,1
2018-02-06,VTRS,34.76183319091797,40.97999954223633,41.59000015258789,39.54999923706055,39.70000076293945,6434500,-0.0139092167201403,0.0056124827917403,1.3914279937744156,0.1875817596633652,-0.2626301117014833,1086676300,21.5127640638906,0,0,0
2018-02-07,VTRS,34.31224822998047,40.45000076293945,41.08000183105469,39.95000076293945,40.52000045776367,5188500,0.0220024566838539,0.0205191100297303,1.3942852020263676,0.2082945404314745,-0.4790022131528815,1081487800,20.97700876430791,1,1,1
2018-02-08,VTRS,33.29433822631836,39.25,41.34000015258789,39.220001220703125,40.66999816894531,8111800,0.0611465356911822,0.0560509748519606,1.4092851366315575,0.236489600305515,-0.7387923567677674,1073376000,17.250423642048986,1,1,1
2018-02-09,VTRS,33.31977844238281,39.27999877929688,39.72999954223633,38.09999847412109,39.27000045776367,7204400,0.0728106084325788,0.0636456231591753,1.447856630597797,0.2559659234483217,-0.9315192919435802,1080580400,10.341527819801527,1,1,1
2018-02-12,VTRS,34.43949508666992,40.59999847412109,41.470001220703125,39.59000015258789,39.59999847412109,8377900,0.0182266430117845,0.0125616294433004,1.5335712432861333,0.2610752859900398,-0.9666014530561142,1088958300,21.77053080499473,1,1,1
2018-02-13,VTRS,34.2783203125,40.40999984741211,40.97999954223633,40.11000061035156,40.290000915527344,4266000,0.0197970611254971,-0.0022271752766079,1.485714231218611,0.2652898170929553,-0.9982286611517566,1084692300,22.886971113334653,1,1,1
2018-02-14,VTRS,35.06721115112305,41.34000015258789,41.59000015258789,39.9900016784668,40.16999816894531,4471700,-0.0014514120239366,-0.0157233072926881,1.5299998692103796,0.2617828252202167,-0.9374439290627876,1089164000,29.479241369790145,0,0,0
2018-02-15,VTRS,35.33016586303711,41.650001525878906,41.95000076293945,40.880001068115234,41.869998931884766,3216900,-0.0048019389102587,-0.0163265373412595,1.5635713849748885,0.2562663662740815,-0.8544079874876758,1092380900,30.096235196350165,0,0,0
2018-02-16,VTRS,35.74582290649414,42.13999938964844,42.459999084472656,41.709999084472656,41.75,3417200,-0.0085429666721824,-0.0142382174373851,1.5564283643450056,0.2460612416363584,-0.7405263462664351,1095798100,33.58973330685868,0,0,0
2018-02-20,VTRS,35.06721115112305,41.34000015258789,42.15999984741211,40.81999969482422,42.119998931884766,5560900,-0.0055636076774888,0.0457184175779477,1.5021427699497767,0.2269377957305184,-0.7066813944624215,1090237200,37.28651796817657,0,0,0
2018-02-21,VTRS,34.95693588256836,41.209999084472656,42.02999877929688,40.90999984741211,41.380001068115234,3447500,-0.0215966854991699,0.0310604858634035,1.4621426718575623,0.2097227665529594,-0.6824818006825737,1086789700,41.36841733303461,0,0,0
2018-02-22,VTRS,35.01631164550781,41.27999877929688,42.040000915527344,41.060001373291016,41.4900016784668,3582000,-0.014292639777979,0.017684097960837,1.4499996730259492,0.1940771348361062,-0.6501604133684253,1090371700,40.55495143686389,0,0,0
2018-02-23,VTRS,35.1605224609375,41.45000076293945,42.0,41.15999984741211,41.68999862670898,3371200,-0.0115802058721672,0.0255729201226335,1.4242853437151228,0.1747726606332059,-0.6038667418389139,1093742900,46.21654087924633,0,0,0
2018-02-26,VTRS,35.4404411315918,41.77999877929688,41.88999938964844,40.90999984741211,41.56999969482422,3217500,-0.0057443243365642,0.0239348977792581,1.337142671857562,0.1464242359343106,-0.5343904709101963,1096960400,60.13984745466114,0,0,0
2018-02-27,VTRS,34.87211227416992,41.11000061035156,41.959999084472656,40.869998931884766,41.75,4335500,0.0515689345757621,0.030162924966177,1.2692854745047435,0.1102264108227326,-0.5273147225951931,1092624900,50.90656325299762,1,1,1
2018-02-28,VTRS,34.201988220214844,40.31999969482422,41.43000030517578,40.29999923706055,41.43000030517578,5143700,0.0538194940492804,0.0421627176539309,1.2692854745047435,0.0948795272572483,-0.5787817766059007,1087481200,49.12516063579687,1,1,1
2018-03-01,VTRS,34.51584243774414,40.68999862670898,43.040000915527344,40.65999984741211,41.59999847412109,10688100,0.032440396642279,0.024084531219253,1.3121427808489123,0.0875113623316411,-0.5829935790382237,1098169300,60.90908933276841,1,1,1
2018-03-02,VTRS,34.753353118896484,40.970001220703125,41.20000076293945,39.54999923706055,40.34999847412109,7072400,0.0375884074919645,0.0185501171317796,1.3135713849748885,0.0752553782531119,-0.5573132335137245,1105241700,62.335786991712325,1,1,1
2018-03-05,VTRS,35.23686981201172,41.540000915527344,41.77999877929688,40.16999816894531,40.54999923706055,4599900,0.0298506941848919,-0.0178141950447138,1.2721426827566975,0.072036158840202,-0.4853720955981444,1109841600,57.70493997165872,1,1,1
2018-03-06,VTRS,36.67042541503906,43.22999954223633,44.18000030517578,42.5,43.09000015258789,8017400,-0.0203562590199768,-0.0652324710776145,1.398571286882674,0.085787359308024,-0.2886619450083216,1117859000,68.5526332960898,0,0,0
2018-03-07,VTRS,36.04270553588867,42.4900016784668,43.209999084472656,42.310001373291016,42.93999862670898,5815000,-0.0110614545101633,-0.031301524559099,1.3499998365129753,0.0908602675768841,-0.1902858794621948,1112044000,57.75979852621845,0,0,0
2018-03-08,VTRS,35.63554763793945,42.0099983215332,42.880001068115234,41.77999877929688,42.540000915527344,4317900,-0.0080933150719412,-0.0509402398274205,1.3521428789411278,0.0912095657869171,-0.1493329804625034,1107726100,52.37464966928378,0,0,0
2018-03-09,VTRS,36.059669494628906,42.5099983215332,42.560001373291016,41.79999923706055,42.43000030517578,5582400,-0.0183485958620179,-0.0856269003380462,1.3485717773437504,0.0837630778956674,-0.0756595355999252,1113308500,52.43741056947548,0,0,0
2018-03-12,VTRS,36.2887077331543,42.77999877929688,43.08000183105469,42.369998931884766,42.7599983215332,5910000,-0.0462833005781792,-0.068256153629402,1.3035719735281812,0.0746871797456014,0.0044625393202863,1119218500,60.19828857368715,0,0,0
2018-03-13,VTRS,35.9239501953125,42.34999847412109,43.31999969482422,42.209999084472656,43.040000915527344,3463000,-0.0458087059411456,-0.0665879526901855,1.3028578077043806,0.0733144477729362,0.0328833709466493,1115755500,57.74456042873867,0,0,0
2018-03-14,VTRS,35.64402389526367,42.02000045776367,42.68999862670898,41.56999969482422,42.52000045776367,3158000,-0.0204664588525169,-0.0361732613328145,1.3128577641078398,0.0684120702805926,0.0284510369166071,1112597500,54.855654738810784,0,0,0
2018-03-15,VTRS,35.347137451171875,41.66999816894531,42.31999969482422,41.59000015258789,42.18000030517578,2484700,-0.0431965278655087,-0.0119990406040532,1.305000577654157,0.0679094357238734,-0.003266228305172,1110112800,51.41023992002828,0,0,0
2018-03-16,VTRS,35.39802932739258,41.72999954223633,42.400001525878906,41.650001525878906,41.790000915527344,7309000,-0.0685358409231915,-0.0524801977170503,1.2885720389229909,0.0678818167858719,-0.0232922812129103,1117421800,49.66799986828403,0,0,0
2018-03-19,VTRS,34.60913848876953,40.79999923706055,41.70000076293945,40.380001068115234,41.54999923706055,4479400,-0.023039182458002,-0.0100490160558553,1.3071433476039336,0.070026845739694,-0.1129048281351288,1112942400,48.010261970135694,0,0,0
2018-03-20,VTRS,34.2783203125,40.40999984741211,41.08000183105469,40.02000045776367,40.81999969482422,3174200,-0.0217768144379635,0.0096510613986902,1.3021433694022038,0.0746497823172087,-0.2129384862582952,1109768200,50.60893175617952,0,0,0
2018-03-21,VTRS,34.914527893066406,41.15999984741211,41.47999954223633,40.13999938964844,40.41999816894531,3190800,-0.0160349817749964,-0.0172497348664907,1.2035718645368298,0.0747875699976063,-0.2290567256851687,1112959000,53.02445921663741,0,0,0
2018-03-22,VTRS,33.82025909423828,39.869998931884766,41.0,39.790000915527344,40.619998931884766,3961500,0.0326059511383862,-0.0087784921870462,1.183571679251534,0.0832195828749312,-0.3419806988316551,1108997500,43.735751914408304,1,1,1
2018-03-23,VTRS,32.97200393676758,38.869998931884766,40.040000915527344,38.79999923706055,39.91999816894531,3522700,0.0172369951647459,0.0252122348640568,1.1571431841169075,0.1007248499160927,-0.506328760996773,1105474800,35.504879787371095,1,1,1
2018-03-26,VTRS,33.81177520751953,39.86000061035156,39.959999084472656,38.58000183105469,39.52000045776367,4109900,0.013296507054223,0.0416457556947706,1.067143031529017,0.1057252380306093,-0.5503468665647233,1109584700,30.19978510404347,1,1,1
2018-03-27,VTRS,33.53184509277344,39.52999877929688,40.25,39.36000061035156,40.130001068115234,3593800,0.0321275106749763,0.0217556447485134,1.06500026157924,0.1124616181062419,-0.6048871595403895,1105990900,31.72839953865774,1,1,1
2018-03-28,VTRS,34.35466766357422,40.5,40.709999084472656,39.7599983215332,40.0099983215332,5646700,-0.0012345490632234,0.0187653906551408,1.0707144056047702,0.1118068181133749,-0.563345842590131,1111637600,41.21072786045416,0,0,0
2018-03-29,VTRS,34.923004150390625,41.16999816894531,41.45000076293945,40.27000045776367,40.58000183105469,4118100,-0.0400776726880265,-0.0133592242293422,1.1007142748151495,0.1110710504634555,-0.4709321837236118,1115755700,42.35160249836373,0,0,0
2018-04-02,VTRS,33.54033279418945,39.540000915527344,40.869998931884766,39.150001525878906,40.86000061035156,4484300,0.0078400999346464,0.0298432037899218,1.1942852565220414,0.1170647811204074,-0.5231898423347587,1111271400,33.992109760722,1,1,1
2018-04-03,VTRS,34.26136016845703,40.38999938964844,40.61000061035156,39.38999938964844,39.93000030517578,2685000,0.0279772489524929,0.014607580131311,1.2021424429757244,0.1181898565177609,-0.4903640288684769,1113956400,40.70209243727286,1,1,1
2018-04-04,VTRS,34.60913848876953,40.79999923706055,40.95000076293945,39.70000076293945,39.90999984741211,3007400,-0.0100490160558553,-0.0014705284244037,1.2114282335553843,0.109088161431418,-0.4263510643492765,1116963800,44.25611626562068,0,0,0
2018-04-05,VTRS,34.31224822998047,40.45000076293945,40.9900016784668,40.2599983215332,40.93000030517578,2267800,0.0200246611450221,0.0088998913117794,1.2114285060337606,0.1048280381749969,-0.3992598614296554,1114696000,44.25613216239117,1,1,1
2018-04-06,VTRS,33.523372650146484,39.52000045776367,40.61000061035156,39.06999969482422,40.27999877929688,3107500,0.0278339691644664,0.0303643914230702,1.2678571428571423,0.1062097052715639,-0.4476726485986262,1111588500,40.38294388443157,1,1,1
2018-04-09,VTRS,33.80330276489258,39.84999847412109,40.68000030517578,39.34999847412109,39.790000915527344,4637200,0.0218319392696344,0.023337524235534,1.2664288112095423,0.1009760370604664,-0.4541765842654754,1116225700,45.638194908340346,1,1,1
2018-04-10,VTRS,35.21989822387695,41.52000045776367,41.93999862670898,40.400001525878906,40.41999816894531,5769900,-0.0130058022537032,-0.0305876792813521,1.3400001525878906,0.0914948639268495,-0.3208769273689853,1121995600,54.56039760623793,0,0,0
2018-04-11,VTRS,34.26136016845703,40.38999938964844,41.880001068115234,39.470001220703125,41.130001068115234,6875400,0.0086655680640603,-0.0358999946732131,1.416428702218192,0.0827476376653292,-0.3029256924721579,1115120200,46.93226890608153,1,1,1
2018-04-12,VTRS,34.99934768676758,41.2599983215332,41.560001373291016,40.54999923706055,40.790000915527344,4450500,-0.0109063734015553,-0.0426562867942404,1.4021432059151786,0.0774671465718492,-0.2160075658075158,1119570700,55.72959482433835,0,0,0
2018-04-13,VTRS,34.456451416015625,40.619998931884766,41.0099983215332,39.7400016784668,41.0,4683300,0.0024618978692256,-0.0315115414316797,1.422142846243722,0.0727305256091964,-0.1965017761042347,1114887400,57.43415675071968,1,1,1
2018-04-16,VTRS,34.54128646850586,40.720001220703125,41.36000061035156,40.40999984741211,41.02000045776367,2099100,0.0014734174065607,-0.0481336650396121,1.3914288112095423,0.0668688305633399,-0.1710027351933192,1116986500,53.952209684985874,1,1,1
2018-04-17,VTRS,34.76183319091797,40.97999954223633,41.06999969482422,40.66999816894531,40.90999984741211,2280600,-0.0178135566225164,-0.0536847434727763,1.356428963797433,0.0675429038529104,-0.1283354981727811,1119267100,56.70676041675853,0,0,0
2018-04-18,VTRS,34.558250427246094,40.7400016784668,41.22999954223633,40.40999984741211,41.11000061035156,2461200,-0.0441826945900498,-0.0974472522616874,1.3307146344866077,0.0679841525059249,-0.1125893671534399,1116805900,51.19048565153994,0,0,0
2018-04-19,VTRS,34.61763381958008,40.810001373291016,41.2400016784668,40.34000015258789,40.81999969482422,2736300,-0.0321000080668552,-0.1166381273230182,1.310714721679688,0.0664632285190049,-0.0933855638656595,1119542200,48.101281103591255,0,0,0
2018-04-20,VTRS,34.54128646850586,40.720001220703125,40.9900016784668,40.43000030517578,40.720001220703125,3430300,-0.0338900055684086,-0.1164047528578376,1.2064293452671602,0.0657901050994055,-0.0844551254407619,1116111900,57.430737255587765,0,0,0
2018-04-23,VTRS,34.59218215942383,40.77999877929688,40.9900016784668,40.5,40.790000915527344,2930500,-0.0495340980438966,-0.114516878585984,1.154286520821708,0.0559085592744273,-0.0717097615967787,1119042400,52.72727078718351,0,0,0
2018-04-24,VTRS,34.142601013183594,40.25,41.20000076293945,39.84999847412109,40.900001525878906,4932800,-0.0365217694584625,-0.1212422625618692,1.1614295414515914,0.0542875743725441,-0.1031859773142471,1114109600,46.21733301500432,0,0,0
2018-04-25,VTRS,33.031375885009766,38.93999862670898,40.150001525878906,38.43999862670898,40.08000183105469,6332800,-0.0557267140594325,-0.0570107212197782,1.2385722569056934,0.0607174855235252,-0.231172455562671,1107776800,40.82622770278161,0,0,0
2018-04-26,VTRS,33.50639724731445,39.5,39.63999938964844,38.56999969482422,39.09999847412109,3230300,-0.0873417914668216,-0.0405062904840782,1.2050007411411845,0.0644812819096792,-0.2841398437219666,1111007100,49.87277057304444,0,0,0
2018-04-27,VTRS,33.370689392089844,39.34000015258789,39.90999984741211,39.209999084472656,39.459999084472656,2982500,-0.0854092678525455,-0.0236400686723079,1.1600006648472387,0.0666374349509441,-0.3351639693529122,1108024600,46.68401552269553,0,0,0
2018-04-30,VTRS,32.87868118286133,38.7599983215332,39.790000915527344,38.75,39.470001220703125,3564200,-0.0683693969540093,-0.0128998973594439,1.085000719342914,0.0732128403718376,-0.4175885560783499,1104460400,29.09088807328854,0,0,0
2018-05-01,VTRS,32.89565658569336,38.77999877929688,39.09000015258789,38.369998931884766,38.560001373291016,4197500,-0.0879319225051802,-0.0072201853561264,0.9642865317208436,0.0805124485872747,-0.4758119016846081,1108657900,35.33696505624786,0,0,0
2018-05-02,VTRS,31.190643310546875,36.77000045776367,38.650001525878906,36.66999816894531,38.630001068115234,8679700,-0.0013597834223031,0.0655425569053334,1.031429290771486,0.1094608481660642,-0.6763478715931939,1099978200,16.138765280371956,0,0,0
2018-05-03,VTRS,30.579893112182617,36.04999923706055,37.25,34.95000076293945,36.77999877929688,9445300,0.0513176790005724,0.1117892560133861,1.0871437617710673,0.1398324146917226,-0.8831912744939814,1090532900,15.946346360914973,1,1,1
2018-05-04,VTRS,30.52052497863769,35.97999954223633,36.06999969482422,35.380001068115234,35.380001068115234,4371000,0.0675375301859924,0.1022790536963706,1.068572180611748,0.1638698047505114,-1.0407672350490245,1086161900,14.520926880552736,1,1,1
2018-05-07,VTRS,30.63079071044922,36.11000061035156,36.470001220703125,35.7599983215332,36.09999847412109,3960400,0.0595402291564988,0.0952644300350094,1.0907151358468208,0.1819991775655583,-1.1419931333544682,1090122300,12.824431304283236,1,1,1
2018-05-08,VTRS,30.003076553344727,35.369998931884766,36.15999984741211,35.119998931884766,36.0,5100200,0.088493106096581,0.1085665894416036,1.1064295087541869,0.1977862128925077,-1.2673184795016184,1085022100,11.91489062374896,1,1,1
2018-05-09,VTRS,31.148231506347656,36.720001220703125,37.18000030517578,35.400001525878906,35.61000061035156,6111600,0.066993436892526,0.0792483592231314,1.1714294978550517,0.2034955873762387,-1.243372987152746,1091133700,25.4501957950434,1,1,1
2018-05-10,VTRS,32.1491813659668,37.900001525878906,38.2400016784668,36.540000915527344,36.68999862670898,4443600,0.0575197946545524,0.0377308772454625,1.252858025687083,0.1981283858040417,-1.1163117025673586,1095577300,35.03185796700255,1,1,1
2018-05-11,VTRS,32.581790924072266,38.40999984741211,38.58000183105469,37.59999847412109,37.88999938964844,4469000,0.0325436085645862,0.0252538720269868,1.287858145577569,0.1940110133343008,-0.9633571354044506,1100046300,37.99393436483401,1,1,1
2018-05-14,VTRS,32.45455551147461,38.2599983215332,38.880001068115234,38.0,38.31999969482422,3232600,0.0337167007872374,0.0109775745443825,1.2542866298130595,0.1886202092527658,-0.8445084408551367,1096813700,39.515280681451415,1,1,1
2018-05-15,VTRS,32.65813064575195,38.5,38.70000076293945,37.90999984741211,38.09000015258789,3328800,0.0184415346616273,0.0254545335645799,1.181429454258511,0.1801868501230883,-0.7226239059219495,1100142500,47.38718453463696,1,1,1
2018-05-16,VTRS,33.234954833984375,39.18000030517578,39.2400016784668,38.29999923706055,38.459999084472656,3943900,0.0114854711443177,-0.0183767538309082,1.1721439361572277,0.1730468919065741,-0.564650255565148,1104086400,48.12646736159006,1,1,1
2018-05-17,VTRS,33.9984016418457,40.08000183105469,40.459999084472656,39.02999877929688,39.20000076293945,6222200,-0.0187125739954154,-0.0309381642169991,1.224286760602679,0.1683049805591941,-0.3626519718187282,1110308600,53.987073616588,0,0,0
2018-05-18,VTRS,33.642127990722656,39.65999984741211,40.2599983215332,39.54999923706055,40.2599983215332,4590500,-0.0070599793336899,-0.0292486094774355,1.20071520124163,0.161890669774303,-0.2337628539396803,1105718100,54.93421327814297,0,0,0
2018-05-21,VTRS,33.5488166809082,39.54999923706055,40.130001068115234,39.34000015258789,39.81999969482422,2594500,-0.0219974449726292,0.0108723214531152,1.2057151794433598,0.1539239460425622,-0.1388923646443771,1103123600,54.18023657723051,0,0,0
2018-05-22,VTRS,33.260406494140625,39.209999084472656,40.06999969482422,39.130001068115234,39.7400016784668,2819900,0.0068860103052283,0.0323897089369378,1.1221436091831751,0.1482728162881881,-0.0901033340394548,1100303700,66.18033572316473,1,1,1
2018-05-23,VTRS,33.61668395996094,39.630001068115234,39.709999084472656,38.84000015258789,38.970001220703125,3892500,-0.029523137827617,0.0348220342221554,1.020000730242048,0.1509591017650476,-0.0173470596961422,1104196200,74.72372473953146,0,0,0
2018-05-24,VTRS,33.362205505371094,39.33000183105469,39.88999938964844,38.93999862670898,39.619998931884766,3329900,-0.0124587250357027,0.0516145101649601,1.0385723114013676,0.1502299942135157,0.0159218435673977,1100866300,72.4230027387131,0,0,0
2018-05-25,VTRS,33.40461730957031,39.380001068115234,39.88999938964844,39.18999862670898,39.369998931884766,2235300,-0.0223463952322678,0.0606906887969473,1.037857873099192,0.1503943787635711,0.0457943212337639,1103101600,72.12446322022953,0,0,0
2018-05-29,VTRS,32.810829162597656,38.68000030517578,39.20000076293945,38.38999938964844,38.95000076293945,3913800,0.0336090803206792,0.0822130372307743,1.0342864990234386,0.150252265553286,0.0128362947694142,1099187800,72.51698576003977,1,1,1
2018-05-30,VTRS,33.48943328857422,39.47999954223633,39.70000076293945,38.72999954223633,38.93000030517578,2392200,0.0253292809421181,0.0554710904787647,0.9778578622000568,0.1524846581747357,0.0506857995583658,1101580000,70.29408481297625,1,1,1
2018-05-31,VTRS,32.624202728271484,38.459999084472656,39.38999938964844,38.290000915527344,39.290000915527344,7378700,0.0663026338471768,0.0273010728563554,0.9414291381835947,0.1482214782192439,-0.0016052038566058,1094201300,54.216844628234014,1,1,1
2018-06-01,VTRS,32.94655227661133,38.84000015258789,39.810001373291016,38.5099983215332,38.81999969482422,4987900,0.0648815769274853,0.0041194605248076,0.9678576333182204,0.1379321045511601,-0.0122421702852832,1099189200,53.302608756797305,1,1,1
2018-06-04,VTRS,32.65813064575195,38.5,39.18999862670898,38.29999923706055,39.04999923706055,4958700,0.0849350768250305,0.0020779696377841,0.96857179914202,0.1244433942172011,-0.0475589832744702,1094230500,51.79105505853845,1,1,1
2018-06-05,VTRS,33.91356658935547,39.97999954223633,41.59999847412109,39.95000076293945,40.5,12468200,0.0470235390105278,-0.031265633174394,1.133571624755859,0.1131357844930342,0.0433757732602515,1106698700,59.3198890183408,1,1,1
2018-06-06,VTRS,34.337703704833984,40.47999954223633,40.75,39.34999847412109,40.0099983215332,6429200,0.0293971996088426,-0.0397727428003478,1.166428702218192,0.086498280431129,0.1540126819611273,1113127900,58.37627732041319,1,1,1
2018-06-07,VTRS,34.78727340698242,41.0099983215332,41.27999877929688,40.540000915527344,40.58000183105469,6865500,-0.0365764462665776,-0.0580345611028298,1.1214286259242476,0.0791730849597528,0.281217995309305,1119993400,56.292260400723706,0,0,0
2018-06-08,VTRS,35.084171295166016,41.36000061035156,41.52999877929688,40.880001068115234,41.0099983215332,4245400,-0.0570599752302929,-0.0737427270805503,1.1171428135463184,0.0857074898077086,0.4055959248717684,1124238800,61.61202150195816,0,0,0
2018-06-11,VTRS,35.43196105957031,41.77000045776367,42.29999923706055,41.29999923706055,41.34999847412109,3339200,-0.076370567195339,-0.0876226911013077,1.1321427481515085,0.0967880698792439,0.5311273854350986,1127578000,64.56693189316047,0,0,0
2018-06-12,VTRS,35.508304595947266,41.86000061035156,42.06999969482422,41.61000061035156,41.77000045776367,2655300,-0.0747730774600422,-0.0852842724025521,1.097857066563199,0.1036947513851885,0.630605010465402,1130233300,67.97829401832917,0,0,0
2018-06-13,VTRS,35.347137451171875,41.66999816894531,42.5,41.63999938964844,42.040000915527344,4841300,-0.0671946090736153,-0.1012718404473275,1.097142900739399,0.1071983127050934,0.6862000488759321,1125392000,64.28568757215999,0,0,0
2018-06-14,VTRS,33.51488494873047,39.5099983215332,40.9900016784668,38.79999923706055,40.869998931884766,13978400,-0.0222727737484708,-0.0804858675163596,1.234285627092635,0.1062711652199721,0.5496297914396138,1111413600,50.99998007881161,0,0,0
2018-06-15,VTRS,33.082275390625,39.0,39.86000061035156,38.7400016784668,39.70000076293945,7885300,-0.0176922724797174,-0.0733333489833734,1.264285496303014,0.1082132961299647,0.3956830878394015,1103528300,47.99153831047675,0,0,0
2018-06-18,VTRS,32.72600173950195,38.58000183105469,38.91999816894531,37.959999084472656,38.68000030517578,5207700,-0.0121825090304894,-0.0505443408602903,1.2678568703787672,0.1119279859569582,0.2370562372072484,1098320600,49.45534601962533,0,0,0
2018-06-19,VTRS,32.853240966796875,38.72999954223633,38.77999877929688,37.93000030517578,38.04999923706055,3030100,-0.0113606669741669,-0.0715207975859358,1.255713871547155,0.1144365353281912,0.1220400749292309,1101350700,45.60375083628193,0,0,0
2018-06-20,VTRS,32.97200393676758,38.869998931884766,39.119998931884766,38.560001373291016,38.81999969482422,3196300,-0.0365319837397911,-0.0666323700478244,1.2107137952532097,0.1155693994279973,0.0417049694704942,1104547000,52.67973836654116,0,0,0
2018-06-21,VTRS,32.7684211730957,38.630001068115234,39.02000045776367,38.33000183105469,38.93000030517578,2094600,-0.0595391968280047,-0.0517732318068916,1.1635706765311116,0.1183210765128812,-0.0408560392605039,1102452400,48.60186925382232,0,0,0
2018-06-22,VTRS,32.49697494506836,38.310001373291016,38.9900016784668,38.09999847412109,38.95000076293945,4842100,-0.0566432238542142,-0.031323433044199,1.1635709490094883,0.1221841148596535,-0.1306020355541193,1097610300,48.7316503493583,0,0,0
2018-06-25,VTRS,32.32732009887695,38.11000061035156,38.43999862670898,37.41999816894531,38.290000915527344,3271600,-0.0388349388227069,-0.0377854216306444,1.0149996621268156,0.126946433374748,-0.2153819848442424,1094338700,34.94363642283095,0,0,0
2018-06-26,VTRS,32.480003356933594,38.290000915527344,38.75,37.95000076293945,38.060001373291016,3153000,-0.060851443597376,-0.0558892488503605,0.9721423557826466,0.1287179759912117,-0.2649915277801042,1097491700,31.4091657723602,0,0,0
2018-06-27,VTRS,31.76746368408203,37.45000076293945,38.4900016784668,37.380001068115234,38.18000030517578,4337100,-0.031241707872017,-0.0328437788298668,0.9942853110177188,0.1373162030561626,-0.3678481160100162,1093154600,21.290328137959207,0,0,0
2018-06-28,VTRS,30.81740951538086,36.33000183105469,37.27000045776367,35.88999938964844,37.27000045776367,6176200,0.0082576168989925,0.006881364916043,1.0592855725969592,0.1529889049792305,-0.5335864048760044,1086978400,13.916761806143144,1,1,1
2018-06-29,VTRS,30.656232833862305,36.13999938964844,36.7599983215332,36.09000015258789,36.5,3526600,0.0268401006387666,0.0071943038356814,1.0357140132359102,0.1692280610879925,-0.6725144737592359,1083451800,8.29626481586871,1,1,1
2018-07-02,VTRS,31.071889877319336,36.630001068115234,36.75,35.560001373291016,36.02999877929688,4579400,0.0010919219127429,-0.0070980652101806,1.0878568376813622,0.1787022176657685,-0.734608815784263,1088031200,13.426564920032718,1,1,1
2018-07-03,VTRS,30.50355339050293,35.959999084472656,36.970001220703125,35.84000015258789,36.709999084472656,1817200,0.0052837165251289,-0.0011123725402044,1.1071425846644816,0.1917912845699136,-0.8283340703020272,1086214000,12.581906029423678,1,1,1
2018-07-05,VTRS,30.77499008178711,36.27999877929688,36.61000061035156,35.810001373291016,36.13999938964844,3764700,-0.001653736510818,-0.0176405570888182,0.9592854636056088,0.1979854805030869,-0.8667987918293747,1089978700,22.107071160940208,0,0,0
2018-07-06,VTRS,31.071889877319336,36.630001068115234,36.91999816894531,36.119998931884766,36.47999954223633,2355600,-0.0013649804969312,-0.030030091639169,0.936428342546736,0.1966632874903227,-0.8591365102504298,1092334300,28.95205610788477,0,0,0
2018-07-09,VTRS,31.47905921936035,37.11000061035156,37.400001525878906,36.75,36.790000915527344,2667300,-0.0191322843652718,-0.0385340954367134,0.9171425955636164,0.1876998299116656,-0.8050520069517688,1095001600,37.0825958702065,0,0,0
2018-07-10,VTRS,31.10582160949707,36.66999816894531,37.27000045776367,36.52000045776367,37.209999084472656,2728500,-0.0081810540507364,-0.0103626199179844,0.9099998474121094,0.1725054558665127,-0.7886036363661191,1092273100,32.775928906376095,0,0,0
2018-07-11,VTRS,30.66472244262696,36.150001525878906,36.52999877929688,36.02000045776367,36.52999877929688,2319000,-0.0063624715691626,0.0118948903741527,0.916428429739816,0.1519747011244832,-0.8082110139995677,1089954100,28.616387472207023,0,0,0
2018-07-12,VTRS,30.72409439086914,36.220001220703125,36.52000045776367,36.06999969482422,36.40999984741211,2324400,-0.016013302360773,-0.00331316241131,0.8992857251848493,0.1232280696934427,-0.8087785163873775,1092278500,30.533138839433448,0,0,0
2018-07-13,VTRS,31.02947807312012,36.58000183105469,36.7400016784668,36.119998931884766,36.16999816894531,2381700,-0.0287042919409153,-0.0098414596044644,0.8799999782017294,0.1147075526618549,-0.7712882941687269,1094660200,36.11558948026494,0,0,0
2018-07-16,VTRS,30.87679100036621,36.400001525878906,36.540000915527344,36.2400016784668,36.540000915527344,1749400,-0.0197802524868366,0.007142810731707,0.8314285278320312,0.1093299492580092,-0.7474850014568162,1092910800,36.23190631457643,0,0,0
2018-07-17,VTRS,30.85133934020996,36.369998931884766,36.58000183105469,36.02000045776367,36.11000061035156,2392700,-0.0021995605913336,0.025845544927475,0.8142858232770648,0.105757368911148,-0.7227107197765719,1090518100,34.1584230090111,0,0,0
2018-07-18,VTRS,30.46961975097656,35.91999816894531,36.369998931884766,35.81999969482422,36.369998931884766,4063500,0.0183742676991554,0.0439866901892183,0.7742857251848493,0.1013639560940769,-0.7309621471871992,1086454600,36.507936507936506,1,1,1
2018-07-19,VTRS,30.232107162475582,35.63999938964844,35.91999816894531,35.209999084472656,35.810001373291016,3065700,0.0129068207730176,0.024691388417106,0.713571275983538,0.0943493448949132,-0.7514329727412914,1083388900,42.857131574416464,1,1,1
2018-07-20,VTRS,30.138795852661133,35.529998779296875,36.02000045776367,35.400001525878906,35.61000061035156,3152300,0.0194202776558582,0.0821841284538418,0.7099999019077846,0.0873092516783743,-0.7676830075739218,1080236600,43.57895125708127,1,1,1
2018-07-23,VTRS,30.266033172607425,35.68000030517578,35.869998931884766,35.31999969482422,35.40999984741211,2438500,0.0274663546483817,0.0574551350764189,0.6642856597900391,0.0796030873223843,-0.7597000583547384,1082675100,39.22903455452455,1,1,1
2018-07-24,VTRS,30.78348159790039,36.290000915527344,36.470001220703125,35.650001525878906,35.709999084472656,4233600,0.0281069284108848,0.0620005495518545,0.6421427045549665,0.0688549022694403,-0.6961270430882536,1086908700,53.79311917272925,1,1,1
2018-07-25,VTRS,31.02947807312012,36.58000183105469,36.709999084472656,36.11000061035156,36.34000015258789,2622600,0.0251503040703588,0.072443892250763,0.627856935773577,0.0505665606649757,-0.615252077260898,1089531300,53.47225165656472,1,1,1
2018-07-26,VTRS,30.62230110168457,36.09999847412109,36.900001525878906,36.0099983215332,36.709999084472656,3190000,0.0116344044707832,0.0141274835952163,0.6342857905796596,0.0421512342197509,-0.5831679464420247,1086341300,44.044925905003,1,1,1
2018-07-27,VTRS,30.72409439086914,36.220001220703125,36.560001373291016,35.95000076293945,36.20000076293945,2561800,0.0615681796543308,0.0273329053120974,0.6228572300502232,0.0421302231831097,-0.5418121496749109,1088903100,39.11984271180374,1,1,1
2018-07-30,VTRS,31.097335815429688,36.65999984741211,36.790000915527344,36.09999847412109,36.18999862670898,3237800,0.0291871167288002,0.0240043936655214,0.6185716901506702,0.0430795261345493,-0.4681367814199078,1092140900,49.87777136296356,1,1,1
2018-07-31,VTRS,31.6487045288086,37.310001373291016,37.84000015258789,36.5,36.7599983215332,5987900,0.0329670194844013,0.0324309579184003,0.6678575788225452,0.0490589124183647,-0.3532270488831059,1098128800,63.74403277375564,1,1,1
2018-08-01,VTRS,31.809873580932617,37.5,37.95000076293945,36.97999954223633,37.22999954223633,4318000,0.0461333211263019,0.0085333251953125,0.7050004686628074,0.0556514066386206,-0.2440160910739806,1102446800,64.74649031210112,1,1,1
2018-08-02,VTRS,30.978578567504883,36.52000045776367,37.20000076293945,36.33000183105469,37.09000015258789,4068900,0.0024644072141231,0.0364183461031331,0.7442858559744704,0.0556382684308895,-0.2338477418455227,1098377900,49.39514873057758,1,1,1
2018-08-03,VTRS,32.61573028564453,38.45000076293945,38.790000915527344,36.52999877929688,36.68999862670898,6194700,-0.0322497179157923,-0.0078023207050155,0.8821430206298834,0.0739218585707997,-0.0692560166314777,1104572600,65.27567824471896,0,0,0
2018-08-06,VTRS,32.004974365234375,37.72999954223633,38.4900016784668,37.34999847412109,38.43999862670898,4614600,-0.0050357442092278,0.0180228018400732,0.9235717228480758,0.0783034024812546,0.0030508617750797,1099958000,59.18918194433846,0,0,0
2018-08-07,VTRS,32.69206619262695,38.540000915527344,38.93999862670898,37.7400016784668,37.77999877929688,5160600,-0.0005189532249235,0.0054488603913875,0.9707145690917974,0.0916695202001119,0.1242822764954496,1105118600,66.88143975145505,0,0,0
2018-08-08,VTRS,33.27737045288086,39.22999954223633,39.56999969482422,35.04999923706055,36.5,23559200,-0.0359418777431811,-0.0168238555980999,1.24285752432687,0.1093323596756693,0.2728904573785584,1128677800,71.97059931765088,0,0,0
2018-08-09,VTRS,31.054912567138672,36.61000061035156,38.72999954223633,36.470001220703125,38.560001373291016,12875200,0.0338704682626778,0.0341436760218616,1.395714623587473,0.1084949457728339,0.1772087417676431,1115802600,55.0561845912062,1,1,1
2018-08-10,VTRS,31.56387710571289,37.209999084472656,37.5099983215332,36.36000061035156,36.5099983215332,5647300,0.0252620925701259,0.0397742429091838,1.438571657453265,0.1086974543599334,0.148088087965128,1121449900,56.87330686466981,1,1,1
2018-08-13,VTRS,31.843812942504883,37.540000915527344,39.52000045776367,37.2400016784668,37.84000015258789,8555500,0.023175250683729,0.0356952615851864,1.5450003487723218,0.1092498755448534,0.1499100797656396,1130005400,55.76036542318153,1,1,1
2018-08-14,VTRS,32.67510223388672,38.52000045776367,38.84000015258789,37.43000030517578,37.59000015258789,5101400,0.005970912240474,0.0173935140442156,1.60285758972168,0.1146643507046493,0.2278057909015274,1135106800,58.40553653166147,1,1,1
2018-08-15,VTRS,32.08132553100586,37.81999969482422,38.459999084472656,37.720001220703125,38.18999862670898,4397600,0.0198307775264905,0.0383395233907919,1.5964287349155977,0.1127500620588456,0.2303986001222071,1130709200,57.31292903172234,1,1,1
2018-08-16,VTRS,32.10676956176758,37.84999847412109,38.09000015258789,37.310001373291016,37.84000015258789,9088900,0.0002642572426341,0.0391018075719478,1.6085714612688342,0.1078399840958187,0.2321974433002935,1139798100,56.98370826550556,1,1,1
2018-08-17,VTRS,32.36124801635742,38.150001525878906,38.400001525878906,37.619998931884766,37.70000076293945,3276100,0.0141545761266552,0.0256880603680067,1.61500004359654,0.1014111838811918,0.2548925360353138,1143074200,56.46141085537536,1,1,1
2018-08-20,VTRS,32.581790924072266,38.40999984741211,38.79999923706055,38.15999984741211,38.15999984741211,2767700,0.0122364286011522,0.0195261651387517,1.5657141549246651,0.0955194034228567,0.290509440197475,1145841900,54.93715679707864,1,1,1
2018-08-21,VTRS,32.870208740234375,38.75,38.97999954223633,38.060001373291016,38.34000015258789,3215700,0.0113548032699091,0.0188386978641632,1.5621425083705358,0.0951555828360026,0.34222629249453,1149057600,55.5358720045844,1,1,1
2018-08-22,VTRS,32.71751403808594,38.56999969482422,38.84999847412109,38.41999816894531,38.650001525878906,2462200,0.0181488402509213,0.0093336949235152,1.509285518101283,0.094195923384793,0.3644861804340991,1146595400,59.77120547687162,1,1,1
2018-08-23,VTRS,32.11524963378906,37.86000061035156,38.52000045776367,37.709999084472656,38.38999938964844,2572200,0.0388272899367361,0.0100370063916832,1.4085712432861324,0.0857569794661316,0.3211344713070687,1144023200,46.817690812011975,1,1,1
2018-08-24,VTRS,32.81930923461914,38.68999862670898,38.84999847412109,38.290000915527344,38.79999923706055,4527500,0.0113725111662967,-0.0180924521346182,1.397856576102119,0.0791375516172948,0.3497204729106116,1148550700,55.11726740710312,1,1,1
2018-08-27,VTRS,32.98048400878906,38.880001068115234,39.09000015258789,38.65999984741211,38.790000915527344,3015800,0.007201614496006,-0.0318930464094997,1.3421423775809145,0.076025849067084,0.3832883843314292,1151566500,51.94064051217982,1,1,1
2018-08-28,VTRS,33.24344253540039,39.18999862670898,39.33000183105469,38.52999877929688,38.79999923706055,2934200,0.0073998705202737,-0.0377647255447379,1.0764282771519238,0.0784701909205161,0.429949221208993,1154500700,49.76133097471461,1,1,1
2018-08-29,VTRS,33.31130599975586,39.27000045776367,39.400001525878906,38.70000076293945,38.9900016784668,1745900,-0.0086580124426933,-0.0313216075349741,0.9292855943952272,0.0812072215941965,0.4679890631634862,1156246600,72.7739707012968,0,0,0
2018-08-30,VTRS,33.362205505371094,39.33000183105469,39.54999923706055,39.06999969482422,39.119998931884766,2493800,-0.0277142156583179,-0.0470379405718107,0.8814285823277049,0.0743098873366535,0.4972455837816696,1158740400,70.00001439507574,0,0,0
2018-08-31,VTRS,33.19255065917969,39.130001068115234,39.47999954223633,38.86000061035156,39.20000076293945,2167400,-0.0291336406473383,-0.0490672612121924,0.7607141222272585,0.0764176473806225,0.4985462660396891,1156573000,65.37717159121513,0,0,0
2018-09-04,VTRS,33.217994689941406,39.15999984741211,39.2599983215332,38.75,39.02000045776367,2039100,-0.0388151293076197,-0.0344739141823645,0.6964282989501938,0.0767335148604309,0.4962769451767599,1158612100,57.58292896348739,0,0,0
2018-09-05,VTRS,33.48943328857422,39.47999954223633,39.4900016784668,38.75,39.119998931884766,3066400,-0.0448328388623737,-0.0314082542590448,0.6921427590506403,0.0802075537291218,0.5143704506954592,1161678500,71.61458048762557,0,0,0
2018-09-06,VTRS,33.022891998291016,38.93000030517578,39.47999954223633,38.77999877929688,39.34000015258789,2787800,-0.0228615305078769,-0.0051374457069517,0.6864286150251095,0.0790064604781748,0.4788099195762783,1158890700,62.38534036544101,0,0,0
2018-09-07,VTRS,32.43759536743164,38.2400016784668,38.720001220703125,37.97999954223633,38.720001220703125,2404700,-0.0198745319788631,0.0196129698504257,0.6985713413783462,0.0656851068839125,0.3904499558043923,1156486000,50.9473707880689,0,0,0
2018-09-10,VTRS,32.22553253173828,37.9900016784668,38.61000061035156,37.86000061035156,38.41999816894531,1838600,-0.0205317862472287,0.0052644627377191,0.705714362008229,0.0591108068332183,0.2968294718713906,1154647400,45.56963757140488,0,0,0
2018-09-11,VTRS,31.92862701416016,37.63999938964844,37.970001220703125,37.290000915527344,37.86000061035156,1754000,0.0045165246120948,-0.0005313617982993,0.690000261579239,0.0581868173596356,0.1921770073244388,1152893400,38.315783048930925,1,1,1
2018-09-12,VTRS,31.988012313842773,37.709999084472656,37.95000076293945,37.40999984741211,37.720001220703125,3689500,0.0140546965489685,-0.0159108588885685,0.6978574480329226,0.0615789471987677,0.1135783055448698,1156582900,40.73275082459954,1,1,1
2018-09-13,VTRS,32.26793670654297,38.040000915527344,38.34000015258789,37.630001068115234,37.880001068115234,3691600,0.0181387647240391,-0.025499505713923,0.6871430533272864,0.0603420108473211,0.077028718815427,1160274500,52.1126785787842,1,1,1
2018-09-14,VTRS,31.79290580749512,37.47999954223633,37.970001220703125,37.27000045776367,37.91999816894531,2432000,0.0402882111705695,-0.0234792176857837,0.671428952898297,0.0632375287654265,0.002842708336793,1157842500,34.837125079831395,1,1,1
2018-09-17,VTRS,31.56387710571289,37.209999084472656,37.95000076293945,37.08000183105469,37.650001525878906,3185900,0.0263369945269702,-0.0196183703358635,0.702857426234653,0.0697330193563475,-0.0768511279377293,1154656600,29.484022805683992,1,1,1
2018-09-18,VTRS,32.07283020019531,37.810001373291016,38.060001373291016,37.09999847412109,37.18999862670898,4107700,-0.0050251900160064,-0.0177202316664253,0.7142859867640904,0.0715000792124341,-0.0905500919742792,1158764300,34.174373332166866,0,0,0
2018-09-19,VTRS,32.43759536743164,38.2400016784668,38.91999816894531,37.93999862670898,37.9900016784668,4104200,-0.0295502358398573,-0.0428871112019121,0.7435714176722935,0.0713939567824933,-0.0659489700290691,1162868500,39.06584595448288,0,0,0
2018-09-20,VTRS,32.853240966796875,38.72999954223633,38.88999938964844,38.209999084472656,38.36000061035156,3252000,-0.0428608279636519,-0.0697134209876508,0.757857186453683,0.0716255070031513,-0.0068348828478832,1166120500,44.16340549835575,0,0,0
2018-09-21,VTRS,33.07379531860352,38.9900016784668,39.59000015258789,38.59000015258789,39.20000076293945,5187300,-0.0612978482036241,-0.0948961426945224,0.7850001198904855,0.0710607612997187,0.0602983744759697,1171307800,48.65385320764406,0,0,0
2018-09-24,VTRS,32.39518356323242,38.18999862670898,39.119998931884766,37.77999877929688,38.70000076293945,2549100,-0.0447760970401482,-0.0754123424189854,0.8442859649658198,0.0713136603642203,0.0483905876296333,1168758700,41.87604872070446,0,0,0
2018-09-25,VTRS,31.91166877746582,37.619998931884766,38.40999984741211,37.58000183105469,38.18999862670898,2673200,-0.0127591588480749,-0.0800105902975474,0.8507142748151502,0.0733224505321746,-0.0069603958129249,1166085500,35.04824787892095,0,0,0
2018-09-26,VTRS,31.47905921936035,37.11000061035156,37.959999084472656,37.02000045776367,37.54999923706055,4731800,-0.0137429837737111,-0.0681756598675762,0.8678569793701172,0.076794142576417,-0.0909308569707079,1161353700,35.275102280667525,0,0,0
2018-09-27,VTRS,31.44512176513672,37.06999969482422,37.59999847412109,36.90999984741211,37.0099983215332,2631500,-0.0280550559506085,-0.1205827153359063,0.8492853982107975,0.0784116808216862,-0.1588743869572439,1158722200,39.42133977714759,0,0,0
2018-09-28,VTRS,31.04644012451172,36.59999847412109,37.25,36.2599983215332,37.060001373291016,6681800,-0.0357922845138917,-0.1226775423759726,0.8664283752441401,0.0819159773816948,-0.2477889378921602,1152040400,37.91303967078228,0,0,0
2018-10-01,VTRS,30.94464683532715,36.47999954223633,37.25,36.380001068115234,36.83000183105469,4783000,-0.0320723186301221,-0.112664491829092,0.8785711015973767,0.0856640041741911,-0.3242000941551453,1147257400,39.4927703990983,0,0,0
2018-10-02,VTRS,31.504505157470703,37.13999938964844,37.61000061035156,36.29999923706055,36.40999984741211,6162000,-0.0681205929153038,-0.1085083157114995,0.933571134294782,0.082342989601135,-0.3277222362296754,1153419400,45.33552433598759,0,0,0
2018-10-03,VTRS,31.04644012451172,36.59999847412109,37.43999862670898,36.56999969482422,37.33000183105469,4110400,-0.055191167412061,-0.0978141575303271,0.9449996948242178,0.0770310430527397,-0.3698240190226727,1149309000,38.60758882439853,0,0,0
2018-10-04,VTRS,30.562931060791016,36.02999877929688,36.68000030517578,35.529998779296875,36.41999816894531,4583200,-0.0951984574350497,-0.100194302877021,0.9721426282610202,0.0802220215420531,-0.4440652886724194,1144725800,38.546607664461256,0,0,0
2018-10-05,VTRS,29.93521308898925,35.290000915527344,35.880001068115234,34.77000045776367,35.58000183105469,7284500,-0.0901105192030925,-0.087276898587427,0.9999997275216234,0.0941975623961214,-0.5562021211070061,1137441300,35.882372740634366,0,0,0
2018-10-08,VTRS,29.95218276977539,35.310001373291016,35.58000183105469,34.97999954223633,35.150001525878906,3916700,-0.0832625977644426,-0.1033701892925956,0.974285398210797,0.1050786063342838,-0.6361246499323556,1141358000,29.903540921512928,0,0,0
2018-10-09,VTRS,29.35839462280273,34.61000061035156,35.18000030517578,33.09000015258789,34.5,14016100,-0.0433400743584894,-0.0722334572641489,1.0535714285714275,0.1219670607336319,-0.7473332487629776,1127341900,22.03389730884641,0,0,0
2018-10-10,VTRS,29.33294486999512,34.58000183105469,35.2400016784668,34.33000183105469,34.5,6017300,-0.045112819279554,-0.1171197492757811,1.069999967302594,0.1351470223608058,-0.8283389396566605,1121324600,15.588756833081447,0,0,0
2018-10-11,VTRS,27.65338516235352,32.599998474121094,34.47999954223633,32.2599983215332,34.47999954223633,7471000,-0.0055214820122974,-0.0487729545908244,1.1642859322684145,0.1680519187386652,-1.0403141625377827,1113853600,8.774193167314507,0,0,0
2018-10-12,VTRS,27.23773765563965,32.11000061035156,33.22999954223633,31.540000915527344,33.06999969482422,8076100,0.0031142470327096,-0.0255372058311288,1.1892858232770642,0.2000793531189894,-1.2336243329870982,1105777500,9.139790735103588,1,1,1
2018-10-15,VTRS,27.45828437805176,32.369998931884766,32.810001373291016,31.8799991607666,32.11000061035156,4692000,-0.0219338618443172,-0.0367623931410397,1.1964289801461352,0.2224313286091314,-1.3502791664306315,1110469500,13.183716533107628,0,0,0
2018-10-16,VTRS,28.086000442504883,33.11000061035156,33.25,32.40999984741211,32.65999984741211,3836100,-0.0302023552269992,-0.0543642739724512,1.1921434402465816,0.2315119161669898,-1.367256133764478,1114305600,22.826089210005293,0,0,0
2018-10-17,VTRS,28.009653091430664,33.02000045776367,33.29999923706055,32.560001373291016,32.810001373291016,3310000,-0.0754088351483567,-0.0536038895586238,1.1957148143223353,0.2357032056139966,-1.372155409417502,1110995600,22.67206936262636,0,0,0
2018-10-18,VTRS,27.50069808959961,32.41999816894531,33.150001525878906,32.189998626708984,33.0,4501800,-0.0434916107248301,0.0003085174828927,1.1935720443725586,0.2368749327708332,-1.4082202050124408,1106493800,22.28116845073731,0,0,0
2018-10-19,VTRS,27.32256317138672,32.209999084472656,33.09000015258789,32.150001525878906,32.52000045776367,5702300,-0.0285625021761894,-0.0164544798001056,1.1985720225742884,0.2315206744154222,-1.43718006921128,1100791500,22.018349541211464,0,0,0
2018-10-22,VTRS,26.85601806640625,31.65999984741211,32.45000076293945,31.3700008392334,32.279998779296875,4393200,-0.0151610721588668,-0.0091597918375357,1.1821433476039342,0.2324939231368286,-1.4873658840703428,1096398300,13.563835048847892,0,0,0
2018-10-23,VTRS,27.23773765563965,32.11000061035156,32.47999954223633,30.76000022888184,31.25,5398600,-0.0249143920648595,0.1345375151886962,1.2428576605660575,0.2294496886207686,-1.4738377193628196,1101796900,19.78467241352756,0,0,0
2018-10-24,VTRS,25.89747810363769,30.530000686645508,32.45000076293945,30.440000534057617,32.11000061035156,5741600,0.023583337607635,0.1971830466760624,1.3042861393519811,0.2400551525024844,-1.572482738427624,1096055300,17.417074972581858,1,1,1
2018-10-25,VTRS,26.304649353027344,31.01000022888184,31.049999237060547,30.32999992370605,30.540000915527344,4710600,0.0457916822255097,0.1980006853169398,1.2657147816249303,0.2404659433807249,-1.5935581290444176,1100765900,23.838633685866327,1,1,1
2018-10-26,VTRS,26.54216194152832,31.290000915527344,31.979999542236328,30.350000381469727,30.61000061035156,7274000,0.0124640261501207,0.1808884525983951,1.3392859867640905,0.2378325449148655,-1.5695737435098494,1108039900,26.18483830027263,1,1,1
2018-10-29,VTRS,26.448854446411133,31.18000030517578,31.82999992370605,30.65999984741211,31.61000061035156,3880600,0.006093666844066,0.1526619074709585,1.2642859050205772,0.2326105888473014,-1.5416706554579918,1104159300,28.15287066819384,1,1,1
2018-10-30,VTRS,26.55912399291992,31.309999465942383,31.709999084472656,30.76000022888184,31.1299991607666,4725200,0.1635260596156416,0.1421270818107591,1.2671429770333422,0.2133708336625046,-1.4918700619036969,1108884500,29.433954297063096,1,1,1
2018-10-31,VTRS,26.50822830200196,31.25,31.799999237060547,31.1200008392334,31.56999969482422,4785600,0.1695999755859374,0.0953599853515625,1.149999754769461,0.1937504428208885,-1.440637416807803,1104098900,38.80598053555071,1,1,1
2018-11-01,VTRS,27.50918197631836,32.43000030517578,32.59000015258789,31.309999465942383,31.40999984741211,3906600,0.1455442854235749,0.0835645716611401,1.1249998637608114,0.1706825862839032,-1.2899492811567337,1108005500,52.38094967779438,1,1,1
2018-11-02,VTRS,26.87298393249512,31.68000030517578,32.790000915527344,31.32999992370605,32.560001373291016,5083500,0.1663510229481493,0.1022726588560098,1.162856919424874,0.153722799425738,-1.21701755913773,1102922000,45.21499064314923,1,1,1
2018-11-05,VTRS,26.61002349853516,31.3700008392334,31.850000381469727,31.030000686645508,31.65999984741211,7640800,0.1456805121203581,0.1029645377263761,1.1585711070469444,0.1312073981252523,-1.1707374772420316,1095281200,37.16814458038756,1,1,1
2018-11-06,VTRS,30.90223693847656,36.43000030517578,37.560001373291016,34.75,34.86000061035156,26087600,-0.0183914899267071,-0.0691737698779443,1.547857012067522,0.1626557942187204,-0.7174897351432463,1121368800,64.51063764856217,0,0,0
2018-11-07,VTRS,31.0040283203125,36.54999923706055,36.84999847412109,35.93000030517578,36.84999847412109,8031600,-0.0634746851778812,-0.0867304578690943,1.5449995313371925,0.1902437690492907,-0.3446320197286852,1129400400,68.32299156298382,0,0,0
2018-11-08,VTRS,31.512989044189453,37.150001525878906,37.310001373291016,35.779998779296875,36.209999084472656,5604900,-0.0541050350921329,-0.0985195073239103,1.5871426718575603,0.2288464508607642,-0.0007161681479601,1135005300,71.18354419405358,0,0,0
2018-11-09,VTRS,31.34333610534668,36.95000076293945,37.060001373291016,36.43000030517578,36.91999816894531,4300400,-0.0549391759696583,-0.0941813117829957,1.5614284787859227,0.2547792433864144,0.2527872577636856,1130704900,73.3863849389969,0,0,0
2018-11-12,VTRS,30.48658561706543,35.939998626708984,36.93999862670898,35.81999969482422,36.93999862670898,4262900,-0.0372843684972226,-0.0681690885325037,1.519285746983119,0.2661784343079846,0.3679503155420107,1126442000,66.13309658862661,0,0,0
2018-11-13,VTRS,30.33389663696289,35.7599983215332,36.459999084472656,35.68000030517578,36.11000061035156,4186000,-0.0517337405188607,-0.0480983637230807,1.4314285005841931,0.2750553712750216,0.439625617769785,1122256000,74.97610349740594,0,0,0
2018-11-14,VTRS,29.03605842590332,34.22999954223633,36.09000015258789,34.02000045776367,35.869998931884766,7307400,-0.0248319744518922,-0.0055506464869958,1.527857099260602,0.276094488127262,0.3687203181152227,1114948600,63.97568859493502,0,0,0
2018-11-15,VTRS,29.80797576904297,35.13999938964844,35.220001220703125,34.029998779296875,34.380001068115234,5067100,-0.0469549726761718,-0.0364256915631574,1.496428762163434,0.2787852178896168,0.3815583723889304,1120015700,65.84361313009214,0,0,0
2018-11-16,VTRS,29.621353149414062,34.91999816894531,35.45000076293945,34.720001220703125,34.939998626708984,4183000,-0.0415233970296047,-0.0234822376237536,1.4650001525878902,0.2789667477377825,0.3697184785314604,1115832700,65.25284344248675,0,0,0
2018-11-19,VTRS,29.34990692138672,34.599998474121094,35.15999984741211,34.31999969482422,34.849998474121094,3097600,-0.0320808336591261,-0.0473988283807315,1.4571431023733954,0.2748187236239244,0.3307018512379827,1112735100,63.21284458850073,0,0,0
2018-11-20,VTRS,28.76461601257324,33.90999984741211,35.06999969482422,33.439998626708984,34.5,6017800,0.0038337088970867,-0.0610439311158591,1.5250004359654017,0.2711674052936246,0.2413219610428001,1106717300,60.16819371193324,1,1,1
2018-11-21,VTRS,28.31503677368164,33.380001068115234,33.9900016784668,33.029998779296875,33.79999923706055,3685700,0.0197723135498202,-0.0847813583133141,1.4978577750069753,0.2564137889214775,0.1262657688258244,1103031600,53.821402814221486,1,1,1
2018-11-23,VTRS,28.408342361450195,33.4900016784668,33.79999923706055,32.900001525878906,33.16999816894531,1313500,0.0110480416046878,-0.0952523822492771,1.4578575406755714,0.2442043626766592,0.0434580798083672,1104345100,57.676001835196026,1,1,1
2018-11-26,VTRS,28.39137840270996,33.470001220703125,33.880001068115234,33.34000015258789,33.790000915527344,3364900,0.0188227436642063,-0.1150283908292264,1.437857627868652,0.2331854542431819,-0.0235104661073535,1100980200,59.13043492683163,1,1,1
2018-11-27,VTRS,28.408342361450195,33.4900016784668,33.59000015258789,33.029998779296875,33.27000045776367,3074400,-0.0158256962505594,-0.0919678016330184,1.0357148306710375,0.2199443978884891,-0.0741152964350178,1104054600,27.24460288487828,0,0,0
2018-11-28,VTRS,28.874889373779297,34.040000915527344,34.040000915527344,33.029998779296875,33.5099983215332,3785400,-0.064629867913309,-0.1175088100005132,1.0421436854771204,0.2053806248624891,-0.0690437537474721,1107840000,31.7852165877798,0,0,0
2018-11-29,VTRS,28.874889373779297,34.040000915527344,34.45000076293945,33.61000061035156,33.83000183105469,3160000,-0.1025264860341067,-0.1465922897842992,0.9928577968052456,0.1879319717124003,-0.0642834994623839,1107840000,25.278218142430703,0,0,0
2018-11-30,VTRS,28.72219657897949,33.86000061035156,34.459999084472656,33.33000183105469,34.130001068115234,3521000,-0.1051388455144524,-0.1482575418568945,1.0221432277134486,0.1805570041959031,-0.0741803787178696,1104319000,25.35885225684653,0,0,0
2018-12-03,VTRS,28.92578125,34.099998474121094,34.459999084472656,33.439998626708984,34.189998626708984,3444500,-0.1313782356409083,-0.1545454189511037,1.0142860412597656,0.1640694940580047,-0.0619438547715418,1107763500,33.272714283831704,0,0,0
2018-12-04,VTRS,27.95876121520996,32.959999084472656,34.349998474121094,32.709999084472656,34.13999938964844,4421600,-0.0773664838559368,-0.1589805799960326,1.0757146562848772,0.146583335089021,-0.1425910439619429,1103341900,28.328163410885125,0,0,0
2018-12-06,VTRS,27.008703231811523,31.84000015258789,32.689998626708984,31.38999938964844,32.4900016784668,7640900,-0.0565326390839934,-0.140703502536642,1.0400003705705914,0.157097646914283,-0.2934958386750068,1095701000,30.2479239834297,0,0,0
2018-12-07,VTRS,25.914440155029297,30.549999237060547,32.0,30.450000762939453,31.81999969482422,5866700,-0.049099837560072,-0.1338788954084904,1.065714427403041,0.1777929690225927,-0.5112874649603611,1089834300,14.307910903336222,0,0,0
2018-12-10,VTRS,25.70237922668457,30.299999237060547,30.51000022888184,29.100000381469727,30.489999771118164,5804300,-0.0481847894796941,-0.1349835067845588,1.1171429497855048,0.1872775108163478,-0.6960383121644327,1084030000,14.241468151683335,0,0,0
2018-12-11,VTRS,25.12556266784668,29.6200008392334,30.76000022888184,29.309999465942383,30.61000061035156,5226300,-0.0266711982830515,-0.0644835145389609,1.1607144219534735,0.1995568539986356,-0.8870989528243243,1078803700,13.489721143705424,0,0,0
2018-12-12,VTRS,25.79568672180176,30.40999984741211,30.690000534057617,30.0,30.049999237060547,4796600,-0.0884577621688655,-0.0979940663330823,1.1207143238612585,0.2045557785321199,-0.9636610842806448,1083600300,24.710962026642264,0,0,0
2018-12-13,VTRS,25.481828689575195,30.040000915527344,30.71999931335449,29.82999992370605,30.51000022888184,3410100,-0.089214388265565,-0.0922103985799777,1.1157140731811523,0.209632116391142,-1.042179351819506,1080190200,25.29583678499762,0,0,0
2018-12-14,VTRS,24.642051696777344,29.049999237060547,29.959999084472656,28.96999931335449,29.670000076293945,3440900,-0.0891566341001378,-0.0567986114238957,1.1278572082519531,0.2314746826554853,-1.1707943180957976,1076749300,20.94237556914668,0,0,0
2018-12-17,VTRS,24.46391487121582,28.84000015258789,29.420000076293945,28.64999961853028,29.100000381469727,4466500,-0.0911928243481384,-0.0319001411728977,1.1442857469831194,0.2440732494382642,-1.27497070789304,1072282800,20.434198615794912,0,0,0
2018-12-18,VTRS,24.455432891845703,28.82999992370605,29.38999938964844,28.5,28.979999542236328,4617600,-0.038848450995397,-0.0554977587826522,1.1678570338657928,0.2524480480680748,-1.3428585448484824,1067665200,20.20456939620173,0,0,0
2018-12-19,VTRS,23.51386260986328,27.71999931335449,29.09000015258789,27.59000015258789,28.93000030517578,5573700,-0.0104617249409164,0.0404040716802553,1.202856881277902,0.2699796155844899,-1.4692908470513224,1062091500,12.291138949514632,0,0,0
2018-12-20,VTRS,23.20848274230957,27.36000061035156,27.81999969482422,26.86000061035156,27.57999992370605,6541700,-0.0032894791878709,0.0873537769127166,1.2114282335553856,0.2898019227382941,-1.5803212840930847,1055549800,11.7848692592368,0,0,0
2018-12-21,VTRS,22.44504737854004,26.459999084472656,27.86000061035156,26.18000030517578,27.440000534057617,9944800,0.0355253426523825,0.1288738425074931,1.2507141658238006,0.3171019713120121,-1.7210965768985569,1045605000,10.887921638175383,1,1,1
2018-12-24,VTRS,22.232986450195312,26.209999084472656,26.81999969482422,26.030000686645508,26.36000061035156,3063900,0.065242314061519,0.1041587769914218,1.2342854908534462,0.3394724534913577,-1.831719993462404,1042541100,8.342124863494632,1,1,1
2018-12-26,VTRS,23.50537872314453,27.709999084472656,27.76000022888184,26.09000015258789,26.540000915527344,5416400,-0.0173222503823645,0.0505233335306529,1.2364283970424113,0.3416037904112969,-1.777858339847615,1047957500,23.29602716468591,0,0,0
2018-12-27,VTRS,23.26786231994629,27.43000030517578,27.440000534057617,26.299999237060547,27.190000534057617,4868000,0.0514035665958798,0.0772876014691381,1.224999836512975,0.3412960390272456,-1.7377346296392275,1043089500,25.47274251763291,1,1,1
2018-12-28,VTRS,23.132139205932617,27.270000457763672,27.780000686645508,27.13999938964844,27.479999542236328,3840500,0.0909424092631534,0.0821415377160525,1.159999983651298,0.3314947166293832,-1.6992589512964216,1039249000,29.134859309927776,1,1,1
2018-12-31,VTRS,23.242416381835938,27.39999961853028,27.57999992370605,26.979999542236328,27.309999465942383,3982400,0.0901460312077044,0.0711679120470019,1.0992858069283624,0.3133276754745359,-1.639379111265303,1043231400,31.266142548017054,1,1,1
2019-01-02,VTRS,23.683513641357425,27.920000076293945,28.15999984741211,26.8700008392334,26.90999984741211,3768200,0.0365329675851155,0.0479942746750079,1.0878571101597376,0.2859681737378295,-1.532300805649914,1046999600,38.78627171622671,1,1,1
2019-01-03,VTRS,23.09821128845215,27.229999542236328,28.18000030517578,27.170000076293945,27.82999992370605,4914900,0.0690415387337473,0.0852001371217681,1.083571434020996,0.2463175903564605,-1.4859882064669598,1042084700,28.743312167202063,1,1,1
2019-01-04,VTRS,24.46391487121582,28.84000015258789,28.8799991607666,27.549999237060547,27.670000076293945,5373800,0.0246185534228904,0.0260055477126168,1.137857164655413,0.2083094865997474,-1.3043359708799969,1047458500,43.11926264361983,1,1,1
2019-01-07,VTRS,25.23583602905273,29.75,30.1299991607666,28.64999961853028,28.780000686645508,5246100,-0.008067219197249,-0.0289075835412289,1.1671427318028036,0.1850012784099655,-1.0745590352746568,1052704600,54.05093062725284,0,0,0
2019-01-08,VTRS,25.337627410888672,29.8700008392334,30.450000762939453,29.63999938964844,29.989999771118164,5093300,-0.0174087861785616,-0.0605959599074945,1.1699999400547567,0.1786295716582723,-0.872715967094873,1057797900,56.02339502211074,0,0,0
2019-01-09,VTRS,24.54874420166016,28.940000534057617,29.989999771118164,28.36000061035156,29.90999984741211,7505300,0.0110573493061147,-0.0252246522499496,1.222857066563197,0.1694129189970093,-0.7788193885396097,1050292600,50.58078456268351,1,1,1
2019-01-10,VTRS,24.692949295043945,29.11000061035156,29.200000762939453,28.6299991607666,28.850000381469727,3228600,0.0151150332354346,-0.0024046614000867,1.1564286095755436,0.1664381564762627,-0.6828169988157171,1053521200,58.147720897451066,1,1,1
2019-01-11,VTRS,25.0661849975586,29.549999237060547,29.57999992370605,28.809999465942383,28.88999938964844,3606500,0.0013536689191238,-0.0345177183333322,1.1428572790963298,0.1577699083100257,-0.5647204554619165,1057127700,62.71776115832103,1,1,1
2019-01-14,VTRS,25.03225326538086,29.51000022888184,29.709999084472656,29.01000022888184,29.239999771118164,2644100,-0.0210098554532234,-0.0250762373899923,1.072857175554547,0.1527472310246923,-0.4689499169572464,1054483600,69.67743158092664,0,0,0
2019-01-15,VTRS,24.89653205871582,29.350000381469727,29.75,29.170000076293945,29.520000457763672,3621900,-0.0439523304518181,0.0500851548295919,1.0578572409493572,0.1545096522543468,-0.4013353812618767,1050861700,70.49609752878764,0,0,0
2019-01-16,VTRS,24.8201847076416,29.26000022888184,29.6299991607666,29.170000076293945,29.34000015258789,3088200,-0.0358852062951371,0.023581699544094,0.9714285986764076,0.1564873758693833,-0.350966906706855,1047773500,62.40001293945711,0,0,0
2019-01-17,VTRS,25.0661849975586,29.549999237060547,29.549999237060547,28.75,29.1200008392334,4706800,-0.0172588268934227,0.0409475811526842,0.927857126508439,0.1603075974004639,-0.2843709797596681,1052480300,66.93290335711733,0,0,0
2019-01-18,VTRS,25.100112915039062,29.59000015258789,29.940000534057617,29.280000686645508,29.76000022888184,3881000,-0.0358228949130193,0.0419060413897873,0.9292855943952276,0.1630656105502343,-0.2257630325679827,1056361300,68.89250753620237,0,0,0
2019-01-22,VTRS,24.50632667541504,28.88999938964844,29.26000022888184,28.350000381469727,29.26000022888184,5411100,-0.0041536495126326,0.075804796826763,0.9749998365129736,0.1595507373798224,-0.233112843833851,1050950200,61.10282824797123,0,0,0
2019-01-23,VTRS,23.802270889282227,28.059999465942383,28.88999938964844,28.020000457763672,28.450000762939453,6422700,0.0983606657666464,0.1037063400854336,0.9449998310634063,0.1460316701649804,-0.3024255064735932,1044527500,50.99714658489521,1,1,1
2019-01-24,VTRS,23.92951202392578,28.209999084472656,28.450000762939453,27.76000022888184,28.059999465942383,5500900,0.0616803167294155,0.075859672685171,0.9221427100045332,0.1252216975687747,-0.3413180730866578,1050028400,57.56172539711415,1,1,1
2019-01-25,VTRS,24.6335678100586,29.040000915527344,29.25,28.489999771118164,28.64999961853028,6407100,0.0592286246256565,0.049242367518747,0.8785713740757526,0.1214786931046734,-0.3016888202567891,1056435500,51.75439242253991,1,1,1
2019-01-28,VTRS,24.20095634460449,28.530000686645508,28.89999961853028,28.38999938964844,28.75,3417200,0.0806168658151187,0.0879775733779331,0.8192858014787939,0.1141585450278656,-0.3078859900557908,1053018300,38.49057500071074,1,1,1
2019-01-29,VTRS,24.4045352935791,28.770000457763672,28.8700008392334,28.350000381469727,28.459999084472656,2735000,0.0802919509623789,0.1032325083802017,0.7985714503696981,0.1030971743431578,-0.2900873693811263,1055753300,39.85239514773329,1,1,1
2019-01-30,VTRS,26.14348030090332,30.81999969482422,30.940000534057617,28.51000022888184,28.729999542236328,10376400,0.0048669571711728,0.0139519892742892,0.8557143892560676,0.1073148428792171,-0.1093040394644546,1066129700,64.37308444860264,1,1,1
2019-01-31,VTRS,25.40548515319824,29.950000762939453,30.989999771118164,29.68000030517578,30.809999465942383,9747700,0.0133555795773214,0.0524206896437531,0.90857137952532,0.1041277729191633,-0.0358206725351948,1056382000,55.80110773783119,1,1,1
2019-02-01,VTRS,26.09258460998535,30.76000022888184,30.84000015258789,30.0,30.020000457763672,4223200,-0.0094278580419208,0.0351105304183969,0.9171427318028034,0.0957765276494408,0.0867753207470656,1060605200,57.95007357454491,0,0,0
2019-02-04,VTRS,26.15195846557617,30.82999992370605,30.84000015258789,30.229999542236328,30.600000381469727,2964100,0.0068115793818026,0.041193595639243,0.9107142857142853,0.1040779988450472,0.1874214413302866,1063569300,58.63874214841367,1,1,1
2019-02-05,VTRS,26.3640251159668,31.07999992370605,31.299999237060547,30.690000534057617,30.790000915527344,2838100,0.0212355163781292,0.0173745468742896,0.912857055664062,0.1146522564441466,0.284082402569787,1066407400,61.1901658776543,1,1,1
2019-02-06,VTRS,26.270715713500977,30.96999931335449,31.209999084472656,30.82999992370605,30.950000762939453,2471200,0.0090410297983045,0.0029060430927774,0.907142775399344,0.122187603108982,0.3478015411473976,1063936200,61.03225215788808,1,1,1
2019-02-07,VTRS,25.74479484558105,30.350000381469727,31.07999992370605,30.229999542236328,30.850000381469727,3454600,0.0385502491462337,0.0299835201309492,0.9107142857142853,0.1226464329095302,0.3443017885875115,1060481600,54.95050217798916,1,1,1
2019-02-08,VTRS,25.84658432006836,30.46999931335449,30.479999542236328,29.850000381469727,30.18000030517578,2512600,0.0449622865148195,0.0164095835663788,0.9085713795253204,0.1238405622722809,0.3472087144691471,1062994200,55.39215308159596,1,1,1
2019-02-11,VTRS,26.33009529113769,31.040000915527344,31.09000015258789,30.479999542236328,30.530000686645508,2904100,0.034149404875291,-0.0135309298938791,0.8642857415335516,0.1297070665412338,0.3909996393136268,1065898300,63.38730917009655,1,1,1
2019-02-12,VTRS,26.923877716064453,31.739999771118164,31.82999992370605,31.290000915527344,31.46999931335449,3817500,-0.0037806847117232,-0.1805292874466351,0.858571461268833,0.1413161825481513,0.4766932966683868,1069715800,73.29114791999952,0,0,0
2019-02-13,VTRS,26.50822830200196,31.25,32.04999923706055,30.71999931335449,31.040000915527344,5020700,-0.0060800170898437,-0.1555200195312498,0.904285703386579,0.1454755821992156,0.4993114989321441,1064695100,68.44661227943962,0,0,0
2019-02-14,VTRS,26.737260818481445,31.520000457763672,31.739999771118164,31.01000022888184,31.229999542236328,2987500,-0.0082487381061503,-0.129124353924993,0.8821427481515062,0.1500198404717337,0.5328806511947803,1067682600,66.14583773124751,0,0,0
2019-02-15,VTRS,27.008703231811523,31.84000015258789,31.90999984741211,31.59000015258789,31.90999984741211,2944000,-0.0273241468299015,-0.1180904588838777,0.8635711669921873,0.1568903031876851,0.5786355962731982,1070626600,72.09613653465891,0,0,0
2019-02-19,VTRS,27.229251861572266,32.099998474121094,32.099998474121094,31.709999084472656,31.90999984741211,2566300,-0.0461058475152534,-0.146728950416301,0.8542853764125277,0.1643764710899921,0.6286299567130875,1073192900,72.17044242393459,0,0,0
2019-02-20,VTRS,26.82208633422852,31.6200008392334,32.22999954223633,31.520000457763672,31.959999084472656,3233500,-0.1774193694324889,-0.144212563322676,0.7314281463623047,0.1618408834344608,0.6223450436568534,1069959400,56.73402441088064,0,0,0
2019-02-21,VTRS,26.347057342529297,31.059999465942383,31.739999771118164,30.89999961853028,31.56999969482422,2727300,-0.1503541582933588,-0.1365099756607326,0.6978567668369836,0.1449188812669195,0.5656562410436337,1067232100,59.85790071547655,0,0,0
2019-02-22,VTRS,26.51671600341797,31.26000022888184,31.3799991607666,30.979999542236328,31.07999992370605,4018800,-0.1218809801038401,-0.1487523859399732,0.6628567831856861,0.1262887417120072,0.5307501888484616,1071250900,54.98008301151554,0,0,0
2019-02-25,VTRS,26.270715713500977,30.96999931335449,31.75,30.89999961853028,31.51000022888184,4930100,-0.0933160947279145,-0.1230222651086556,0.6799996239798405,0.1152164001474716,0.4742197308888229,1066320800,51.33587258323542,0,0,0
2019-02-26,VTRS,25.973827362060547,30.6200008392334,31.57999992370605,30.530000686645508,30.989999771118164,8246000,-0.1054866545087208,-0.1061397750138457,0.7114282335553843,0.0925444333390633,0.3966051663935381,1058074800,45.69288951371867,0,0,0
2019-02-27,VTRS,22.063331604003903,26.01000022888184,29.059999465942383,26.0,27.3799991607666,25114700,0.0403690591242136,0.0561322211312957,1.0142854963030123,0.157744102366118,-0.0364730187677757,1032960100,24.79674323976469,1,1,1
2019-02-28,VTRS,22.38566780090332,26.38999938964844,26.780000686645508,26.049999237060547,26.14999961853028,11487100,0.0162940627177297,0.0610079820988205,1.0085712160382942,0.202803612017896,-0.3450503188897862,1044447200,29.37498745818488,1,1,1
2019-03-01,VTRS,23.28483009338379,27.450000762939453,27.549999237060547,26.450000762939453,26.57999992370605,8121800,-0.0306010976044119,0.0233150955140413,1.0464284079415445,0.2221471303319886,-0.4983224493907698,1052569000,35.67362981689271,0,0,0
2019-03-04,VTRS,23.81923484802246,28.07999992370605,28.559999465942383,27.350000381469727,27.3799991607666,10434100,-0.0327635355695726,0.0035612671560338,1.0885711397443485,0.23313376771146,-0.5624722202988686,1063003100,36.03772664842207,0,0,0
2019-03-05,VTRS,23.233930587768555,27.38999938964844,28.239999771118164,27.14999961853028,28.030000686645508,7548700,-0.0007301405936723,0.0449069542531577,1.1099997929164327,0.2486957772305181,-0.6613648501340386,1055454400,29.461751169669583,0,0,0
2019-03-06,VTRS,22.95400619506836,27.059999465942383,28.56999969482422,27.049999237060547,28.11000061035156,7698000,0.0151515098116734,0.060975596862334,1.1235712596348335,0.2641526508138468,-0.7576326896437386,1047756400,29.9137048049283,1,1,1
2019-03-07,VTRS,22.750423431396484,26.81999969482422,27.190000534057617,26.6299991607666,27.030000686645508,4374600,0.0439970290306714,0.0906040392552549,1.1114285332815972,0.2792134838631989,-0.8435675007488719,1043381800,27.40383751293419,1,1,1
2019-03-08,VTRS,22.572290420532227,26.61000061035156,26.86000061035156,26.350000381469727,26.61000061035156,4461500,0.05561817017248,0.0781660983088035,1.1200000217982684,0.2949872516406339,-0.9180341030740848,1038920300,24.58697271248775,1,1,1
2019-03-11,VTRS,23.03883171081543,27.15999984741211,27.3700008392334,26.6200008392334,26.690000534057617,4653100,0.0375552453421998,0.0427098620739734,1.1464286531720826,0.3034606597186038,-0.9220403725596782,1043573400,26.65406638511935,1,1,1
2019-03-12,VTRS,23.21696853637696,27.3700008392334,27.64999961853028,27.239999771118164,27.270000457763672,4512200,0.0456704406895083,0.0295944260542839,1.130714416503905,0.3065218188336157,-0.8979193892186608,1048085600,29.3889455193963,1,1,1
2019-03-13,VTRS,23.301794052124023,27.46999931335449,27.6299991607666,27.18000030517578,27.46999931335449,7292800,0.0451401456903328,0.0283946380102861,1.1028571810041146,0.3021876985863128,-0.8608113970504405,1055378400,31.77664614862681,1,1,1
2019-03-14,VTRS,23.751373291015625,28.0,28.549999237060547,27.290000915527344,27.6299991607666,10251000,0.0446428571428572,0.0085714203970772,1.164285659790038,0.2965629504037267,-0.7796491102682879,1065629400,33.98820853656683,1,1,1
2019-03-15,VTRS,23.82771873474121,28.09000015258789,28.209999084472656,27.56999969482422,28.0,9702500,0.0213599280245802,0.0088999643517968,1.1492855889456606,0.286336798013938,-0.6999960345457019,1075331900,35.571143069719724,1,1,1
2019-03-18,VTRS,23.9040641784668,28.18000030517578,28.549999237060547,27.93000030517578,28.09000015258789,6708600,0.0049680407428074,0.0102909512078834,1.118571281433105,0.269636248811083,-0.6224331164991064,1082040500,37.44855603690601,1,1,1
2019-03-19,VTRS,24.27729797363281,28.6200008392334,28.799999237060547,28.190000534057617,28.280000686645508,6807300,-0.0153738826399489,-0.0352900139505688,0.8328568594796312,0.2448965751337123,-0.5194714359224051,1088847800,73.51352224449943,0,0,0
2019-03-20,VTRS,24.3536434173584,28.709999084472656,29.09000015258789,28.540000915527344,28.71999931335449,5919400,-0.0160222605064951,-0.0602577358900707,0.8171424865722654,0.2220144939355605,-0.4257042029623434,1094767200,72.05323607544398,0,0,0
2019-03-21,VTRS,24.811702728271484,29.25,29.299999237060547,28.479999542236328,28.56999969482422,5119000,-0.0345299223549345,-0.0625640999557625,0.7928567613874163,0.2052676570807848,-0.3043115205958706,1099886200,68.9873422815119,0,0,0
2019-03-22,VTRS,24.33667755126953,28.690000534057617,29.1200008392334,28.31999969482422,29.020000457763672,5578300,-0.0121993856728669,-0.0369467184928316,0.7728568485804966,0.179400114191301,-0.2504076781834001,1094307900,56.531058346103485,0,0,0
2019-03-25,VTRS,24.0228214263916,28.31999969482422,28.670000076293945,27.940000534057617,28.670000076293945,6143800,0.0052965967565912,-0.0194208772241287,0.7485711233956476,0.1510719264634372,-0.2348374107257704,1088164100,60.68966242986648,1,1,1
2019-03-26,VTRS,23.9040641784668,28.18000030517578,28.82999992370605,27.96999931335449,28.3799991607666,6004200,-0.0202271003779773,-0.0376153106622817,0.7014282771519255,0.1210052317017072,-0.2311303159007138,1082159900,63.461555214331504,0,0,0
2019-03-27,VTRS,23.96343994140625,28.25,28.59000015258789,27.82999992370605,28.190000534057617,4802100,-0.0449557684164131,-0.0364602012971861,0.7157139096941272,0.1079685774319378,-0.2200079119247249,1086962000,67.91981291720282,0,0,0
2019-03-28,VTRS,23.95495986938477,28.239999771118164,28.440000534057617,27.950000762939453,28.15999984741211,5558500,-0.0290368166242995,-0.0435552249364491,0.7142853055681508,0.0976849062660928,-0.2095843041400975,1081403500,71.5039523394216,0,0,0
2019-03-29,VTRS,24.03978729248047,28.34000015258789,28.559999465942383,28.14999961853028,28.290000915527344,4364000,-0.0250529635849862,-0.0483415960429449,0.6892852783203127,0.0973023171355768,-0.191051996338146,1085767500,67.66467442017176,0,0,0
2019-04-01,VTRS,24.150054931640625,28.46999931335449,28.8799991607666,28.38999938964844,28.6299991607666,4094100,-0.0245872452572369,-0.0540919931619505,0.6928566523960659,0.098554234516425,-0.1639848478129266,1089861600,66.87115092752185,0,0,0
2019-04-02,VTRS,23.420555114746094,27.61000061035156,28.51000022888184,27.540000915527344,28.459999084472656,5482700,-0.0177471843638586,-0.0195581638388259,0.7299995422363283,0.0974444954782618,-0.2095135043610589,1084378900,51.74131029204744,0,0,0
2019-04-03,VTRS,22.88614654541016,26.979999542236328,27.71999931335449,26.6200008392334,27.690000534057617,8373000,0.0088954697994878,-0.0092661232113304,0.7185709817068917,0.0982527510064508,-0.293052981399569,1076005900,37.62135045873597,1,1,1
2019-04-04,VTRS,23.259382247924805,27.420000076293945,27.63999938964844,27.01000022888184,27.01000022888184,4425600,-0.0149525837443951,-0.0207877349831597,0.7199995858328686,0.0926069103856866,-0.3200647458052046,1080431500,42.50559083653251,0,0,0
2019-04-05,VTRS,23.437515258789062,27.6299991607666,27.81999969482422,27.459999084472656,27.46999931335449,3279500,-0.023887074464674,-0.0329352108234687,0.7042853491646905,0.0816743180789996,-0.320828283876704,1083711000,44.00869984014002,0,0,0
2019-04-08,VTRS,23.5562744140625,27.770000457763672,27.850000381469727,27.309999465942383,27.56999969482422,2298700,-0.0302484745675635,-0.042131798955979,0.6985712051391604,0.0769052876914514,-0.306602140054018,1086009700,40.0932333568232,0,0,0
2019-04-09,VTRS,23.0049057006836,27.1200008392334,27.709999084472656,27.06999969482422,27.6299991607666,3234400,-0.0018436999580341,-0.0250737567895665,0.7092855998447966,0.0796257093558139,-0.3438140808158252,1082775300,33.60826680226536,0,0,0
2019-04-10,VTRS,23.08972549438477,27.21999931335449,27.34000015258789,26.96999931335449,27.09000015258789,3010400,-0.0180014615532249,-0.0198383182145701,0.6771428244454525,0.0819125525695466,-0.3610735398210742,1085785700,26.98410844817427,0,0,0
2019-04-11,VTRS,22.911592483520508,27.01000022888184,27.43000030517578,26.850000381469727,27.190000534057617,2362600,-0.0059237262516208,0.0011107251533239,0.6521427971976149,0.0882793103785165,-0.387233173531591,1083423100,29.310328627910778,0,0,0
2019-04-12,VTRS,22.87766456604004,26.96999931335449,27.40999984741211,26.799999237060547,27.040000915527344,2987800,-0.0092695590050019,0.0103819315452065,0.6421428407941551,0.0940741494646979,-0.4065066556143044,1080435300,31.903468666537364,0,0,0
2019-04-15,VTRS,22.843732833862305,26.93000030517578,27.100000381469727,26.59000015258789,26.989999771118164,5084700,-0.012253988858761,0.0022279786580934,0.6171428135463175,0.0991089775180633,-0.4201652116806684,1075350600,32.78235611854777,0,0,0
2019-04-16,VTRS,22.96249008178711,27.06999969482422,27.270000457763672,26.81999969482422,27.18000030517578,3200400,-0.0232729651964885,0.0,0.5949999945504327,0.0994295335126912,-0.4149101095763114,1078551000,34.054036777835904,0,0,0
2019-04-17,VTRS,22.6740779876709,26.729999542236328,27.25,26.440000534057617,27.25,4293000,-0.0018705289157054,0.0355406202472374,0.6178571156093055,0.1005980756865633,-0.4331870632955663,1074258000,31.265491303571977,0,0,0
2019-04-18,VTRS,22.7758731842041,26.850000381469727,27.18000030517578,26.56999969482422,26.82999992370605,3806700,0.0070763698829867,0.0432029732190497,0.6321428843906952,0.0905005523612241,-0.432997292700346,1078064700,31.60492896887716,1,1,1
2019-04-22,VTRS,22.66559791564941,26.71999931335449,26.86000061035156,26.459999084472656,26.700000762939453,2694800,0.0198353555488537,0.0576347662837577,0.6221430642264233,0.0869720590497115,-0.4382846255286594,1075369900,28.395057658453567,1,1,1
2019-04-23,VTRS,22.56380653381348,26.600000381469727,27.07999992370605,26.420000076293945,26.71999931335449,5564900,0.0146616309795288,-0.1906014895532151,0.6000002452305383,0.0870031539017992,-0.4470049905384776,1069805000,34.7431964978538,1,1,1
2019-04-24,VTRS,22.42808151245117,26.440000534057617,26.790000915527344,26.32999992370605,26.670000076293945,3212900,0.0238275018169948,-0.1720877856469131,0.5542861393519812,0.0883844862205257,-0.4615066319717655,1066592100,40.49296933397894,1,1,1
2019-04-25,VTRS,22.631669998168945,26.68000030517578,26.790000915527344,26.06999969482422,26.350000381469727,3710300,0.0374812589415902,-0.1469265379106267,0.5585719517299107,0.0850180823818159,-0.4484637011311925,1070302400,35.98483945383305,1,1,1
2019-04-26,VTRS,22.93704414367676,27.040000915527344,27.06999969482422,26.51000022888184,26.76000022888184,3645100,0.0358727544568049,-0.1801035752346024,0.5700005122593469,0.0783738596820437,-0.4044161858163058,1073947500,39.42655098604488,1,1,1
2019-04-29,VTRS,23.115175247192383,27.25,27.36000061035156,26.88999938964844,27.06999969482422,4998800,0.0370642285828197,-0.2631192688548238,0.5650005340576164,0.0681534080054769,-0.3485452290639017,1078946300,40.90907272074916,1,1,1
2019-04-30,VTRS,22.894630432128903,26.989999771118164,27.520000457763672,26.809999465942383,27.31999969482422,4850600,-0.2022971148860611,-0.2437939970176388,0.5657148361206047,0.050936115495088,-0.3215404210454515,1074095700,47.36839666715572,0,0,0
2019-05-01,VTRS,22.96249008178711,27.06999969482422,27.5,26.86000061035156,26.950000762939453,7177800,-0.1913557577973004,-0.2593276888401995,0.5850004468645361,0.0473539514618928,-0.2903367693274354,1081273500,46.9387818653879,0,0,0
2019-05-02,VTRS,23.479930877685547,27.68000030517578,27.90999984741211,27.11000061035156,27.11000061035156,5493500,-0.1777456655364981,-0.2698699833217247,0.6035718917846672,0.051740945090426,-0.2139197653684341,1086767000,61.75438573008938,0,0,0
2019-05-03,VTRS,23.75985717773437,28.01000022888184,28.14999961853028,27.700000762939453,27.700000762939453,4864700,-0.2084969691134139,-0.2988218768596393,0.5935717991420196,0.0591234129297928,-0.1252862809981572,1091631700,66.5605273516278,0,0,0
2019-05-06,VTRS,23.971921920776367,28.26000022888184,28.459999084472656,27.3799991607666,27.6200008392334,7222700,-0.2894550686102186,-0.3128096277774752,0.6342860630580353,0.0681101298123201,-0.0344733085599244,1098854400,69.85074286950609,0,0,0
2019-05-07,VTRS,18.26311111450196,21.530000686645508,26.950000762939453,21.520000457763672,26.700000762939453,51179900,-0.0520204739207512,-0.0863911078045284,1.083571706499372,0.1920943381384087,-0.4997967459612447,1047674500,22.13280326697719,0,0,0
2019-05-08,VTRS,18.5684871673584,21.88999938964844,22.489999771118164,21.229999542236328,21.59000015258789,20281100,-0.0840566561851076,-0.1023298233702755,1.1157146181379043,0.2518524387690394,-0.8299528559824303,1067955600,25.70280824556852,0,0,0
2019-05-09,VTRS,19.306474685668945,22.76000022888184,23.190000534057617,21.6200008392334,21.799999237060547,14385000,-0.1120387134782757,-0.1577328697928692,1.1842859813145226,0.2817704202919386,-1.009762244396562,1082340600,30.90569326696973,0,0,0
2019-05-10,VTRS,18.805997848510746,22.170000076293945,22.979999542236328,21.76000022888184,22.6200008392334,7795600,-0.1141182082967512,-0.1438881607162752,1.242857251848493,0.3150184620194146,-1.1861968230540043,1074545000,29.632945465871305,0,0,0
2019-05-13,VTRS,17.03312873840332,20.07999992370605,21.440000534057617,19.729999542236328,21.290000915527344,16383700,-0.0328685184222995,-0.1100597157803557,1.370000158037458,0.3762952357966403,-1.4776347891823285,1058161300,25.190255857621807,0,0,0
2019-05-14,VTRS,17.31305503845215,20.40999984741211,20.57999992370605,20.1200008392334,20.1200008392334,6488300,-0.0362567259505389,-0.1180793662630862,1.3728572300502229,0.4195493861800287,-1.6628054548939808,1064649600,27.34785526447594,0,0,0
2019-05-15,VTRS,17.007678985595703,20.049999237060547,20.190000534057617,19.39999961853028,20.14999961853028,9991900,-0.0199501064214959,-0.1416458982870391,1.3935714449201306,0.4593054172524645,-1.817650834782789,1054657700,25.31645228049588,0,0,0
2019-05-16,VTRS,17.143402099609375,20.209999084472656,20.51000022888184,19.88999938964844,20.1200008392334,8423100,-0.0514596266843843,-0.168728352394237,1.3978572572980603,0.4908156514474937,-1.9054909498903465,1063080800,24.18744494567015,0,0,0
2019-05-17,VTRS,16.659889221191406,19.63999938964844,20.06999969482422,19.6299991607666,20.040000915527344,5354700,-0.0336048812588036,-0.1247453631226757,1.405714307512556,0.5229737548755136,-1.998066617440472,1057726100,22.00146973912136,0,0,0
2019-05-20,VTRS,16.473276138305664,19.420000076293945,19.770000457763672,19.13999938964844,19.63999938964844,6743600,-0.0798145844990307,-0.0823893087118393,1.4000000272478377,0.5519104374626627,-2.065377223937478,1050982500,22.066420217502557,0,0,0
2019-05-21,VTRS,16.685344696044922,19.670000076293945,19.96999931335449,19.450000762939453,19.51000022888184,7061900,-0.0849008678096859,-0.0965937778932767,1.3935714449201306,0.5722485046860932,-2.074633371774876,1058044400,23.032070011376007,0,0,0
2019-05-22,VTRS,16.668373107910156,19.64999961853028,19.75,19.14999961853028,19.520000457763672,7192400,-0.1241730575789252,-0.1119592314656428,1.376428604125976,0.5882293261646766,-2.059838272018659,1050852000,19.421168317208583,0,0,0
2019-05-23,VTRS,16.261207580566406,19.170000076293945,19.540000915527344,18.93000030517578,19.459999084472656,7282700,-0.1236307162128911,-0.0923317918998077,1.3942857469831187,0.6018537579956018,-2.0630632909975297,1043569300,16.71686383597722,0,0,0
2019-05-24,VTRS,16.100040435791016,18.979999542236328,19.479999542236328,18.93000030517578,19.25,5052500,-0.0943097498077074,-0.0742887187259634,1.356428555079868,0.6071205654207482,-2.057236060253405,1038516800,14.90165972523505,0,0,0
2019-05-28,VTRS,15.158467292785645,17.8700008392334,18.920000076293945,17.709999084472656,18.89999961853028,17399900,-0.0027980493598748,-0.0201455284524209,0.96571431841169,0.6137788043255374,-2.117773185576578,1021116900,25.921048801030423,0,0,0
2019-05-29,VTRS,15.268739700317385,18.0,18.09000015258789,17.25,17.760000228881836,12998900,-0.0127777523464627,-0.0466666751437716,0.9357143129621224,0.6105188769935173,-2.1306980864885467,1034115800,23.60922691033804,0,0,0
2019-05-30,VTRS,14.598610877990724,17.209999084472656,18.239999771118164,17.1299991607666,17.979999542236328,7451800,0.0139454788631181,0.0098779828784141,0.9028572354997896,0.6028785501940559,-2.1795629897352846,1026664000,11.93414335048206,1,1,1
2019-05-31,VTRS,14.250824928283691,16.799999237060547,17.170000076293945,16.6299991607666,17.110000610351562,11146900,0.0357143100427133,0.0130953113508365,0.8571429933820445,0.5712210790076406,-2.225715673955936,1015517100,12.23627412923888,1,1,1
2019-06-03,VTRS,14.581647872924805,17.190000534057617,17.459999084472656,16.899999618530273,16.90999984741211,8696900,0.022105826001211,0.0046538639453532,0.7300000871930796,0.4958530722282959,-2.205399688625274,1024214000,23.29020821478514,1,1,1
2019-06-04,VTRS,15.116053581237791,17.81999969482422,18.010000228881836,17.450000762939453,17.459999084472656,9038200,-0.0173961543912046,-0.0039281535366439,0.7528572082519523,0.3415717402222674,-2.1140935028079006,1033252200,27.32048539525213,0,0,0
2019-06-05,VTRS,15.07363986968994,17.770000457763672,18.1299991607666,17.309999465942383,17.93000030517578,6843600,-0.0343275517522597,0.0185706198764827,0.7392857415335514,0.3397701160768832,-2.022453626815554,1026408600,28.88889124364128,0,0,0
2019-06-06,VTRS,14.80219841003418,17.450000762939453,17.899999618530273,17.31999969482422,17.760000228881836,5265100,-0.0040115529577237,0.0435529105045828,0.7364285332815983,0.3309508958304545,-1.9531351397782932,1021143500,25.179860310664694,0,0,0
2019-06-07,VTRS,14.75978183746338,17.399999618530273,17.68000030517578,17.200000762939453,17.549999237060547,6906000,-0.0218390327067546,0.0528735687622765,0.7292856488909035,0.2935279463645661,-1.8805565288070556,1014237500,27.77777567532074,0,0,0
2019-06-10,VTRS,14.903987884521484,17.56999969482422,17.90999984741211,17.40999984741211,17.489999771118164,4801000,-0.017074515780949,0.0221968922266586,0.7207141603742324,0.2532954858951539,-1.7887008414322771,1019038500,31.462921179100817,0,0,0
2019-06-11,VTRS,14.8530912399292,17.510000228881836,18.059999465942383,17.479999542236328,17.979999542236328,4933100,0.0137064402045121,0.065105618203709,0.7228570665631976,0.2493023717988733,-1.7011363618100326,1014105400,27.4999980131782,1,1,1
2019-06-12,VTRS,14.556198120117188,17.15999984741211,17.540000915527344,16.90999984741211,17.459999084472656,4721400,0.0547785863878884,0.0874125881898661,0.7249999727521627,0.2396371481995296,-1.6410658015188524,1009384000,25.730992412617937,1,1,1
2019-06-13,VTRS,14.742815971374512,17.3799991607666,17.389999389648438,17.030000686645508,17.200000762939453,3694300,0.0477560393431828,0.0914844780992356,0.6992856434413365,0.2289164098663636,-1.5577505648804577,1013078300,31.62216316098261,1,1,1
2019-06-14,VTRS,14.437444686889648,17.020000457763672,17.510000228881836,16.90999984741211,17.40999984741211,4399700,0.07638068167428,0.1186839249961506,0.7028571537562779,0.2132305787086982,-1.5034407966439964,1008678600,30.555553453097744,1,1,1
2019-06-17,VTRS,14.649507522583008,17.270000457763672,17.59000015258789,16.959999084472656,17.040000915527344,5107600,0.0399535963184527,0.1256514197322114,0.6571429116385323,0.2009897951001307,-1.4238141600297425,1013786200,42.8229591932186,1,1,1
2019-06-18,VTRS,15.05667495727539,17.75,17.959999084472656,17.270000457763672,17.5,5347700,0.0507042038608607,0.0901408665616747,0.6464285169328962,0.1865460965749463,-1.306912254355506,1019133900,47.24061735797196,1,1,1
2019-06-19,VTRS,15.353569984436035,18.100000381469727,18.450000762939453,17.75,17.90999984741211,8359600,0.0309391963613268,0.0872928116246678,0.617142813546317,0.1624892916384465,-1.1725085969224909,1027493500,60.88021612274564,1,1,1
2019-06-20,VTRS,15.446877479553224,18.209999084472656,18.64999961853028,18.07999992370605,18.39999961853028,6978000,0.04173532493639,0.070291090115262,0.6164285114833292,0.1329758954733641,-1.0450698394699245,1034471500,68.6015953297602,1,1,1
2019-06-21,VTRS,15.540185928344728,18.31999969482422,18.350000381469727,17.739999771118164,18.34000015258789,10868500,0.0393013773306196,0.0518559377054927,0.6128571374075759,0.1141330198702908,-0.9245400538654244,1045340000,66.09687058653475,1,1,1
2019-06-24,VTRS,15.23480987548828,17.959999084472656,18.43000030517578,17.770000457763672,18.40999984741211,6961500,0.0824054301241306,0.092427719341918,0.6014285768781394,0.0926460502743906,-0.8482898140738122,1038378500,52.16048583262887,1,1,1
2019-06-25,VTRS,15.820110321044922,18.64999961853028,18.780000686645508,18.13999938964844,18.309999465942383,10356300,0.0375335537403411,0.0257372413970136,0.6014287131173275,0.1056701250957423,-0.7238396996789334,1048734800,61.34019782355748,1,1,1
2019-06-26,VTRS,15.828591346740724,18.65999984741211,18.84000015258789,18.5,18.739999771118164,5787400,0.0546624044000263,0.0203644732702361,0.584285872323173,0.1159696014455704,-0.617289424277228,1054522200,66.94676733764027,1,1,1
2019-06-27,VTRS,16.091554641723633,18.96999931335449,19.229999542236328,18.690000534057617,18.76000022888184,5708000,0.0274117278115875,0.0131787036926249,0.5907144546508795,0.1294863556061609,-0.5020459243371604,1060230200,70.49609018227885,1,1,1
2019-06-28,VTRS,16.15093231201172,19.040000915527344,19.14999961853028,18.88999938964844,19.100000381469727,6604000,0.012079807309713,-0.0036765545591842,0.5728573117937366,0.1336429814055796,-0.4004499384633497,1066834200,69.70511261539971,1,1,1
2019-07-01,VTRS,16.49024200439453,19.440000534057617,19.63999938964844,19.270000457763672,19.34000015258789,6857100,0.0092592747032302,-0.0519547428567391,0.5742857796805253,0.1485990584447462,-0.2843796102924116,1073691300,73.71007923698551,1,1,1
2019-07-02,VTRS,16.413898468017578,19.350000381469727,19.6200008392334,19.13999938964844,19.530000686645508,6633700,-0.0113695719052184,-0.074418630783936,0.5635715212140769,0.161895479363642,-0.1973800250624506,1067057600,78.74016851752934,0,0,0
2019-07-03,VTRS,16.693824768066406,19.68000030517578,19.739999771118164,19.40999984741211,19.489999771118164,4133700,-0.0325202936851641,-0.0929877995593714,0.5657144274030418,0.1782320978493507,-0.1006438316087177,1071191300,79.33674871995987,0,0,0
2019-07-05,VTRS,16.532651901245117,19.489999771118164,19.780000686645508,19.270000457763672,19.670000076293945,4749200,-0.0138532817308588,-0.0713185944572585,0.5592858450753353,0.1846717048371334,-0.0388631661597251,1066442100,82.93330742731352,0,0,0
2019-07-08,VTRS,16.346033096313477,19.270000457763672,19.540000915527344,19.020000457763672,19.40999984741211,5286200,-0.0155682998070877,-0.0633109077177837,0.5514286586216522,0.1847381279943678,-0.0075664285836971,1061155900,76.88171160898136,0,0,0
2019-07-09,VTRS,16.642927169799805,19.6200008392334,19.68000030517578,18.850000381469727,19.200000762939453,5089700,-0.060652420140473,-0.0652395836847232,0.5614287512643001,0.1889834350308674,0.0449602928661434,1066245600,76.04456498928113,0,0,0
2019-07-10,VTRS,16.227277755737305,19.1299991607666,19.190000534057617,18.549999237060547,19.100000381469727,8275400,-0.0637741435899573,-0.0115002259804425,0.5878573826381144,0.1848559874653899,0.046512886114499,1057970200,63.80694172006898,0,0,0
2019-07-11,VTRS,16.15093231201172,19.040000915527344,19.34000015258789,18.65999984741211,19.100000381469727,4673400,-0.0625000250439672,-0.0315126235619253,0.5957145690917969,0.1724656390582119,0.0400198967473777,1053296800,61.18599976350952,0,0,0
2019-07-12,VTRS,16.303621292114258,19.21999931335449,19.3799991607666,18.86000061035156,19.11000061035156,3314100,-0.0582725791830055,-0.0395421569216064,0.5892858505249026,0.1624666970352385,0.048835576166784,1056610900,61.904754696340525,0,0,0
2019-07-15,VTRS,16.091554641723633,18.96999931335449,19.18000030517578,18.8700008392334,19.049999237060547,4299400,-0.0484976336106812,0.0954138871273873,0.5671428952898298,0.139247501762021,0.0352428967812272,1052311500,63.76022081587743,0,0,0
2019-07-16,VTRS,15.633492469787598,18.43000030517578,19.0,18.39999961853028,18.959999084472656,6043600,-0.0048833505750195,0.1627780765232811,0.5514285223824634,0.1188642781162486,-0.0188851107605287,1046267900,46.87500846657228,0,0,0
2019-07-17,VTRS,15.192398071289062,17.90999984741211,18.450000762939453,17.709999084472656,18.450000762939453,7003700,0.0558347296772587,0.1669458289554484,0.5800000599452425,0.1156286930844296,-0.1025593969380906,1039264200,40.69478626329937,1,1,1
2019-07-18,VTRS,15.141502380371094,17.850000381469727,17.959999084472656,17.6299991607666,17.829999923706055,7272800,0.0330532291304808,0.1383753087153221,0.5628572191510879,0.1199603334216037,-0.1717336879849966,1031991400,35.185194529439826,1,1,1
2019-07-19,VTRS,15.353569984436035,18.100000381469727,18.25,17.65999984741211,17.860000610351562,6100600,0.0198894306859509,0.0961325820136185,0.586428642272949,0.1214363165071343,-0.2040299708509749,1038092000,38.13129792758715,1,1,1
2019-07-22,VTRS,15.311150550842283,18.049999237060547,18.229999542236328,17.770000457763672,18.13999938964844,4202500,0.1512466240984475,0.0720222271112343,0.5764286858694889,0.1247999433964972,-0.2309968937803113,1033889500,30.74789755684928,1,1,1
2019-07-23,VTRS,15.55714988708496,18.34000015258789,18.3799991607666,18.020000457763672,18.18000030517578,5236600,0.1684841944863273,-0.0076335544429471,0.5678570611136298,0.1197726848986186,-0.22635840544892,1039126100,36.745401962516816,1,1,1
2019-07-24,VTRS,16.04066276550293,18.90999984741211,18.96999931335449,18.299999237060547,18.309999465942383,7262200,0.105235313970164,-0.0222104748642514,0.5878571101597372,0.1192649858338619,-0.1746746180756808,1046388300,40.49381971831515,1,1,1
2019-07-25,VTRS,15.641975402832031,18.440000534057617,18.96999931335449,18.299999237060547,18.959999084472656,6439200,0.1019522291929628,0.0352494359926813,0.5992856706891734,0.1206455127489922,-0.1696838510499922,1039949100,37.87529193900356,1,1,1
2019-07-26,VTRS,15.658939361572266,18.459999084472656,18.6200008392334,18.3700008392334,18.520000457763672,3602900,0.0747562912544237,0.0552546320883422,0.5799999237060539,0.1220846331744291,-0.1622446608850722,1043552000,40.193681453169695,1,1,1
2019-07-29,VTRS,17.62691307067871,20.780000686645508,21.8799991607666,19.700000762939453,20.950000762939453,61207800,-0.0688161818057487,-0.0794033431836841,0.764999934605189,0.1509014410731984,0.0305040593420891,1104759800,59.5081978490105,0,0,0
2019-07-30,VTRS,18.178281784057617,21.43000030517578,21.700000762939453,20.57999992370605,20.709999084472656,18440600,-0.1507232616070574,-0.0797947255002274,0.7685713086809426,0.1881222664303748,0.2330222107493504,1123200400,68.37062669235395,0,0,0
2019-07-31,VTRS,17.728708267211914,20.89999961853028,21.440000534057617,20.6200008392334,21.440000534057617,12073200,-0.1153109995885056,-0.136842045703542,0.7785712650844024,0.205735912887616,0.346755497267651,1111127200,63.88058970674942,0,0,0
2019-08-01,VTRS,17.236711502075195,20.31999969482422,21.190000534057617,20.049999237060547,20.799999237060547,10840200,-0.0605314744443439,-0.1333660986797618,0.8228571755545472,0.2113191500993588,0.3856433432496828,1100287000,57.74648114344205,0,0,0
2019-08-02,VTRS,16.829545974731445,19.84000015258789,20.450000762939453,19.64999961853028,20.36000061035156,6574500,-0.0181451919144569,-0.0660281983804071,0.8550002234322677,0.2130098333125668,0.373425671139838,1093712500,55.93452147536674,0,0,0
2019-08-05,VTRS,16.413898468017578,19.350000381469727,19.68000030517578,19.09000015258789,19.530000686645508,8660800,-0.0113695719052184,-0.0082687258014387,0.865714481898716,0.2130943180648297,0.3205095568775142,1085051700,56.31868124670373,0,0,0
2019-08-06,VTRS,15.438395500183104,18.200000762939453,19.479999542236328,17.65999984741211,19.46999931335449,15592800,0.0835164003679713,0.0489010633153783,0.9428571973528176,0.2169137705853254,0.1836606709273809,1069458900,51.83312845209613,1,1,1
2019-08-07,VTRS,15.6843900680542,18.489999771118164,18.600000381469727,17.309999465942383,17.8799991607666,9715700,-0.0243374181266204,0.0324499939911813,1.011428696768624,0.2189434867197902,0.0974837077051766,1079174600,53.93120047688405,0,0,0
2019-08-08,VTRS,16.193349838256836,19.09000015258789,19.100000381469727,18.07999992370605,18.43000030517578,7113400,-0.0775274767106639,-0.0026191323552068,1.04214300428118,0.2189209257510559,0.076718496777044,1086288000,55.83038750181131,0,0,0
2019-08-09,VTRS,16.524169921875,19.479999542236328,19.6200008392334,18.82999992370605,19.049999237060547,6412500,-0.0487679095438911,-0.0585215306179398,1.0657145636422294,0.2195274625581356,0.0906862344346315,1092700500,58.09739879061541,0,0,0
2019-08-12,VTRS,16.227277755737305,19.1299991607666,19.450000762939453,19.049999237060547,19.239999771118164,6010400,0.0031365068438722,-0.0177730402590166,1.0707146780831474,0.2194017235278146,0.0726758989273506,1086690100,54.44319028071502,1,1,1
2019-08-13,VTRS,16.727754592895508,19.71999931335449,19.75,18.93000030517578,19.11000061035156,5424600,-0.0319472202182055,-0.0532453992708548,1.0814289365495957,0.2182464411798259,0.1048025610705103,1092114700,54.54545259937855,0,0,0
2019-08-14,VTRS,15.302671432495115,18.040000915527344,19.43000030517578,17.959999084472656,19.3799991607666,10822700,0.0582039458854346,0.0615298584628971,1.1592860903058737,0.2166484686885484,-0.0052382745251371,1081292000,48.023716718688426,1,1,1
2019-08-15,VTRS,14.937920570373535,17.610000610351562,18.25,17.579999923706055,18.229999542236328,6434900,0.0812038759575735,0.1300396893133892,1.1892860957554412,0.2201689090315793,-0.1256949276180883,1074857100,45.96391940808064,1,1,1
2019-08-16,VTRS,15.718323707580566,18.530000686645508,18.61000061035156,17.68000030517578,17.8799991607666,5901400,-0.0102536711827836,0.0507284723084999,1.0164289474487305,0.2163557554361162,-0.1452470579709626,1080758500,37.6779809590979,0,0,0
2019-08-19,VTRS,16.278175354003906,19.190000534057617,19.420000076293945,18.770000457763672,18.770000457763672,5653900,-0.0208441692234646,0.004168833844693,1.000000272478376,0.209154185333836,-0.1062608810126057,1086412400,37.74616855499101,0,0,0
2019-08-20,VTRS,16.193349838256836,19.09000015258789,19.809999465942383,18.989999771118164,19.18000030517578,5730200,-0.0220010514896202,0.0340492201851636,1.000000272478376,0.204703248102986,-0.0824824436723048,1080682200,39.60964378555611,0,0,0
2019-08-21,VTRS,16.193349838256836,19.09000015258789,19.350000381469727,18.8700008392334,19.190000534057617,3855800,0.0031429788089474,0.0591932504837309,0.9528572899954656,0.2041241107218965,-0.0629126429792243,1080682200,42.43542461395531,1,1,1
2019-08-22,VTRS,16.15093231201172,19.040000915527344,19.3700008392334,18.920000076293945,19.09000015258789,3578200,0.0451679969354199,0.0777310646571121,0.9278572627476284,0.2003979157709546,-0.0508517679797364,1077104000,44.80519770047975,1,1,1
2019-08-23,VTRS,15.55714988708496,18.34000015258789,19.100000381469727,18.26000022888184,18.88999938964844,5126200,0.0616139122881713,0.1553980565843982,0.9342858450753344,0.2015981408966907,-0.0966633738644269,1071977800,43.61567324963342,1,1,1
2019-08-26,VTRS,15.938870429992676,18.790000915527344,18.89999961853028,18.440000534057617,18.540000915527344,4198700,0.0255454773203163,0.1644490736924766,0.8442858287266323,0.1905013029029029,-0.0955565840083814,1076176500,54.091541106145954,1,1,1
2019-08-27,VTRS,15.837077140808104,18.670000076293945,19.01000022888184,18.3700008392334,19.01000022888184,5534500,0.0573111778495833,0.2067488267047605,0.7978571483067106,0.1594662870981199,-0.1031731935584936,1070642000,51.27841109209784,1,1,1
2019-08-28,VTRS,16.244237899780273,19.14999961853028,19.26000022888184,18.489999771118164,18.51000022888184,4127300,0.0558746588061984,0.1613577135321655,0.7800000054495678,0.1330150787295955,-0.0696742980298026,1074769300,50.43352214798327,1,1,1
2019-08-29,VTRS,16.88043975830078,19.89999961853028,19.989999771118164,19.299999237060547,19.350000381469727,5856500,0.0311558216642411,0.0899497964743951,0.7835713795253206,0.1247151284674614,0.0171943443135269,1080625800,52.88461563653696,1,1,1
2019-08-30,VTRS,16.515687942504883,19.46999931335449,20.07999992370605,19.309999465942383,20.06999969482422,3444600,0.0883411033057088,0.1196712894647054,0.8078571047101697,0.1199224283808805,0.0507558563427004,1077181200,52.30978345375196,1,1,1
2019-09-03,VTRS,16.346033096313477,19.270000457763672,19.57999992370605,18.709999084472656,19.270000457763672,6235000,0.1354436243384411,0.1120913230981199,0.8114286150251109,0.119359475581397,0.0605177492945792,1070946200,46.77188737502011,1,1,1
2019-09-04,VTRS,16.74471664428711,19.739999771118164,20.89999961853028,19.290000915527344,19.59000015258789,5517900,0.1413374340363178,0.0785208288946894,0.8021428244454517,0.1193630259133872,0.1049691177803708,1076464100,64.7569339239491,1,1,1
2019-09-05,VTRS,17.151885986328125,20.21999931335449,20.309999465942383,19.71999931335449,19.940000534057617,5043000,0.0999011140633199,0.0385757029244977,0.7964285441807338,0.1286628572964062,0.176890021042734,1081507100,72.46126456897687,1,1,1
2019-09-06,VTRS,17.406360626220703,20.520000457763672,20.530000686645508,19.850000381469727,20.280000686645508,4312200,0.0570175463057205,0.0233917900354978,0.7735714231218613,0.1440267804580081,0.2551541816023821,1085819300,69.17147944455364,1,1,1
2019-09-09,VTRS,17.974702835083008,21.190000534057617,21.21999931335449,20.450000762939453,20.56999969482422,5957800,0.0287871018229806,-0.0155733796785736,0.7649999346051898,0.1703238838149499,0.3670118156870643,1091777100,69.23076640924796,1,1,1
2019-09-10,VTRS,18.56000328063965,21.8799991607666,21.88999938964844,20.90999984741211,21.0,6377700,-0.0205666760900851,-0.0891224374033522,0.7764284951346264,0.206599850757057,0.5055097178477226,1098154800,74.0932598109056,0,0,0
2019-09-11,VTRS,19.111373901367188,22.530000686645508,22.559999465942383,21.59000015258789,21.86000061035156,6653900,-0.0550377156381164,-0.1069684764297685,0.8114284787859238,0.248867718635663,0.6601106493217976,1104808700,76.70807646571879,0,0,0
2019-09-12,VTRS,18.865379333496094,22.239999771118164,22.56999969482422,21.68000030517578,22.559999465942383,5394100,-0.0557553859658075,-0.1115107719316148,0.8428569521222798,0.2638956577117942,0.7505801305848081,1099414600,73.95207930912883,0,0,0
2019-09-13,VTRS,18.39883041381836,21.690000534057617,22.89999961853028,21.65999984741211,22.46999931335449,5401400,-0.0318119187214486,-0.11065004884448,0.8714283534458713,0.255627426686548,0.76903257556285,1094013200,75.65084249011491,0,0,0
2019-09-16,VTRS,18.49214172363281,21.799999237060547,22.049999237060547,21.43000030517578,21.43000030517578,2968500,-0.0431192045690976,-0.0926604872068522,0.8757140295846126,0.2575101966572163,0.7835005406648214,1096981700,74.31340055994096,0,0,0
2019-09-17,VTRS,18.178281784057617,21.43000030517578,21.790000915527344,21.059999465942383,21.549999237060547,3610500,-0.0699953326476491,-0.1213252610566588,0.8828569139753072,0.2588706957498349,0.7563914755582992,1093371200,71.42858412166993,0,0,0
2019-09-18,VTRS,18.05953025817871,21.290000915527344,21.540000915527344,21.049999237060547,21.3700008392334,3623900,-0.054955379332118,-0.1296383330293281,0.8628570011683873,0.2563480614750539,0.7153642911802862,1089747300,67.54100411018223,0,0,0
2019-09-19,VTRS,17.81352996826172,21.0,21.450000762939453,20.90999984741211,21.31999969482422,4191100,-0.0590476081484838,-0.1033333369663784,0.8414284842354913,0.2505744848282403,0.6519342099739021,1085556200,59.751780784671375,0,0,0
2019-09-20,VTRS,17.81352996826172,21.0,21.38999938964844,20.600000381469727,20.61000061035156,7744700,-0.0814285278320312,-0.0995238167898995,0.8428569521222803,0.2427545925655945,0.5948088277184809,1085556200,64.68331588895495,0,0,0
2019-09-23,VTRS,17.694772720336914,20.86000061035156,21.170000076293945,20.6299991607666,20.959999084472656,4809100,-0.0517737244537812,-0.0968360689673836,0.8192855290004195,0.2214360711317131,0.5321059834413546,1080747100,65.43690154595299,0,0,0
2019-09-24,VTRS,16.905887603759766,19.93000030517578,20.75,19.420000076293945,20.71999931335449,9971800,-0.0551931944117463,-0.0777722589400385,0.8057141985212058,0.2078996334796054,0.4027278790114543,1070775300,51.69340978595872,0,0,0
2019-09-25,VTRS,17.06705665588379,20.1200008392334,20.31999969482422,19.799999237060547,19.8700008392334,3101900,-0.0790258492180298,-0.0839960468968851,0.8007142203194757,0.1891059684602108,0.3119305135394974,1073877200,49.06016466299446,0,0,0
2019-09-26,VTRS,16.761686325073242,19.76000022888184,20.18000030517578,19.51000022888184,20.18000030517578,4004800,-0.0470647922268984,-0.0652834463858884,0.7999999182564872,0.1807544488477286,0.2085202153947989,1069872400,42.93679974502505,0,0,0
2019-09-27,VTRS,16.363000869750977,19.290000915527344,20.020000457763672,19.11000061035156,19.739999771118164,8576900,-0.019699380512178,-0.0202177956706647,0.8100000108991355,0.1882659204463288,0.0876316295677419,1061295500,31.660229669884984,0,0,0
2019-09-30,VTRS,16.77864646911621,19.780000686645508,19.8700008392334,19.030000686645508,19.270000457763672,5559800,-0.0475227756029482,-0.063700717145704,0.8000000544956755,0.1845980917253434,0.0310079998543422,1066855300,28.91567603259192,0,0,0
2019-10-01,VTRS,15.972800254821776,18.82999992370605,20.21999931335449,18.809999465942383,19.770000457763672,5293900,-0.0238980756645103,0.0,0.8314286640712193,0.1922320666764469,-0.0894921469630567,1061561400,14.962105886772804,0,0,0
2019-10-02,VTRS,15.718323707580566,18.530000686645508,18.799999237060547,18.100000381469727,18.799999237060547,6518900,-0.0053966744610968,0.0113329237285999,0.8200001035417827,0.2106090103333862,-0.2068128034434764,1055042500,14.933826864569523,0,0,0
2019-10-03,VTRS,15.972800254821776,18.82999992370605,18.8700008392334,18.280000686645508,18.559999465942383,4197200,-0.0191184605316083,0.002655296721356,0.7735715593610486,0.2249182523000794,-0.2724422925621255,1059239700,21.626961750825885,0,0,0
2019-10-04,VTRS,16.04066276550293,18.90999984741211,19.15999984741211,18.56999969482422,18.81999969482422,3325000,-0.0005288328377855,-0.0306715985397235,0.7714287894112718,0.2372628595207424,-0.3143748922020428,1062564700,21.15768105922224,0,0,0
2019-10-07,VTRS,15.981281280517578,18.84000015258789,19.18000030517578,18.600000381469727,18.700000762939453,3247200,-0.0169851216683915,-0.0366242318720382,0.7600002288818354,0.247356290483989,-0.3492294699434879,1059317500,22.505300891392068,0,0,0
2019-10-08,VTRS,15.591081619262695,18.3799991607666,18.739999771118164,18.290000915527344,18.63999938964844,3780100,0.0244831764682562,-0.0038084710566058,0.764285768781389,0.2551619021595287,-0.4092526003426897,1055537400,21.073545153913145,1,1,1
2019-10-09,VTRS,15.633492469787598,18.43000030517578,18.65999984741211,18.36000061035156,18.57999992370605,4779100,0.0168203722631152,0.0048833505750196,0.7471427917480467,0.2470853332767994,-0.4476267268810154,1060316500,23.173285974818228,1,1,1
2019-10-10,VTRS,15.667424201965332,18.46999931335449,18.84000015258789,18.31999969482422,18.440000534057617,4287200,0.0221981517408973,-0.0119111706298451,0.727857181004115,0.2367762747811208,-0.4693999623838962,1064603700,23.80951628769131,1,1,1
2019-10-11,VTRS,16.032180786132812,18.89999961853028,19.15999984741211,18.65999984741211,18.790000915527344,4411200,-0.0301587146205747,-0.0105819502448422,0.7385714394705634,0.2259360877002599,-0.446807459161203,1069014900,30.8593684516393,0,0,0
2019-10-14,VTRS,15.709837913513184,18.520000457763672,18.89999961853028,18.440000534057617,18.739999771118164,4003200,-0.0199784465490274,0.0242979937617753,0.6685713359287809,0.2114930886826984,-0.4543282804676991,1065011700,34.57330479683607,0,0,0
2019-10-15,VTRS,15.972800254821776,18.82999992370605,19.030000686645508,18.479999542236328,18.520000457763672,5232100,-0.0276155315916392,0.0403611381816861,0.6707142421177458,0.1956377844374833,-0.4303138294449873,1070243800,36.2473209674205,0,0,0
2019-10-16,VTRS,15.89645290374756,18.739999771118164,19.18000030517578,18.6200008392334,18.979999542236328,3754600,-0.0117395579531197,0.0357524057885283,0.662857055664063,0.1778172774138847,-0.4137747266627514,1066489200,38.46152850322262,0,0,0
2019-10-17,VTRS,16.01521110534668,18.8799991607666,19.059999465942383,18.71999931335449,18.799999237060547,3111800,-0.0333686011001401,0.0143008723392714,0.6221427917480474,0.1598874485122927,-0.384933316172944,1069601000,44.98775145884253,0,0,0
2019-10-18,VTRS,15.548667907714844,18.32999992370605,18.920000076293945,18.270000457763672,18.8799991607666,6161900,0.0201855341393035,0.0736497756185903,0.6085713250296462,0.1398894083401992,-0.4018246480484677,1063439100,32.53010165484413,1,1,1
2019-10-21,VTRS,15.39597988128662,18.14999961853028,18.51000022888184,18.11000061035156,18.489999771118164,8331000,0.0451790474963442,0.0876033160333829,0.5364284515380872,0.1166912809942292,-0.4248383979587089,1055108100,39.940815713856935,1,1,1
2019-10-22,VTRS,15.53170394897461,18.309999465942383,18.46999931335449,18.030000686645508,18.309999465942383,6414100,0.0699071941004902,-0.0283997031994602,0.5157141004289912,0.1095283538852819,-0.4252641298844715,1061522200,46.60491719511247,1,1,1
2019-10-23,VTRS,15.709837913513184,18.520000457763672,18.690000534057617,18.010000228881836,18.32999992370605,4910300,0.0480561213633958,-0.0728941872624954,0.5221426827566977,0.0912579045607531,-0.4039991497962987,1066432500,45.07937296057485,1,1,1
2019-10-24,VTRS,15.480807304382324,18.25,18.61000061035156,18.030000686645508,18.61000061035156,5133200,0.0493150475907,-0.0679451929379816,0.5214283806937091,0.0803080026255643,-0.4042730720012848,1061299300,40.11976321467035,1,1,1
2019-10-25,VTRS,15.862526893615724,18.700000762939453,18.799999237060547,18.14999961853028,18.25,5436900,0.0524063904948355,-0.0582887758351381,0.5264283588954388,0.0747778719979026,-0.3639830861211166,1066736200,48.11828839101864,1,1,1
2019-10-28,VTRS,16.091554641723633,18.96999931335449,19.270000457763672,18.71999931335449,18.75,5874100,0.0405904315042127,-0.0911966054220382,0.5278569630214154,0.053417291880025,-0.306730556567981,1072610300,58.35694556111728,1,1,1
2019-10-29,VTRS,16.617477416992188,19.59000015258789,19.700000762939453,18.770000457763672,19.15999984741211,6863100,-0.0918835744277808,-0.1051556635986167,0.5728570393153605,0.0696502219563639,-0.2089203247961286,1079473400,64.14634486736946,0,0,0
2019-10-30,VTRS,16.464792251586914,19.40999984741211,19.57999992370605,19.21999931335449,19.489999771118164,3248100,-0.1154044198210964,-0.1102524166136847,0.5621427808489126,0.0775394808221292,-0.1442665171279706,1076225300,61.0849125566076,0,0,0
2019-10-31,VTRS,16.244237899780273,19.14999961853028,19.43000030517578,18.88999938964844,19.43000030517578,6156300,-0.111749317612398,-0.0986944870651383,0.551428522382464,0.0801080017157157,-0.1127085206363389,1070069000,53.07125330154108,0,0,0
2019-11-01,VTRS,16.693824768066406,19.68000030517578,19.96999931335449,19.229999542236328,19.32999992370605,5490900,-0.105182909691308,-0.1006097312770668,0.5771428516932892,0.0914276635694224,-0.0444199099701876,1075559900,63.74407004577642,0,0,0
2019-11-04,VTRS,16.74471664428711,19.739999771118164,20.06999969482422,19.68000030517578,19.989999771118164,6695600,-0.1266464047105907,-0.1271530019242578,0.5657141549246647,0.1020678005590445,0.0143750547576111,1082255500,61.4609517330444,0,0,0
2019-11-05,VTRS,15.090605735778809,17.790000915527344,20.38999938964844,17.75,19.89999961853028,21074600,-0.0146149643339762,-0.0292299286679523,0.7142855780465259,0.1109981118755872,-0.0952797967393372,1061180900,41.852496843714185,0,0,0
2019-11-06,VTRS,14.564682960510254,17.170000076293945,17.93000030517578,17.079999923706055,17.84000015258789,13599300,0.0058241340142912,0.0040768604841687,0.7507141658237997,0.1334160769810783,-0.2295646641844584,1047581600,36.450089442842696,1,1,1
2019-11-07,VTRS,14.428961753845217,17.010000228881836,17.420000076293945,16.969999313354492,17.209999084472656,9571600,0.0146972367216973,0.0211640567611695,0.7364285332815983,0.1555233877655958,-0.3449210049770776,1038010000,38.851357664478144,1,1,1
2019-11-08,VTRS,14.937920570373535,17.610000610351562,17.6299991607666,16.790000915527344,16.959999084472656,6777300,0.0051107410260387,-0.0153322230781162,0.7678570066179538,0.1625418317938114,-0.3835059024611524,1044787300,45.741334126757984,1,1,1
2019-11-11,VTRS,14.624061584472656,17.239999771118164,17.56999969482422,17.0,17.43000030517578,6185400,-0.0005800596876218,0.0475637880342636,0.7800000054495667,0.1747109303079585,-0.4388815340759961,1038601900,41.83206720386896,0,0,0
2019-11-12,VTRS,14.870055198669434,17.530000686645508,17.780000686645508,17.170000076293945,17.5,8484200,-0.0148317295320989,0.0439246161012207,0.7750000272478369,0.1803325878704182,-0.454131525309652,1047086100,42.53394172836778,0,0,0
2019-11-13,VTRS,14.649507522583008,17.270000457763672,17.489999771118164,17.149999618530273,17.489999771118164,7223300,-0.001737156100191,0.0874348690710671,0.7607143947056356,0.1885402538118204,-0.4816449951008437,1039862800,42.59819383955458,0,0,0
2019-11-14,VTRS,14.64102840423584,17.260000228881836,17.329999923706055,16.8700008392334,17.149999618530273,7901100,0.0063731523112899,0.0880649152727237,0.7471429279872347,0.194515618879015,-0.498510039604735,1031961700,38.34951441328524,1,1,1
2019-11-15,VTRS,15.014263153076172,17.700000762939453,17.829999923706055,17.25,17.360000610351562,5209900,-0.0203390166572952,0.0542372340730468,0.747857230050223,0.1968077051516455,-0.4709426097658102,1037171600,40.00001802217992,0,0,0
2019-11-18,VTRS,14.615575790405272,17.229999542236328,17.809999465942383,17.15999984741211,17.719999313354492,8967500,0.0481717902354816,0.0754498652900399,0.7278571810041152,0.2032855727430005,-0.4814703035974936,1028204100,30.96775106534569,1,1,1
2019-11-19,VTRS,14.649507522583008,17.270000457763672,17.43000030517578,17.15999984741211,17.329999923706055,5311400,0.059640923682422,0.0932251685192724,0.7207142966134202,0.208647160784775,-0.4810406994794221,1033515500,32.34325447534107,1,1,1
2019-11-20,VTRS,14.624061584472656,17.239999771118164,17.530000686645508,17.059999465942383,17.1299991607666,7004800,0.0893272004624545,0.0962876954437712,0.7157143184116906,0.2129782834270467,-0.477615386931518,1026510700,33.61922814942864,1,1,1
2019-11-21,VTRS,14.734334945678713,17.3700008392334,17.639999389648438,17.020000457763672,17.270000457763672,7110100,0.0811744259808762,0.1105354049239459,0.7014285496303015,0.2160990058521597,-0.4591183715308737,1033620800,28.729310295772198,1,1,1
2019-11-22,VTRS,14.708888053894045,17.34000015258789,17.649999618530273,17.229999542236328,17.510000228881836,5236000,0.0761245492046445,0.0968858298957426,0.7035714558192664,0.2167999377025935,-0.4417875068721102,1028384800,27.77781113671115,1,1,1
2019-11-25,VTRS,15.31963348388672,18.059999465942383,18.18000030517578,17.5,17.510000228881836,8276600,0.0260244315947768,0.035437503650207,0.5750000817435128,0.2114451292042419,-0.3657387359815907,1036661400,53.23738670850324,1,1,1
2019-11-26,VTRS,15.52322006225586,18.299999237060547,18.36000061035156,17.81999969482422,17.989999771118164,7328600,0.0316939862233141,0.0278688661280925,0.5528572627476281,0.1956575193184215,-0.2828431219356382,1043990000,64.9076145350783,1,1,1
2019-11-27,VTRS,15.930384635925291,18.780000686645508,18.780000686645508,18.25,18.31999969482422,5243100,0.0063897192490574,0.0479233006189538,0.5585715430123462,0.1856918533748252,-0.1763824184064084,1049233100,71.53280911515907,1,1,1
2019-11-29,VTRS,15.930384635925291,18.780000686645508,18.979999542236328,18.559999465942383,18.559999465942383,3866900,0.0271565607153836,0.0191692593099279,0.5285716738019668,0.1800905949268142,-0.0909629792492481,1049233100,66.66663043980319,1,1,1
2019-12-02,VTRS,15.828591346740724,18.65999984741211,19.01000022888184,18.6200008392334,18.89999961853028,5758600,0.0192926373684558,0.019828555319346,0.512857300894601,0.1596883365681275,-0.0325750186034348,1043474500,71.77908977564134,1,1,1
2019-12-03,VTRS,15.718323707580566,18.530000686645508,18.6200008392334,18.15999984741211,18.51000022888184,4461500,0.0091743157039634,0.0161899204502864,0.505000114440918,0.1305536192404933,0.0031714564693494,1039013000,66.1290005020624,1,1,1
2019-12-04,VTRS,16.01521110534668,18.8799991607666,19.0,18.530000686645508,18.530000686645508,5034300,-0.0037076111194793,-0.000529572138646,0.5114285605294364,0.1423407742646569,0.0590619182771234,1044047300,75.23505498717175,0,0,0
2019-12-05,VTRS,16.032180786132812,18.89999961853028,19.06999969482422,18.63999938964844,19.049999237060547,4667500,0.0412698784332652,0.0253968016891235,0.5092857905796594,0.1485452859409232,0.1037731494492426,1048714800,75.62495380646641,1,1,1
2019-12-06,VTRS,16.363000869750977,19.290000915527344,19.350000381469727,19.01000022888184,19.020000457763672,5057600,-0.0077761284997223,0.0259201646588584,0.5000001362391876,0.1567058024728571,0.1687319309035224,1053772400,75.23805487099685,0,0,0
2019-12-09,VTRS,16.133968353271484,19.020000457763672,19.34000015258789,19.0,19.280000686645508,7869500,0.0005257743765065,0.0473185907922997,0.477857317243303,0.1630017959062063,0.1961641940343774,1045902900,80.33895149005724,1,1,1
2019-12-10,VTRS,15.862526893615724,18.700000762939453,19.07999992370605,18.56999969482422,19.059999465942383,4090100,0.0069518264953356,0.0609625317185944,0.4950001580374574,0.1601570494508617,0.189894177310073,1041812800,72.1362046281796,1,1,1
2019-12-11,VTRS,15.95583438873291,18.809999465942383,18.950000762939453,18.6299991607666,18.729999542236328,3224000,0.0031898657626043,0.0409356980130617,0.4842858995710092,0.1602233275903268,0.1915925601467094,1045036800,73.71599763511918,1,1,1
2019-12-12,VTRS,16.693824768066406,19.68000030517578,19.700000762939453,18.709999084472656,18.799999237060547,6196000,-0.0152439603535108,0.0020324698962626,0.5107146671840115,0.1678133528656834,0.2601415873205646,1051232800,78.51850386673618,0,0,0
2019-12-13,VTRS,16.23575782775879,19.13999938964844,19.780000686645508,19.11000061035156,19.63999938964844,5177900,0.0339603733859283,0.0151515634678747,0.5285718100411546,0.1632628185059761,0.2678065174879762,1046054900,69.73682779574985,1,1,1
2019-12-16,VTRS,16.1424503326416,19.030000686645508,19.61000061035156,19.01000022888184,19.34000015258789,8078600,0.0467682268804647,0.0562269919188758,0.5114289692469995,0.1616673707822749,0.261985053220183,1037976300,62.27849409301486,1,1,1
2019-12-17,VTRS,15.972800254821776,18.82999992370605,19.0,18.57999992370605,18.96999931335449,6859400,0.0536378243746191,0.0966542592776611,0.5050003869192936,0.1499265825389353,0.2384840154742313,1031116900,56.77749934511136,1,1,1
2019-12-18,VTRS,16.006731033325195,18.8700008392334,19.030000686645508,18.64999961853028,18.89999961853028,4638600,0.0376258109642722,0.0704822397750399,0.4942861284528452,0.1363296625874672,0.2205447111800218,1035755500,51.29683171364496,1,1,1
2019-12-19,VTRS,16.439340591430664,19.3799991607666,19.440000534057617,18.850000381469727,18.96999931335449,6430500,0.0175438682823161,0.0768834748704838,0.5064289910452698,0.1221235515305508,0.2446599974401415,1042186000,57.5376701398307,1,1,1
2019-12-20,VTRS,16.787132263183594,19.790000915527344,19.950000762939453,19.280000686645508,19.40999984741211,21987500,-0.0181910355582198,0.0697321423408245,0.5264290400913774,0.1120844691766414,0.2934722848050235,1064173500,63.23186120578367,0,0,0
2019-12-23,VTRS,16.89740562438965,19.920000076293945,19.950000762939453,19.39999961853028,19.739999771118164,5726100,0.009036159863774,0.0652610056265825,0.5300005504063184,0.0962298820963711,0.3387414198123899,1069899600,66.27633771234323,1,1,1
2019-12-24,VTRS,16.829545974731445,19.84000015258789,20.09000015258789,19.809999465942383,19.8700008392334,1731000,0.0408265856710052,0.0549395233974185,0.5164292199271053,0.0932076135333018,0.36396662945344,1068168600,62.00000667571701,1,1,1
2019-12-26,VTRS,16.608997344970703,19.57999992370605,20.15999984741211,19.520000457763672,19.809999465942383,4547200,0.0316650072343847,0.0648621278198295,0.5314291545322953,0.0883046973413104,0.3588414434841631,1063621400,58.01886834891141,1,1,1
2019-12-27,VTRS,16.727754592895508,19.71999931335449,19.84000015258789,19.520000457763672,19.549999237060547,4754400,0.058316509428077,0.0537526070081137,0.5221433639526359,0.0905177180308324,0.3619046656911919,1068375800,55.3884514096932,1,1,1
2019-12-30,VTRS,16.48175621032715,19.43000030517578,19.799999237060547,19.3799991607666,19.65999984741211,4534900,0.0895522256196086,0.0910962650521511,0.5278576442173541,0.0891267399292292,0.3370465324010609,1063840900,55.11221968860261,1,1,1
2019-12-31,VTRS,17.050094604492188,20.100000381469727,20.13999938964844,19.229999542236328,19.36000061035156,5154700,0.0557213388372517,0.0970148665961485,0.5564290455409456,0.0936889562204155,0.3671771003550219,1068995600,66.05504627290402,1,1,1
2020-01-02,VTRS,17.516639709472656,20.64999961853028,20.64999961853028,20.049999237060547,20.100000381469727,8870500,0.01355935553598,0.0639225045621652,0.5764289583478656,0.1052408233715085,0.4304738992826991,1077866100,69.1666713025842,1,1,1
2020-01-03,VTRS,17.134925842285156,20.200000762939453,20.5,20.100000381469727,20.32999992370605,7957300,0.0321781977217949,0.0722771796697794,0.5450002125331336,0.1082644869689232,0.4392623783466227,1069908800,55.936082007333255,1,1,1
2020-01-06,VTRS,17.703258514404297,20.8700008392334,20.90999984741211,20.1200008392334,20.200000762939453,9540600,-0.0043124172960596,0.0373741613766762,0.5535715648106166,0.1218054203408904,0.4945893993307351,1079449400,69.17963220706622,0,0,0
2020-01-07,VTRS,17.957738876342773,21.170000076293945,21.229999542236328,20.57999992370605,20.90999984741211,8041200,0.0014171320990736,0.0292867660367972,0.5571429388863708,0.1403260086236519,0.5562319970828824,1087490600,72.76596573587986,1,1,1
2020-01-08,VTRS,18.00014877319336,21.21999931335449,21.450000762939453,20.71999931335449,21.21999931335449,6933300,0.0391140410256145,0.0433553301632279,0.5771429879324784,0.1527771184365264,0.602177196601982,1094423900,76.26375597985833,1,1,1
2020-01-09,VTRS,17.754152297973633,20.93000030517578,21.270000457763672,20.61000061035156,20.959999084472656,6310700,0.0496893928817347,0.0439560469603259,0.5971429007393986,0.1522985181374674,0.6081779055830054,1088113200,71.45835676130176,1,1,1
2020-01-10,VTRS,17.68629264831543,20.850000381469727,21.14999961853028,20.739999771118164,20.989999771118164,4624300,0.0388488945382592,0.0148680796292883,0.5842857360839859,0.1493691890394297,0.5995667531148605,1083488900,66.81925472778569,1,1,1
2020-01-13,VTRS,17.62691307067871,20.780000686645508,20.940000534057617,20.43000030517578,20.920000076293945,4314800,0.0418671271961932,0.0510105597168533,0.5728571755545495,0.1524929732296515,0.580403432897544,1079174100,62.28289673274876,1,1,1
2020-01-14,VTRS,17.983184814453125,21.200000762939453,21.34000015258789,20.68000030517578,20.690000534057617,5985600,0.0278301948752424,0.0424528106670447,0.5807142257690447,0.1544651039291371,0.5922794310311019,1085159700,64.8148434316252,1,1,1
2020-01-15,VTRS,18.70420837402344,22.049999237060547,22.39999961853028,21.020000457763672,21.049999237060547,8858800,0.0040816397143736,-0.0058956537534978,0.6592855453491231,0.1660742219576579,0.6626405109114302,1094018500,71.70925668753387,1,1,1
2020-01-16,VTRS,18.63634490966797,21.96999931335449,22.34000015258789,21.76000022888184,22.25,6116000,-0.0054619451813919,-0.0250341035161628,0.6549998692103812,0.166704730990959,0.7038334939874247,1087902500,74.33811789841701,0,0,0
2020-01-17,VTRS,18.37338256835937,21.65999984741211,22.170000076293945,21.559999465942383,22.020000457763672,6404400,-0.0230840260167286,-0.0018466762908814,0.6757142203194773,0.1580482116575251,0.7033570020317654,1081498100,69.09452240931543,0,0,0
2020-01-21,VTRS,18.36490249633789,21.64999961853028,21.799999237060547,21.5,21.670000076293945,5655300,0.0087760063466695,0.028175548318692,0.6671427318028059,0.1542557956643905,0.694170478656762,1075842800,73.1250240902432,1,1,1
2020-01-22,VTRS,18.48365974426269,21.790000915527344,21.88999938964844,21.540000915527344,21.540000915527344,5058800,0.0142266843927243,0.0486461414137453,0.6271426337105905,0.1549789524148128,0.6902304800048107,1080901600,69.78925781712394,1,1,1
2020-01-23,VTRS,18.780553817749023,22.13999938964844,22.280000686645508,21.38999938964844,21.63999938964844,4799200,-0.0099367352944623,0.032068699701647,0.647856984819686,0.1592330688652684,0.7071978182557643,1085700800,68.3046926000856,0,0,0
2020-01-24,VTRS,18.534555435180664,21.850000381469727,22.350000381469727,21.51000022888184,22.350000381469727,5702600,-0.0196796474905533,0.0421052659145106,0.6685713359287815,0.1562616929336774,0.6892982584750946,1079998200,71.09977106903884,0,0,0
2020-01-27,VTRS,17.949251174926758,21.15999984741211,21.479999542236328,20.8799991607666,21.040000915527344,7017300,0.0217391774640087,0.0689981570108493,0.6814286368233825,0.1430960106906723,0.6123763583976114,1072980900,53.68955989689626,1,1,1
2020-01-28,VTRS,18.52607536315918,21.84000015258789,22.049999237060547,21.530000686645508,21.559999465942383,7098200,0.0192307725897236,0.0233516586684365,0.6985714776175368,0.1329702427229547,0.5993763030985306,1080079100,57.772630537346245,1,1,1
2020-01-29,VTRS,18.74662208557129,22.100000381469727,22.59000015258789,21.82999992370605,21.82999992370605,6037200,0.0339366509979273,0.0027149079143315,0.7007142475673136,0.1138867437868134,0.6031013344063645,1086116300,59.73453231945586,1,1,1
2020-01-30,VTRS,18.593935012817383,21.920000076293945,22.11000061035156,21.61000061035156,21.8700008392334,3750900,0.0424270210738528,-0.012773753908346,0.689285687037877,0.1032936083621161,0.5847878578454129,1082365400,61.2244924439116,1,1,1
2020-01-31,VTRS,18.169801712036133,21.420000076293945,21.88999938964844,21.239999771118164,21.739999771118164,6219900,0.063025227668594,0.0224089421347648,0.7085714340209961,0.0979861441776362,0.5238894034703634,1076145500,55.9006203821807,1,1,1
2020-02-03,VTRS,18.33945083618164,21.6200008392334,21.959999084472656,21.5,21.540000915527344,4269900,0.0462534672147338,-0.0157261859107284,0.7107142039707729,0.082269951861702,0.4861611664198904,1080415400,58.46774503666264,1,1,1
2020-02-04,VTRS,18.88234519958496,22.26000022888184,22.38999938964844,21.82999992370605,21.96999931335449,4565300,0.0040431334978654,-0.0610961633588391,0.7185712541852681,0.0826070399594977,0.5021157905099152,1084980700,60.23165824131358,1,1,1
2020-02-05,VTRS,19.382816314697266,22.850000381469727,23.059999465942383,22.51000022888184,22.600000381469727,7690100,-0.0301969594108705,-0.0840262601418149,0.6771426882062637,0.0948643347811896,0.555959274085918,1092670800,58.13009280491507,0,0,0
2020-02-06,VTRS,19.382816314697266,22.850000381469727,23.11000061035156,22.46999931335449,23.059999465942383,5282500,-0.0529540906617462,-0.0743982815999456,0.6814285005841937,0.1037256864347234,0.5918086213424907,1092670800,59.090919838553226,0,0,0
2020-02-07,VTRS,19.31495857238769,22.770000457763672,23.0,22.450000762939453,22.799999237060547,3854700,-0.0382082047317992,-0.1080369320318799,0.677142688206264,0.1050519368002933,0.6067696986827116,1088816100,62.03905057907262,0,0,0
2020-02-10,VTRS,19.187719345092773,22.6200008392334,22.93000030517578,22.540000915527344,22.670000076293945,3391700,-0.0592396155115838,-0.1202476180277323,0.6835712705339704,0.1004407098380527,0.5996108045373632,1085424400,60.21053916529601,0,0,0
2020-02-11,VTRS,18.95868682861328,22.350000381469727,22.84000015258789,22.229999542236328,22.68000030517578,5104600,-0.0648769905230801,-0.1257270433101263,0.7021428516932894,0.0891347460163088,0.5656303147211155,1080319800,55.73770043286659,0,0,0
2020-02-12,VTRS,18.797515869140625,22.15999984741211,23.100000381469727,22.09000015258789,22.63999938964844,6510000,-0.0555053948874448,-0.157039691615464,0.7107142039707729,0.0825396219726968,0.5174047565673661,1073809800,50.2118692011767,0,0,0
2020-02-13,VTRS,18.356420516967773,21.63999938964844,22.14999961853028,21.290000915527344,22.09000015258789,7530000,-0.0226432432966036,-0.205637660864237,0.7128569739205499,0.0842064041271458,0.4322433311088645,1066279800,47.87877900468825,0,0,0
2020-02-14,VTRS,18.57696533203125,21.89999961853028,22.100000381469727,21.489999771118164,21.729999542236328,3871100,-0.0726027479581572,-0.2018264910175636,0.6871426446097241,0.0843488443457639,0.3813363256478084,1070150900,58.18583389280796,0,0,0
2020-02-18,VTRS,18.0510482788086,21.280000686645508,21.8799991607666,20.979999542236328,21.790000915527344,4444900,-0.0648496721610194,-0.2344924628808725,0.6892855507986891,0.0884018130876857,0.2876476022940899,1065706000,43.72198047747854,0,0,0
2020-02-19,VTRS,17.728708267211914,20.89999961853028,21.36000061035156,20.790000915527344,21.280000686645508,5771500,-0.0650717094653502,-0.1947368310579151,0.6757140840802874,0.0980732896257478,0.1806532454887417,1059934500,36.89956022721597,0,0,0
2020-02-20,VTRS,17.754152297973633,20.93000030517578,20.979999542236328,20.670000076293945,20.84000015258789,6363700,-0.1075011928902647,-0.2341136907350427,0.6621426173618862,0.106503931143056,0.0971602486871709,1066298200,38.82619326555574,0,0,0
2020-02-21,VTRS,17.94076919555664,21.14999961853028,21.309999465942383,20.68000030517578,20.84000015258789,4939700,-0.1872340026428729,-0.2718676171966557,0.6585711070469448,0.1106755162471768,0.0481880710767619,1071237900,46.74698363265678,0,0,0
2020-02-24,VTRS,17.228225708007812,20.309999465942383,20.920000076293945,20.059999465942383,20.43000030517578,8250500,-0.1393402263969356,-0.2919743725963861,0.6978569030761721,0.1275759274045322,-0.0577381551330127,1062987400,36.3256667755063,0,0,0
2020-02-25,VTRS,16.88043975830078,19.89999961853028,20.68000030517578,19.6299991607666,20.5,6321600,-0.181406973477598,-0.2422110445839397,0.7178570883614677,0.1471735744128315,-0.1727773440637676,1056665800,24.12280811827563,0,0,0
2020-02-26,VTRS,16.575069427490234,19.540000915527344,20.290000915527344,19.209999084472656,20.07999992370605,5156000,-0.1386899111999427,-0.2594677794753679,0.7378572736467637,0.1723096214525498,-0.2896566354135821,1051509800,11.778296486558034,0,0,0
2020-02-27,VTRS,15.845561981201172,18.68000030517578,19.5,18.350000381469727,19.239999771118164,7667700,-0.1418629322932089,-0.2901498922776887,0.7771429334368027,0.2093222585775213,-0.4465318367508715,1043842100,9.826592994261418,0,0,0
2020-02-28,VTRS,14.581647872924805,17.190000534057617,18.09000015258789,16.56999969482422,17.81999969482422,16174600,-0.1041303583429746,-0.1244909992342866,0.8885716029575895,0.2733372295454219,-0.6832114567282481,1027667500,7.727275748554817,0,0,0
2020-03-02,VTRS,14.827643394470217,17.479999542236328,17.719999313354492,16.790000915527344,17.229999542236328,8359100,-0.1773455096669188,-0.1395880803364789,0.9271429606846404,0.3160914215158118,-0.8377244978617604,1036026600,11.86942528527456,0,0,0
2020-03-03,VTRS,13.81821060180664,16.290000915527344,17.75,16.25,17.709999084472656,10890500,-0.0742787552987757,-0.0441989674792977,0.9907143456595288,0.375138470682668,-1.0441636712752036,1025136100,10.443857078294684,0,0,0
2020-03-04,VTRS,14.276272773742676,16.829999923706055,17.040000915527344,16.110000610351562,16.6200008392334,10527100,-0.1402257675208332,-0.1574569002105338,0.9850000653948106,0.4082677006994627,-1.1509276193509663,1035663200,16.72907422113586,0,0,0
2020-03-05,VTRS,13.597661972045898,16.030000686645508,16.56999969482422,15.859999656677246,16.25,10850500,-0.1728010192832582,-0.072364363780272,0.9921430179050992,0.4424849007523596,-1.2852762059068787,1024812700,16.164041280662246,0,0,0
2020-03-06,VTRS,13.063257217407228,15.399999618530272,15.529999732971191,14.649999618530272,15.449999809265137,18763400,-0.0227272361341013,-0.0097402352107711,1.0471430506025046,0.4780403816770253,-1.4261445431902864,1006049300,12.47111444713734,0,0,0
2020-03-09,VTRS,12.198025703430176,14.380000114440918,15.15999984741211,13.81999969482422,14.260000228881836,7741000,0.0458970683003898,0.094575775094152,1.094285896846226,0.523240843545087,-1.601626596451478,998308300,11.920512373823628,1,1,1
2020-03-10,VTRS,12.791812896728516,15.079999923706056,15.130000114440918,14.0,14.84000015258789,7579600,0.0324933536868177,0.0039788076870197,1.134285926818848,0.5432725716233993,-1.6650199400457737,1005887900,18.97653207651604,1,1,1
2020-03-11,VTRS,12.274372100830078,14.470000267028809,14.979999542236328,14.210000038146973,14.579999923706056,10583800,-0.0200414620940829,0.0317899122085796,1.1742859567914692,0.5666530036178605,-1.7443734446475148,995304100,17.57026242623506,0,0,0
2020-03-12,VTRS,11.24797248840332,13.260000228881836,14.0600004196167,13.050000190734863,13.279999732971191,8777000,0.1214177699009746,0.1719456782515798,1.230714593614851,0.6041234075464681,-1.883190313750092,986527100,13.972589210393906,1,1,1
2020-03-13,VTRS,12.766364097595217,15.050000190734863,15.119999885559082,13.56999969482422,14.100000381469728,9134800,0.0132890237030203,-0.0112956859893331,1.285714558192662,0.605006337901955,-1.8276970910045731,995661900,27.899153144854623,1,1,1
2020-03-16,VTRS,12.75788116455078,15.039999961853027,15.479999542236328,12.75,13.0,6569000,0.0465425406276991,0.0019946631015481,1.405714443751744,0.5919005738425647,-1.7641887770149882,989092900,28.869557948551147,1,1,1
2020-03-17,VTRS,13.2074613571167,15.56999969482422,16.780000686645508,15.050000190734863,15.479999542236328,7640300,-0.0276171714790981,-0.0423892010499851,1.452857221875872,0.5725060719337687,-1.652047654569433,996733200,32.99056344273434,0,0,0
2020-03-18,VTRS,12.028374671936035,14.18000030517578,16.059999465942383,13.25,14.520000457763672,7367900,0.0528913951945575,0.0056417434403619,1.5685714312962122,0.5663245724355865,-1.6562441890974997,989365300,31.557369552543648,1,1,1
2020-03-19,VTRS,12.613675117492676,14.869999885559082,15.470000267028809,13.630000114440918,14.109999656677246,8762200,0.045057167548778,-0.0638870085122008,1.5492856843130929,0.5380988460914436,-1.5856147930521909,998127500,39.82455396255622,1,1,1
2020-03-20,VTRS,12.936017036437988,15.25,17.0,14.9399995803833,16.15999984741211,22350000,-0.0242622875776447,-0.0990164084512679,1.6350000926426478,0.4850672285774542,-1.4818952879552807,1020477500,40.29590806343955,0,0,0
2020-03-23,VTRS,13.351664543151855,15.739999771118164,16.479999542236328,15.039999961853027,15.949999809265137,13186200,-0.0425667144877186,-0.1080050720448243,1.6307143483843125,0.43345630932591,-1.3446575710185869,1033663700,47.45133784898392,0,0,0
2020-03-24,VTRS,12.842708587646484,15.140000343322754,16.860000610351562,14.199999809265137,16.399999618530273,12575200,-0.0151915779851407,-0.0508586816580401,1.7542858123779297,0.3791811592468161,-1.2696746124334195,1021088500,42.21198172074002,0,0,0
2020-03-25,VTRS,12.664570808410645,14.93000030517578,15.4399995803833,13.529999732971191,15.0,13273700,-0.044876092605415,0.0140656419192553,1.8214286395481651,0.3161225796368635,-1.213210193651257,1007814800,44.63937348234698,0,0,0
2020-03-26,VTRS,13.182012557983398,15.539999961853027,16.200000762939453,14.880000114440918,14.880000114440918,6579700,-0.1042470971387256,0.0347490323795751,1.8171428952898296,0.2589625285329801,-1.1064849904413911,1014394500,50.68359563265461,0,0,0
2020-03-27,VTRS,12.622159957885742,14.880000114440918,15.390000343322754,14.279999732971191,15.170000076293944,6297700,-0.0766129257093481,0.0793010310770283,1.794285774230957,0.2384910644988696,-1.06290842315666,1008096800,52.53036507589628,0,0,0
2020-03-30,VTRS,12.783327102661133,15.06999969482422,15.380000114440918,14.43000030517578,15.210000038146973,6234300,-0.0683476943483247,0.0849370081331268,1.781428609575544,0.1997460513939241,-1.001497659775863,1014331100,49.9466369687437,0,0,0
2020-03-31,VTRS,12.64760684967041,14.90999984741211,15.800000190734863,14.84000015258789,15.06999969482422,7529800,-0.0362173016351005,0.0368880078043947,1.7878571919032509,0.1885756737546712,-0.954734255669642,1006801300,52.46636613086618,0,0,0
2020-04-01,VTRS,12.096235275268556,14.260000228881836,14.869999885559082,14.029999732971191,14.59000015258789,6768100,0.0617110869787076,0.0869565042928051,1.7492857660566057,0.1626626131946035,-0.9590679199629726,1000033200,55.98086353645386,1,1,1
2020-04-02,VTRS,11.807827949523926,13.920000076293944,14.520000457763672,13.600000381469728,14.109999656677246,7659400,0.1551724019808473,0.1573276237108098,1.68214293888637,0.1602623113779514,-0.978656211339823,992373800,41.823439889578,1,1,1
2020-04-03,VTRS,11.655136108398438,13.739999771118164,14.359999656677246,13.68000030517578,13.850000381469728,8137100,0.1688500533821637,0.1542940262644965,1.5357143538338798,0.1698326668067074,-0.9972093846395288,984236700,40.81920388366517,1,1,1
2020-04-06,VTRS,11.90961742401123,14.039999961853027,14.649999618530272,13.760000228881836,14.140000343322754,9635500,0.164529944864175,0.0776353387143478,1.4764285768781389,0.1739948652400296,-0.9764494979679768,993872200,38.832114694901385,1,1,1
2020-04-07,VTRS,12.189542770385742,14.369999885559082,15.100000381469728,14.039999961853027,14.380000114440918,8622700,0.0758524816470784,0.0375782857448518,1.351428644997733,0.1744786685325924,-0.9227322196479816,1002494900,51.64075685859246,1,1,1
2020-04-08,VTRS,12.842708587646484,15.140000343322754,15.260000228881836,14.449999809265137,14.56999969482422,5861300,0.0237780481184743,0.0105680213859886,1.283571515764509,0.1751658161642424,-0.8087060280982001,1008356200,52.29983395990993,1,1,1
2020-04-09,VTRS,13.64007568359375,16.079999923706055,16.540000915527344,15.449999809265137,15.449999809265137,9792000,0.0018657143524782,-0.0199004786282652,1.2314286913190569,0.1647481035896342,-0.6351675237126866,1018148200,56.45412232129428,1,1,1
2020-04-13,VTRS,13.623109817504885,16.059999465942383,16.239999771118164,15.550000190734863,16.229999542236328,3914400,-0.0124532886622609,0.0049813154649043,1.1778572627476285,0.1778248083531713,-0.493561409799625,1014233800,52.68456161057055,0,0,0
2020-04-14,VTRS,13.86910629272461,16.350000381469727,16.489999771118164,16.049999237060547,16.299999237060547,4936300,-0.0746177515941526,0.0055045963601256,1.0192858151027135,0.1952052901051697,-0.3538578411384989,1019170100,60.70796385490309,0,0,0
2020-04-15,VTRS,13.114152908325195,15.460000038146973,15.850000381469728,15.130000114440918,15.760000228881836,4773200,-0.0355756914215885,0.120310456150567,0.9700001307896208,0.1942406819236395,-0.311368088621899,1014396900,54.186411212556806,0,0,0
2020-04-16,VTRS,13.148082733154297,15.5,15.65999984741211,14.789999961853027,15.539999961853027,6746100,-0.0129032135009765,0.0819355134041077,0.9378572191510884,0.1887736341869762,-0.2713391620451535,1021143000,49.65277818020103,0,0,0
2020-04-17,VTRS,13.665522575378418,16.110000610351562,16.18000030517578,15.5600004196167,15.899999618530272,6430500,-0.0217256591067309,0.0012413749011399,0.8964286531720844,0.1969336225531439,-0.1882242659009101,1027573500,60.77057860620295,0,0,0
2020-04-20,VTRS,13.45345401763916,15.859999656677246,16.25,15.520000457763672,16.139999389648438,4269800,0.0176544602164168,0.0416141749920251,0.8807143483843122,0.2009763877990985,-0.1409038476661823,1023303700,56.8457496313811,1,1,1
2020-04-21,VTRS,12.83422565460205,15.130000114440918,15.729999542236328,15.109999656677246,15.649999618530272,4235500,0.0865829748650406,0.0951751202571957,0.8657143456595284,0.1982292859123559,-0.1604572857784383,1019068200,51.73501705406534,1,1,1
2020-04-22,VTRS,12.64760684967041,14.90999984741211,15.420000076293944,14.779999732971191,15.329999923706056,5530400,0.1616364770003941,0.1307847607575871,0.8485715048653738,0.1987604674968633,-0.191498236817079,1013537800,55.49914734146103,1,1,1
2020-04-23,VTRS,12.978428840637209,15.300000190734863,15.579999923706056,15.0600004196167,15.119999885559082,3913100,0.0960784476276666,0.1320261097325081,0.8307143620082311,0.1984702423943631,-0.1825246156641462,1017450900,61.57717468405961,1,1,1
2020-04-24,VTRS,13.368630409240724,15.760000228881836,15.779999732971191,15.300000190734863,15.40999984741211,3711500,0.0234770892456399,0.1148476801812077,0.8164286613464355,0.2003016622038076,-0.1367187884623586,1021162400,66.18589180265434,1,1,1
2020-04-27,VTRS,13.690972328186035,16.139999389648438,16.25,15.779999732971191,15.869999885559082,5336900,0.0235440571552283,0.0501859605899688,0.7864286558968682,0.2066850663909624,-0.0689596598703179,1026499300,66.61391280492856,1,1,1
2020-04-28,VTRS,13.945448875427246,16.440000534057617,16.899999618530273,16.239999771118164,16.489999771118164,7026300,0.0079074912739383,-0.0127737825425396,0.7650000708443778,0.2172040836919499,0.0088455567842391,1033525600,66.45468525961532,1,1,1
2020-04-29,VTRS,14.69192123413086,17.31999969482422,17.540000915527344,16.559999465942383,16.700000762939453,5509500,-0.0265588390633816,-0.102771348980053,0.7800000735691616,0.2431980150654574,0.1399026190472909,1039035100,67.03123833518927,0,0,0
2020-04-30,VTRS,14.22537612915039,16.770000457763672,17.25,16.59000015258789,17.100000381469727,5824100,0.0327966143140994,-0.0924269617427047,0.7321428571428571,0.2432189707446731,0.1971137387295005,1033211000,55.74043501497315,1,1,1
2020-05-01,VTRS,13.682489395141602,16.1299991607666,16.670000076293945,15.880000114440918,16.65999984741211,3686900,0.089274681275878,-0.060136352375879,0.7464286259242466,0.2244061220605181,0.1886367206148875,1029524100,50.5279009306879,1,1,1
2020-05-04,VTRS,14.013312339782717,16.520000457763672,16.559999465942383,15.739999771118164,16.110000610351562,6109100,0.0260290734419259,-0.0036320442874332,0.773571423121861,0.1981889739970352,0.2109566905634352,1035633200,51.263001422717,1,1,1
2020-05-05,VTRS,14.055723190307615,16.56999969482422,17.110000610351562,16.530000686645508,16.600000381469727,7236800,-0.0205190198460952,-0.0313820438950338,0.7285714149475098,0.1737860605366877,0.230028324783639,1042870000,59.42274390939935,0,0,0
2020-05-06,VTRS,14.301722526550291,16.860000610351562,17.18000030517578,16.559999465942383,16.65999984741211,7219900,-0.0782918505760962,-0.0320285228931603,0.7107143402099609,0.1562236979828154,0.2654830591032606,1050089900,61.07491775728225,0,0,0
2020-05-07,VTRS,14.69192123413086,17.31999969482422,17.540000915527344,17.110000610351562,17.18000030517578,8201600,-0.1212470822631111,-0.0762124548546429,0.7107143402099609,0.1617256862666584,0.3269306205469,1058291500,60.10015647259692,0,0,0
2020-05-08,VTRS,14.903987884521484,17.56999969482422,17.780000686645508,17.299999237060547,17.68000030517578,7244700,-0.1371656169192791,-0.1098462939683491,0.6928573335920062,0.1785828177323704,0.3912906117571957,1065536200,64.27378824070355,0,0,0
2020-05-11,VTRS,14.378061294555664,16.950000762939453,17.850000381469727,16.8799991607666,17.729999542236328,12830200,-0.0289086522956486,-0.0477876894886077,0.7085717064993722,0.1822659087349866,0.3877973497715246,1052706000,65.4761956894246,0,0,0
2020-05-12,VTRS,13.767313957214355,16.229999542236328,17.479999542236328,16.15999984741211,17.09000015258789,6471500,-0.0110905921289372,0.0573013143195466,0.757143088749477,0.1822444068130635,0.3232051257691495,1046234500,60.344823462656336,0,0,0
2020-05-13,VTRS,13.182012557983398,15.539999961853027,16.459999084472656,15.449999809265137,16.459999084472656,9179300,0.0501930331329409,0.1100386127634884,0.7814287458147321,0.1812060480838495,0.2138727315968935,1037055200,51.79640539037258,1,1,1
2020-05-14,VTRS,12.910569190979004,15.220000267028809,15.579999923706056,14.920000076293944,15.380000114440918,7518200,0.0512483389807101,0.1215505515990742,0.7942859104701453,0.185439058846792,0.1002491111443646,1029537000,45.87155990059039,1,1,1
2020-05-15,VTRS,12.85967254638672,15.15999984741211,15.300000190734863,14.800000190734863,15.06999969482422,6983200,0.0316623021597577,0.1622691963444329,0.7950002125331336,0.1947279968149836,0.0052989578159063,1022553800,42.12219172100463,1,1,1
2020-05-18,VTRS,13.962413787841797,16.459999084472656,16.610000610351562,15.59000015258789,15.600000381469728,8532200,-0.0194410517996982,0.0619684395198951,0.8442859649658205,0.1939916524800055,0.0345510679045233,1031086000,50.13849412961887,0,0,0
2020-05-19,VTRS,13.614625930786133,16.049999237060547,16.459999084472656,15.84000015258789,16.459999084472656,4154700,0.0691589198202884,0.09283499995603,0.8100001471383234,0.183882568592981,0.0243691028766406,1026931300,40.59258920175058,1,1,1
2020-05-20,VTRS,13.843658447265623,16.31999969482422,16.350000381469727,16.09000015258789,16.219999313354492,4980900,0.05698531388274,0.0845588905588579,0.7792859758649556,0.1666110245066818,0.0376525673302268,1031912200,46.52240588842926,1,1,1
2020-05-21,VTRS,13.572216033935549,16.0,16.34000015258789,15.720000267028809,16.200000762939453,5301600,0.0668749809265136,0.1043750047683715,0.7600002288818362,0.1572193991925853,0.0221037097813301,1026610600,48.94309618837286,1,1,1
2020-05-22,VTRS,13.266838073730469,15.640000343322754,15.970000267028809,15.4399995803833,15.970000267028809,4932200,0.1265984944019502,0.200767280971533,0.741428852081299,0.15878289747249,-0.0190482590278868,1021678400,42.81045420624274,1,1,1
2020-05-26,VTRS,13.690972328186035,16.139999389648438,16.350000381469727,15.90999984741211,15.93000030517578,6236000,0.0830235565837329,0.1431227670784522,0.7500002724783764,0.15878289747249,-0.0111867920458479,1027914400,46.72754604274378,1,1,1
2020-05-27,VTRS,14.556198120117188,17.15999984741211,17.200000762939453,16.079999923706055,16.399999618530273,10340600,0.0221445845859107,0.0093240005148507,0.7857145581926621,0.1640351915151497,0.0764675196510964,1038255000,52.05479004656284,1,1,1
2020-05-28,VTRS,14.63254165649414,17.25,17.489999771118164,16.850000381469727,17.290000915527344,6453700,0.0260870007501132,-0.0550725079964899,0.782857349940709,0.16293557986504,0.1514506248092644,1044708700,49.49495158003091,1,1,1
2020-05-29,VTRS,14.479853630065918,17.06999969482422,17.3700008392334,16.6200008392334,17.149999618530273,8151300,0.0351494078615393,-0.0661980160892179,0.8021429606846403,0.165607085124831,0.1941131401207627,1036557400,46.35568444217688,1,1,1
2020-06-01,VTRS,14.94640064239502,17.6200008392334,17.829999923706055,17.0,17.010000228881836,6108000,0.0658342674325649,-0.0976164096924049,0.7921428680419924,0.1759247431983024,0.2692008073391001,1042665400,54.93372596432051,1,1,1
2020-06-02,VTRS,14.827643394470217,17.479999542236328,17.700000762939453,17.25,17.459999084472656,4638900,0.0554920621341747,-0.0772311451271933,0.7300000871930806,0.1831503104467289,0.3137941661418573,1038026500,60.06441063090229,1,1,1
2020-06-03,VTRS,14.878538131713867,17.540000915527344,17.75,17.459999084472656,17.530000686645508,3244700,-0.0125428283477664,-0.0895097244327215,0.6785716329302109,0.1901912300297454,0.3499424153109167,1041271200,67.92114655522926,0,0,0
2020-06-04,VTRS,15.014263153076172,17.700000762939453,17.700000762939453,17.260000228881836,17.31999969482422,4732300,-0.0790961279962344,-0.0774011740215248,0.6628573962620327,0.1982380991876885,0.3870392659883706,1046003500,72.87822095847736,0,0,0
2020-06-05,VTRS,14.988810539245604,17.670000076293945,18.71999931335449,17.540000915527344,18.14999961853028,7859900,-0.0979060831036221,-0.0854555870040799,0.711428710392543,0.202400537888928,0.4092998290831637,1038143600,73.28384727914579,0,0,0
2020-06-08,VTRS,15.930384635925291,18.780000686645508,19.239999771118164,17.889999389648438,18.0,10387700,-0.1533546838559601,-0.1235357570472619,0.7200000626700263,0.2261128790720207,0.5106231129138727,1048531300,72.30768807541357,0,0,0
2020-06-09,VTRS,15.650458335876465,18.450000762939453,19.020000457763672,18.21999931335449,19.0,8717100,-0.1257453390914239,-0.119783246635985,0.7328573635646275,0.2426711954414815,0.5578636050449823,1039814200,73.43749359716313,0,0,0
2020-06-10,VTRS,14.69192123413086,17.31999969482422,18.450000762939453,17.190000534057617,18.440000534057617,8972300,-0.0779445410844223,-0.0750576939934375,0.8014287267412458,0.2415509021301884,0.4983754312804507,1030841900,58.36119665289316,0,0,0
2020-06-11,VTRS,13.826692581176758,16.299999237060547,17.0,16.239999771118164,16.809999465942383,11618000,0.0018405330091855,0.0049079710092354,0.8342858723231724,0.2326362914480048,0.3647208377540956,1019223900,52.24550124534335,1,1,1
2020-06-12,VTRS,13.521317481994627,15.9399995803833,16.90999984741211,15.649999618530272,16.709999084472656,7872200,0.0138017737026514,-0.0031367150800981,0.8842858586992538,0.2205204109562661,0.2271314162221109,1011351700,52.24550124534335,1,1,1
2020-06-15,VTRS,13.487386703491213,15.899999618530272,16.1200008392334,15.289999961853027,15.449999809265137,7847500,0.0352200930426278,0.0056603870910163,0.892857347215925,0.206585335147793,0.1135541640338786,1003504200,48.07074354315677,1,1,1
2020-06-16,VTRS,13.682489395141602,16.1299991607666,16.600000381469727,15.880000114440918,16.3799991607666,6877000,0.0068196290188979,-0.00309976687303,0.8642858777727401,0.20960388431377,0.0416226146741003,1010381200,40.51565798010248,1,1,1
2020-06-17,VTRS,13.546764373779297,15.970000267028809,16.600000381469727,15.890000343322754,16.530000686645508,5064100,0.0031308822729385,-0.0131496577730516,0.869285924094064,0.2106226949231828,-0.0279717886230344,1005317100,38.36364887961572,1,1,1
2020-06-18,VTRS,13.852139472961426,16.329999923706055,17.020000457763672,16.200000762939453,16.84000015258789,7755100,0.003061802651203,-0.0244947716104763,0.8907145091465543,0.210537605722656,-0.0534606301194919,1013072200,43.48592223261712,1,1,1
2020-06-19,VTRS,13.707934379577637,16.15999984741211,16.770000457763672,15.989999771118164,16.6200008392334,9406100,-0.0167078902623005,0.0235149178034237,0.8871431350708009,0.2086398792874761,-0.0863825418781161,1003666100,36.22641366841232,0,0,0
2020-06-22,VTRS,13.962413787841797,16.459999084472656,16.5,15.84000015258789,16.079999923706055,5221100,-0.0285540303460806,-0.0212635779822892,0.9021430696759908,0.198062147514881,-0.087260082984713,1008887200,40.65933816411789,0,0,0
2020-06-23,VTRS,13.775796890258787,16.239999771118164,16.6299991607666,16.040000915527344,16.530000686645508,5370400,-0.0098522074918165,-0.003078770798351,0.9235714503696988,0.1969054730397665,-0.1045030010653427,1003516800,38.434151321331285,0,0,0
2020-06-24,VTRS,13.589178085327148,16.020000457763672,16.200000762939453,15.640000343322754,15.989999771118164,6634000,-0.0162297266824255,-0.0087390973359745,0.9349999427795412,0.2032146951509827,-0.1343712952016318,996882800,35.211260747727906,0,0,0
2020-06-25,VTRS,13.894554138183594,16.3799991607666,16.40999984741211,15.760000228881836,15.93000030517578,4332700,-0.0274724590138356,-0.0170939434458292,0.8971428871154788,0.2046933029438932,-0.127523238285935,1001215500,39.26787283530876,0,0,0
2020-06-26,VTRS,13.478903770446776,15.890000343322754,16.350000381469727,15.550000190734863,16.290000915527344,6905200,0.0409062654600715,0.0151037641446432,0.8442856924874446,0.2112378724474911,-0.1597929200052128,994310300,23.191064682007703,1,1,1
2020-06-29,VTRS,13.56373119354248,15.989999771118164,16.200000762939453,15.779999732971191,16.0,2857000,0.0075047430238335,0.0331457594891788,0.8171428271702359,0.2115689523371172,-0.1752772699041003,997167300,26.162753948419493,1,1,1
2020-06-30,VTRS,13.64007568359375,16.079999923706055,16.15999984741211,15.630000114440918,15.970000267028809,6161700,0.0068408340095444,0.0559701257960481,0.7649999346051899,0.2108854915517102,-0.1782319219557138,1003329000,34.95143428687035,1,1,1
2020-07-01,VTRS,13.368630409240724,15.760000228881836,16.270000457763672,15.699999809265137,16.020000457763672,4226300,0.0076142058259092,0.0685279129455114,0.7285714149475099,0.2112340317412233,-0.204042728455569,999102700,42.10526022260258,1,1,1
2020-07-02,VTRS,13.512835502624512,15.93000030517578,16.15999984741211,15.760000228881836,16.0,4869600,0.0106716932226744,0.0552416286194723,0.6671427999223981,0.2052372720835379,-0.2083783373940555,1003972300,49.84521211623749,1,1,1
2020-07-06,VTRS,14.030277252197266,16.540000915527344,16.56999969482422,15.979999542236328,16.100000381469727,6473100,-0.0247884964973515,0.0066504653515264,0.653571265084403,0.1951153808563416,-0.1607394827463721,1010445400,58.42108406854221,0,0,0
2020-07-07,VTRS,13.665522575378418,16.110000610351562,16.549999237060547,15.949999809265137,16.329999923706055,5491200,0.0254500206007852,0.0161390576679911,0.6449997765677317,0.145836210405885,-0.1558858234467237,1004954200,49.75001776220956,1,1,1
2020-07-08,VTRS,13.733384132385254,16.190000534057617,16.260000228881836,15.880000114440918,16.06999969482422,6575600,0.0487954899394136,0.0234712259562455,0.6214283534458707,0.081435649466876,-0.1439248620080917,1011529800,52.80612921377973,1,1,1
2020-07-09,VTRS,13.470422744750977,15.880000114440918,16.31999969482422,15.789999961853027,16.18000030517578,4951300,0.0604534024703167,0.0125944463365124,0.5842854636056084,0.0515828030838535,-0.1576429472092613,1006578500,44.18604307310155,1,1,1
2020-07-10,VTRS,13.6570405960083,16.100000381469727,16.139999389648438,15.670000076293944,15.829999923706056,2853100,0.0440993209720559,-0.0086956732922743,0.5621425083705359,0.0504659622966831,-0.149044355085838,1009431600,49.23469995966343,1,1,1
2020-07-13,VTRS,13.682489395141602,16.1299991607666,16.489999771118164,15.970000267028809,16.260000228881836,3986200,0.032238095773029,0.0055796749702752,0.5521424838474821,0.049619592565454,-0.1382159902009441,1013417800,45.47944790293309,1,1,1
2020-07-14,VTRS,14.013312339782717,16.520000457763672,16.540000915527344,16.09000015258789,16.309999465942383,4716100,-0.0090798798047114,-0.0217918038968563,0.5421426636832104,0.0526908120922623,-0.097045902964286,1018133900,53.66493257618539,0,0,0
2020-07-15,VTRS,14.403512001037598,16.979999542236328,17.09000015258789,16.670000076293945,16.670000076293945,5459400,-0.0241460458460124,0.001177883292277,0.5399998256138395,0.06931027965926,-0.0269891167330271,1023593300,61.82265593289136,0,0,0
2020-07-16,VTRS,14.28475570678711,16.84000015258789,17.010000228881836,16.670000076293945,16.8700008392334,3104000,-0.0451306545127936,-0.0302850489465976,0.5178570066179551,0.0763993914702964,0.0170382045500865,1020489300,55.98959898473375,0,0,0
2020-07-17,VTRS,14.259305000305176,16.809999465942383,17.309999465942383,16.700000762939453,16.950000762939453,6276300,-0.0505651073646693,-0.0416418130773318,0.5021427018301831,0.0823633004986477,0.0489451598451893,1014213000,63.6094540158293,0,0,0
2020-07-20,VTRS,14.123586654663086,16.649999618530273,16.899999618530273,16.530000686645508,16.75,3322500,-0.0258258447463999,-0.0174173582476219,0.4985711233956476,0.0847605241826233,0.0606221864526936,1010890500,59.59301954865707,0,0,0
2020-07-21,VTRS,13.88607406616211,16.3700008392334,16.81999969482422,16.309999465942383,16.649999618530273,4738800,-0.0128284044627527,-0.0030544374982158,0.497142587389265,0.0843264211413084,0.0467439179368511,1006151700,53.99450389220062,0,0,0
2020-07-22,VTRS,14.055723190307615,16.56999969482422,16.799999237060547,16.40999984741211,16.420000076293945,3331900,0.0259505318705646,0.0199155057202042,0.4871424266270231,0.0857195341493236,0.0512922610791264,1009483600,61.538459448444506,1,1,1
2020-07-23,VTRS,13.64007568359375,16.079999923706055,16.600000381469727,16.020000457763672,16.520000457763672,6387200,0.0155472637553584,0.0211442881965839,0.4999995912824361,0.0851988954236038,0.0151829497643163,1003096400,51.95822057726461,1,1,1
2020-07-24,VTRS,13.53828239440918,15.960000038146973,16.1200008392334,15.760000228881836,16.020000457763672,4166500,0.0093985320705554,0.0250626924341179,0.4799996784755163,0.0869230389689385,-0.0228534867208232,998929900,41.31734509418399,1,1,1
2020-07-27,VTRS,13.758831977844238,16.219999313354492,16.260000228881836,15.720000267028809,15.859999656677246,2763900,0.0086313996870395,0.0086313996870395,0.4757140023367747,0.0842487606006555,-0.0316529920789996,1001693800,51.73499736159823,1,1,1
2020-07-28,VTRS,13.707934379577637,16.15999984741211,16.59000015258789,16.1299991607666,16.469999313354492,2807700,0.0099009807501782,0.0297029422505346,0.4814283507210869,0.0828881035281338,-0.0429727557586829,998886100,49.52379799031792,1,1,1
2020-07-29,VTRS,14.420475959777832,17.0,17.1200008392334,15.869999885559082,16.040000915527344,9217500,-0.0058823753805721,-0.0482352761661305,0.5328570093427387,0.0897844764407196,0.0156567607187589,1008103600,65.21740820549633,0,0,0
2020-07-30,VTRS,13.852139472961426,16.329999923706055,16.690000534057617,16.299999237060547,16.690000534057617,3486700,0.0055113382123925,-0.0116350603150827,0.5492856843130929,0.0835496791408647,0.0079658429187361,1004616900,52.78450122777048,1,1,1
2020-07-31,VTRS,13.665522575378418,16.110000610351562,16.360000610351562,15.880000114440918,16.299999237060547,2985800,0.0155183110197625,0.0049658547905113,0.5464286123003278,0.0812025250713863,-0.0157003865416847,1001631100,49.76853507538008,1,1,1
2020-08-03,VTRS,13.877588272094728,16.360000610351562,16.469999313354492,15.949999809265137,16.15999984741211,3025100,0.0,-0.006723753438124,0.5514285223824638,0.0807361981255297,-0.0141203624831334,1004656200,48.086123746931925,0,0,0
2020-08-04,VTRS,13.843658447265623,16.31999969482422,16.56999969482422,16.25,16.420000076293945,3751900,0.0196078248044149,-0.007965634999848,0.5335713795253209,0.0794427578037767,-0.0159124923085833,1000904300,41.223397914393445,1,1,1
2020-08-05,VTRS,14.335649490356444,16.899999618530273,17.1299991607666,16.229999542236328,16.420000076293945,6507000,-0.0426035106276001,-0.0230768874823414,0.5735713413783482,0.0831200136976466,0.0291325564977,1007411300,50.71427987545913,0,0,0
2020-08-06,VTRS,13.928485870361328,16.420000076293945,17.690000534057617,16.149999618530273,17.260000228881836,5959900,-0.0170524168906524,-0.0048721025173168,0.6400000708443778,0.0774449934780885,0.0258017046832286,1001451400,45.8064543915614,0,0,0
2020-08-07,VTRS,13.877588272094728,16.360000610351562,16.420000076293945,16.010000228881836,16.209999084472656,3873700,-0.0103912023197835,-0.0226161873734458,0.642857279096331,0.0751884554435633,0.0181117442442015,997577700,46.81319450615969,0,0,0
2020-08-10,VTRS,13.877588272094728,16.360000610351562,16.56999969482422,16.270000457763672,16.360000610351562,2160400,-0.006723753438124,-0.0018337827338786,0.6278572082519531,0.0731659206905051,0.0118804448205267,997577700,49.88290120909024,0,0,0
2020-08-11,VTRS,14.11510181427002,16.639999389648438,16.860000610351562,16.559999465942383,16.600000381469727,5807600,-0.0270432014481177,-0.0366585772462469,0.6328573226928711,0.0736742790722945,0.02919906789608,1003385300,50.80459482840645,0,0,0
2020-08-12,VTRS,13.724900245666504,16.18000030517578,16.809999465942383,16.06999969482422,16.700000762939453,4920200,0.020395544961794,0.0080345586102996,0.6442858832223075,0.0696244750398777,0.00573995310679,998465100,51.15741292636126,1,1,1
2020-08-13,VTRS,13.690972328186035,16.139999389648438,16.549999237060547,16.049999237060547,16.229999542236328,4371800,0.0123916214685686,0.0024783715638179,0.6542858396257673,0.0674816538855555,-0.0158960640278174,994093300,52.12263540891852,1,1,1
2020-08-14,VTRS,13.733384132385254,16.190000534057617,16.299999237060547,15.90999984741211,16.0,4435500,-0.0123533512255745,0.0024705995589417,0.6435715130397252,0.0642819011827602,-0.0286775124963334,998528800,49.62780659573662,0,0,0
2020-08-17,VTRS,13.784278869628906,16.25,16.520000457763672,15.949999809265137,16.229999542236328,3282200,0.0049230722280648,0.0079999483548678,0.6514286313738141,0.062586938166788,-0.0335783764065027,1001811000,51.11662754155466,1,1,1
2020-08-18,VTRS,13.733384132385254,16.190000534057617,16.40999984741211,15.989999771118164,16.3799991607666,6874800,-0.0098826338563442,-0.0426189321369149,0.5921428544180733,0.0631490605168061,-0.0418217072214801,994936200,37.53846244134899,0,0,0
2020-08-19,VTRS,14.004826545715332,16.510000228881836,17.030000686645508,16.15999984741211,16.229999542236328,6349200,-0.0121139164243971,-0.0484554924072853,0.604285717010498,0.0625754438228217,-0.0222765154555411,1001285400,53.103455986909,0,0,0
2020-08-20,VTRS,13.860624313354492,16.34000015258789,16.450000762939453,16.09000015258789,16.329999923706055,5958400,-0.0097919122348826,-0.0538555756562552,0.5999999727521624,0.0608794333073866,-0.020270727246924,995327000,54.03508184872375,0,0,0
2020-08-21,VTRS,13.56373119354248,15.989999771118164,16.440000534057617,15.850000381469728,16.360000610351562,5361300,0.0150093667638233,-0.0112569952519065,0.6050000190734862,0.0603214987393237,-0.0463884936708396,989965700,43.72879690220599,1,1,1
2020-08-24,VTRS,13.852139472961426,16.329999923706055,16.360000610351562,15.970000267028809,16.040000915527344,5328700,0.003061802651203,-0.0422534956281069,0.6100000653948101,0.0598837089942003,-0.0391999680851782,995294400,50.15384976539598,1,1,1
2020-08-25,VTRS,13.597661972045898,16.030000686645508,16.540000915527344,15.93000030517578,16.489999771118164,5185800,-0.0330630482809054,-0.0486588055666973,0.5892858505249023,0.0615464535406064,-0.0570527721572489,990108600,35.353540543074644,0,0,0
2020-08-26,VTRS,13.835174560546877,16.309999465942383,16.469999313354492,15.880000114440918,15.970000267028809,4717400,-0.0367872132091907,-0.0766400421370865,0.5214285850524902,0.0495655959447396,-0.0480537528150222,994826000,48.01442700974196,0,0,0
2020-08-27,VTRS,13.724900245666504,16.18000030517578,16.459999084472656,16.149999618530273,16.31999969482422,3048900,-0.0444993976173467,-0.0525340151691975,0.5142857006617955,0.0500797380748269,-0.0508259213936348,991777100,46.83097645630286,0,0,0
2020-08-28,VTRS,13.767313957214355,16.229999542236328,16.260000228881836,16.059999465942383,16.15999984741211,2333800,-0.0258779503675671,-0.028342519867334,0.5071429525102887,0.0490529391722384,-0.0484300924359359,994110900,47.750843128584535,0,0,0
2020-08-31,VTRS,13.894554138183594,16.3799991607666,16.510000228881836,16.010000228881836,16.200000762939453,5010600,-0.0451769752965734,-0.0262514880056526,0.5071429525102887,0.0491209753489327,-0.0340353270457427,999121500,45.289844806580085,0,0,0
2020-09-01,VTRS,13.148082733154297,15.5,16.34000015258789,15.420000076293944,16.299999237060547,9443300,-0.0161290322580645,0.032258064516129,0.5228571891784669,0.0657115497750385,-0.0925688732308671,989678200,39.30815950250536,0,0,0
2020-09-02,VTRS,13.326217651367188,15.710000038146973,15.890000343322754,15.329999923706056,15.5,5851300,-0.0413748960504103,0.0286441634737395,0.5271429334368024,0.062382398040114,-0.1206214334584174,995529500,43.58209082692212,0,0,0
2020-09-03,VTRS,13.114152908325195,15.460000038146973,16.200000762939453,15.350000381469728,15.760000228881836,5809700,-0.0084088042768528,0.0174643922007207,0.560000147138323,0.0732984923101747,-0.1611683517739273,989719800,39.71828685439842,0,0,0
2020-09-04,VTRS,13.411043167114258,15.8100004196167,15.920000076293944,15.390000343322754,15.640000343322754,8787500,-0.0025300417957861,-0.0651486818031646,0.5571429388863697,0.0749100365506895,-0.1631789456443435,998507300,44.27083191047769,0,0,0
2020-09-08,VTRS,13.266838073730469,15.640000343322754,15.90999984741211,15.529999732971191,15.8100004196167,5113500,0.0198209372850002,-0.0524297078323671,0.5542857987540106,0.078506354032081,-0.1764558677754486,993393800,43.03796520944278,1,1,1
2020-09-09,VTRS,12.936017036437988,15.25,15.729999542236328,15.0600004196167,15.6899995803833,7411200,0.0491803278688525,-0.0577049255371093,0.5399999618530271,0.0852160078528738,-0.2159582601628784,985982600,34.32834227542138,1,1,1
2020-09-10,VTRS,12.774847030639648,15.0600004196167,15.4399995803833,15.020000457763672,15.270000457763672,6296300,0.0730411286285612,-0.0564409268118307,0.539999893733433,0.10001082157216,-0.2596030268769098,979686300,34.15840403867294,1,1,1
2020-09-11,VTRS,13.003878593444824,15.329999923706056,15.619999885559082,15.050000190734863,15.149999618530272,5763800,0.0260926040783417,-0.0593607209354843,0.5385712896074566,0.1057105647771931,-0.2693007836414374,985450100,41.66665863909552,1,1,1
2020-09-14,VTRS,13.377114295959473,15.770000457763672,15.84000015258789,15.289999961853027,15.460000038146973,4235000,-0.0627774696293744,-0.0716550463944096,0.549999850136893,0.1051457678528397,-0.2387300287185461,989685100,43.10344746587792,0,0,0
2020-09-15,VTRS,13.529800415039062,15.949999809265137,16.229999542236328,15.699999809265137,15.869999885559082,3920600,-0.0708464030065075,-0.0865203843851643,0.5442855017525806,0.1034799241915911,-0.1976990897991477,993605700,48.9847593482573,0,0,0
2020-09-16,VTRS,13.572216033935549,16.0,16.219999313354492,15.399999618530272,16.020000457763672,8702000,-0.1018750071525573,-0.0731250047683714,0.5607141086033411,0.1023648729500874,-0.1593107424982704,1002307700,45.82210644452978,0,0,0
2020-09-17,VTRS,13.707934379577637,16.15999984741211,16.219999313354492,15.609999656677246,15.859999656677246,3781200,-0.1206683061681719,-0.0841583953910147,0.5821426936558314,0.0974204684669193,-0.1146553743920772,1006088900,49.73261404829368,0,0,0
2020-09-18,VTRS,13.343182563781738,15.729999542236328,16.190000534057617,15.609999656677246,16.15999984741211,6494100,-0.0832803244796625,-0.0534010949369774,0.6092855589730398,0.0939792315733964,-0.1126643795719939,999594800,43.9320372618244,0,0,0
2020-09-21,VTRS,12.537331581115724,14.779999732971191,15.460000038146973,14.609999656677246,15.449999809265137,6813400,-0.0094722186859128,0.0209743183503008,0.6535712650844028,0.1104983124519461,-0.1856040193600652,992781400,33.73984031379767,0,0,0
2020-09-22,VTRS,12.571263313293455,14.81999969482422,14.949999809265137,14.489999771118164,14.75,5310900,-0.0168690961638353,0.003373832102866,0.6178570474897109,0.1181978444347661,-0.2374444351218727,998092300,41.6666627709382,0,0,0
2020-09-23,VTRS,12.189542770385742,14.369999885559082,14.880000114440918,14.3100004196167,14.81999969482422,5600300,0.0320111372171438,0.0375782857448518,0.6185712814331054,0.1384338089711997,-0.3112516466701152,992492000,34.4907378790635,1,1,1
2020-09-24,VTRS,12.05382251739502,14.210000038146973,14.43000030517578,14.020000457763672,14.289999961853027,4530500,0.0415200669249842,0.1062632107549765,0.5871426718575613,0.1540881766581024,-0.3782943028428391,987961500,35.22458468944485,1,1,1
2020-09-25,VTRS,12.23195743560791,14.420000076293944,14.479999542236328,14.09000015258789,14.109999656677246,2902200,0.0325936383177609,0.0846047337429944,0.5771426473345075,0.1614349287498418,-0.4097574144326188,990863700,33.00732743796159,1,1,1
2020-09-28,VTRS,12.41857624053955,14.640000343322754,14.84000015258789,14.56999969482422,14.640000343322754,4504300,0.0307376911688652,0.0915299977793198,0.5799997874668668,0.1607417275366801,-0.4121885214202301,995368000,37.92270353347905,1,1,1
2020-09-29,VTRS,12.359195709228516,14.56999969482422,14.899999618530272,14.539999961853027,14.630000114440918,3163300,0.0205902674686693,0.0700068963025448,0.5578569684709821,0.1549888275157184,-0.4149800271007748,992204700,41.09947173428936,1,1,1
2020-09-30,VTRS,12.579745292663574,14.829999923706056,14.989999771118164,14.59000015258789,14.600000381469728,3344600,0.0053944655507496,0.04855025426385,0.5578570365905761,0.1564755320553331,-0.3916972280838369,995549300,47.04369568622993,1,1,1
2020-10-01,VTRS,12.55429744720459,14.800000190734863,15.220000267028809,14.710000038146973,14.84000015258789,4538900,0.0621621665160441,0.0635134843425044,0.5535713604518344,0.1558892089982756,-0.3713850738992228,991010400,42.73973082350677,1,1,1
2020-10-02,VTRS,12.630642890930176,14.890000343322754,15.15999984741211,14.59000015258789,14.640000343322754,4188300,0.0503693742583646,0.055070495360461,0.5549998964582169,0.156064748176793,-0.3440591850991481,995198700,36.66666570335936,1,1,1
2020-10-05,VTRS,12.800294876098633,15.09000015258789,15.329999923706056,14.970000267028809,15.0600004196167,6271800,0.0589794155499596,0.0218687819992804,0.5485713141305106,0.1512499536540578,-0.3027747098289453,1001470500,37.048200471494205,1,1,1
2020-10-06,VTRS,12.613675117492676,14.869999885559082,15.300000190734863,14.829999923706056,15.170000076293944,4125500,0.0484196551829185,0.0295898142194959,0.5235713550022668,0.1487721122865148,-0.2845287780289016,997345000,33.810889974698966,1,1,1
2020-10-07,VTRS,12.64760684967041,14.90999984741211,15.210000038146973,14.850000381469728,14.960000038146973,6188500,0.0429242354039216,0.0154259220834642,0.5057142121451238,0.1488474219438703,-0.2638001589718879,1003533500,31.45401055323852,1,1,1
2020-10-08,VTRS,13.334699630737305,15.720000267028809,15.760000228881836,14.920000076293944,15.079999923706056,5484500,0.0012722330629537,-0.0076335803766345,0.5249998910086492,0.1533364338191824,-0.1799381002088278,1009018000,49.86667636447236,1,1,1
2020-10-09,VTRS,13.266838073730469,15.640000343322754,15.970000267028809,15.470000267028809,15.869999885559082,3447700,0.0044756837140418,0.00319688209482,0.4807141848972862,0.1558806619622492,-0.1185653916706304,1005570300,64.93056061458987,1,1,1
2020-10-12,VTRS,13.555249214172363,15.979999542236328,16.0,15.670000076293944,15.81999969482422,3196700,-0.0350437723394336,-0.0581977082692278,0.4735713005065914,0.1593236091284904,-0.0420077449918085,1008767000,68.23898956116587,0,0,0
2020-10-13,VTRS,13.224427223205566,15.59000015258789,15.850000381469728,15.449999809265137,15.720000267028809,3709100,-0.0179602136132572,-0.0724823671187291,0.4707141603742323,0.1541995125398145,-0.012659024460504,1005057900,69.55128704772682,0,0,0
2020-10-14,VTRS,13.190495491027832,15.550000190734863,15.869999885559082,15.529999732971191,15.579999923706056,3042700,-0.0263665493493947,-0.0803858511040267,0.4657141821725025,0.1472361254073542,0.0072883695909649,1002015200,72.33333587646484,0,0,0
2020-10-15,VTRS,13.351664543151855,15.739999771118164,15.75,15.260000228881836,15.390000343322754,2572000,-0.0088944975657068,-0.0870393840839146,0.4728570665631973,0.138292541665549,0.0379902731138201,1004587200,72.14764928845646,0,0,0
2020-10-16,VTRS,13.326217651367188,15.710000038146973,16.079999923706055,15.579999923706056,15.81999969482422,7066200,-0.0012731036101277,-0.0744748614546756,0.4785713468279152,0.1379629764663041,0.0592183923535252,997521000,69.17562858781635,0,0,0
2020-10-19,VTRS,13.080223083496094,15.420000076293944,15.8100004196167,15.390000343322754,15.729999542236328,3190000,-0.0239948043922452,-0.0181582186501834,0.482857091086251,0.1381188807914499,0.0520413561416166,994331000,64.11961553913355,0,0,0
2020-10-20,VTRS,12.986913681030272,15.3100004196167,15.8100004196167,15.25,15.65999984741211,2838500,-0.0555192918466952,-0.011103858369339,0.492857115609305,0.1374493012773949,0.0370503567974456,991492500,58.391623665146646,0,0,0
2020-10-21,VTRS,12.842708587646484,15.140000343322754,15.529999732971191,15.079999923706056,15.079999923706056,3117600,-0.0554821752668162,-0.0039630395149337,0.4885713713509692,0.1295062535253627,0.0113217859055136,988374900,55.66667281257173,0,0,0
2020-10-22,VTRS,13.232908248901367,15.600000381469728,15.729999542236328,15.079999923706056,15.210000038146973,3536000,-0.0788461837072572,-0.0294871812114427,0.4942856516156872,0.1179796550485936,0.0277302102052647,991910900,60.53413151488004,0,0,0
2020-10-23,VTRS,13.309250831604004,15.6899995803833,15.800000190734863,15.4399995803833,15.75,2597900,-0.0732950700628495,-0.0662842568302747,0.488571439470563,0.1099260905495422,0.0474492227727569,994508800,59.20245264169461,0,0,0
2020-10-26,VTRS,12.766364097595217,15.050000190734863,15.520000457763672,14.869999885559082,15.510000228881836,3514800,0.005980076508125,0.0046511424542912,0.5135713985988067,0.1038839155289107,0.0113037773448763,990994000,52.44565865268496,1,1,1
2020-10-27,VTRS,12.265889167785645,14.460000038146973,15.039999961853027,14.420000076293944,14.770000457763672,3671700,0.0470263003721902,0.0816044468923111,0.5328571455819263,0.1067312390394947,-0.0642096610440337,987322300,44.680849145063,1,1,1
2020-10-28,VTRS,12.130167007446287,14.300000190734863,14.369999885559082,14.020000457763672,14.239999771118164,4895600,0.0545454351445788,0.0979020699200654,0.5035713740757531,0.1185458682316936,-0.1354043979110244,982426700,30.16757514455641,1,1,1
2020-10-29,VTRS,12.189542770385742,14.369999885559082,14.5,14.0,14.100000381469728,3548300,0.0535838875362464,0.0793319660683073,0.5035713740757531,0.1268696907734769,-0.1840566588560381,985975000,32.2128582159805,1,1,1
2020-10-30,VTRS,12.333748817443848,14.539999961853027,14.890000343322754,14.34000015258789,14.380000114440918,9155500,0.0075653134089297,0.0694635647545847,0.5171428407941543,0.1319332790495603,-0.206515755688585,995130500,28.823515387129035,1,1,1
2020-11-02,VTRS,12.842708587646484,15.140000343322754,15.140000343322754,14.600000381469728,14.789999961853027,7260700,-0.0013210341684366,0.0475560962369485,0.5221428871154783,0.1317544680220064,-0.1738951799764603,1002391200,43.76731177534906,0,0,0
2020-11-03,VTRS,12.842708587646484,15.140000343322754,15.510000228881836,15.109999656677246,15.300000190734863,6771500,0.0330250983264024,0.0792602233852906,0.5264286313738139,0.1299459634377571,-0.1463560374102499,1002391200,44.2577016595012,1,1,1
2020-11-04,VTRS,12.791812896728516,15.079999923706056,15.520000457763672,14.93000030517578,15.300000190734863,10301600,0.0411140509745246,0.073607467902345,0.5335715157645088,0.1287022520293077,-0.1278982693017543,992089600,40.40697513237783,1,1,1
2020-11-05,VTRS,12.842708587646484,15.140000343322754,15.609999656677246,14.979999542236328,15.109999656677246,14470200,0.0244385652026926,0.1961691016961353,0.5428572382245745,0.1260286174537711,-0.1071931665772236,1006559800,41.786746287952525,1,1,1
2020-11-06,VTRS,12.427057266235352,14.649999618530272,15.470000267028809,14.470000267028809,15.470000267028809,9524500,0.0614334877569697,0.1692832496117928,0.5842858042035785,0.1280534734203585,-0.1288380223568097,997035300,39.5095307662604,1,1,1
2020-11-09,VTRS,12.825742721557615,15.119999885559082,15.770000457763672,15.029999732971191,15.34000015258789,11475200,0.048941784174544,0.1091270227971683,0.6242858341761999,0.1189112814592493,-0.1068351043316013,1008510500,47.6426736763689,1,1,1
2020-11-10,VTRS,13.266838073730469,15.640000343322754,16.0,15.100000381469728,15.220000267028809,18171900,0.0447570200702707,0.0805626117358402,0.6564286776951382,0.1195894046096837,-0.046897338828348,1026682400,55.707761165172,1,1,1
2020-11-11,VTRS,13.31773567199707,15.699999809265137,16.100000381469727,15.43000030517578,15.710000038146973,9762900,0.031210237627093,0.0872611402676957,0.657857281821115,0.1216199245893691,0.0053831737502694,1036445300,51.256274062002696,1,1,1
2020-11-12,VTRS,13.156564712524414,15.510000228881836,15.699999809265137,15.25,15.630000114440918,12547800,0.1676338067763629,0.099290714729392,0.6642857960292275,0.1184769864724232,0.0311256809109128,1023897500,47.79412606870521,1,1,1
2020-11-13,VTRS,13.190495491027832,15.550000190734863,15.720000267028809,15.300000190734863,15.539999961853027,8508700,0.1016076495595894,0.0816719928303317,0.6357143947056365,0.1161636150672562,0.0541304834106792,1032406200,57.18390505354002,1,1,1
2020-11-16,VTRS,13.45345401763916,15.859999656677246,16.149999618530273,15.34000015258789,15.640000343322754,26574200,0.0573771009322376,0.0725094954034519,0.6485714912414553,0.1224464827288912,0.0962666195935284,1058980400,71.87498882413178,1,1,1
2020-11-17,VTRS,13.860624313354492,16.34000015258789,17.93000030517578,15.300000190734863,15.390000343322754,60532900,0.0342716928220891,0.0483475520686327,0.8050001008169995,0.1397345895350134,0.1664728442585055,1119513300,78.97726056620597,1,1,1
2020-11-18,VTRS,13.733384132385254,16.190000534057617,16.989999771118164,15.949999809265137,16.459999084472656,31517400,0.0543544862098934,0.0728845130482551,0.8435715266636442,0.1501744880593139,0.2076148131673019,1087995900,75.27777740984801,1,1,1
2020-11-19,VTRS,15.36204719543457,18.11000061035156,18.200000762939453,15.989999771118164,16.0,35794100,-0.0585312720909088,-0.0281612485750176,0.9621430124555318,0.2198039484718278,0.3906449679635386,1123790000,83.36448371561403,0,0,0
2020-11-20,VTRS,14.530752182006836,17.1299991607666,18.420000076293945,17.0,18.39999961853028,38015400,-0.018096875722702,0.0256859635501538,1.0207144192286903,0.239723214046372,0.4514161135724635,1085774600,67.36472934384739,0,0,0
2020-11-23,VTRS,14.22537612915039,16.770000457763672,17.25,16.5,17.239999771118164,20718000,0.0143112560862845,0.0638043927022591,1.0457143783569338,0.2481437129839106,0.4651666460627286,1065056600,63.38259292567968,1,1,1
2020-11-24,VTRS,14.335649490356444,16.899999618530273,17.0,16.290000915527344,16.739999771118164,23106200,0.0136094406762081,0.036686441019418,1.0542857306344169,0.2488475842468831,0.4810091143021502,1088162800,64.77272516158277,1,1,1
2020-11-25,VTRS,14.479853630065918,17.06999969482422,17.309999465942383,16.549999237060547,16.68000030517578,15353800,0.0175747597992133,0.0363210808621976,1.0635714530944826,0.2451040036702272,0.5015009788174289,1103516600,65.39074564713044,1,1,1
2020-11-27,VTRS,14.462890625,17.049999237060547,17.3700008392334,16.899999618530273,17.100000381469727,11024700,0.0322581330803626,0.0170088521116755,1.02571439743042,0.2376119521901159,0.5102452694415014,1092491900,70.68965460542546,1,1,1
2020-11-30,VTRS,14.267791748046877,16.81999969482422,17.15999984741211,16.799999237060547,17.030000686645508,21166300,0.0445897748874981,0.030321060531218,0.971428666796003,0.2264702940959343,0.4929339066529969,1071325600,65.28777215959781,1,1,1
2020-12-01,VTRS,14.428961753845217,17.010000228881836,17.149999618530273,16.739999771118164,16.8799991607666,15392500,0.048794821430794,0.0423280013913216,0.9364286831447056,0.2247178062608265,0.4889101304711261,1086718100,63.09751678093441,1,1,1
2020-12-02,VTRS,14.530752182006836,17.1299991607666,17.270000457763672,16.84000015258789,16.93000030517578,22173200,0.0227671521368373,0.0426153815148402,0.9192858423505512,0.2218831198708117,0.4897585382229046,1108891300,63.51606689423858,1,1,1
2020-12-03,VTRS,14.734334945678713,17.3700008392334,17.469999313354492,16.940000534057617,17.139999389648438,16848400,0.0184225491861484,0.0201495945429408,0.9250000544956752,0.2181186583263341,0.503987384308143,1125739700,67.41573555433482,1,1,1
2020-12-04,VTRS,14.929438591003418,17.600000381469727,17.700000762939453,17.25,17.329999923706055,15946900,-0.0147727399571865,0.0085227054135863,0.92714296068464,0.2149949680910274,0.5277394364985248,1141686600,68.53526482571301,0,0,0
2020-12-07,VTRS,14.903987884521484,17.56999969482422,18.0,17.520000457763672,17.610000610351562,10008700,-0.013659634336184,-0.010244752891419,0.903571537562779,0.1949128825899507,0.5379412523967773,1131677900,66.28571169068263,0,0,0
2020-12-08,VTRS,15.133016586303713,17.84000015258789,17.93000030517578,17.40999984741211,17.40999984741211,9303100,-0.0061659534423045,-0.0056054025008077,0.7528572763715472,0.1847229086423463,0.5613422415130636,1140981000,64.8809496777944,0,0,0
2020-12-09,VTRS,14.861573219299316,17.520000457763672,17.979999542236328,17.5,17.850000381469727,12701900,0.0194064008963668,0.0205478706390902,0.7128572463989258,0.1770868886081093,0.5477522460311484,1128279100,62.7639123849871,1,1,1
2020-12-10,VTRS,15.005780220031738,17.690000534057617,17.850000381469727,17.299999237060547,17.31999969482422,9422500,0.0016958043183277,0.0045223245500776,0.5942858287266323,0.1694161251664872,0.5444238824829419,1137701600,43.93063647544128,1,1,1
2020-12-11,VTRS,14.708888053894045,17.34000015258789,17.75,17.079999923706055,17.5,15842700,0.0236447430106232,0.0230680285473108,0.5407144001552037,0.150419215484262,0.5076916711244195,1121858900,53.71026497319265,1,1,1
2020-12-14,VTRS,14.700404167175291,17.329999923706055,17.530000686645508,17.079999923706055,17.34000015258789,16694100,0.003462173468351,0.0242354343994783,0.5192858832223075,0.1269193461474207,0.4723294739256083,1105164800,61.29030521405746,1,1,1
2020-12-15,VTRS,15.039708137512209,17.729999542236328,17.8700008392334,17.200000762939453,17.399999618530273,13060700,0.0005640287163015,0.0225606107646758,0.5164288112095424,0.1098385860615455,0.4711501781805154,1118225500,65.09089723698202,1,1,1
2020-12-16,VTRS,15.149984359741213,17.860000610351562,18.270000457763672,17.559999465942383,17.6200008392334,17203500,0.0011197396266295,0.0492720677879796,0.5128574371337891,0.103103856082092,0.4752274512990446,1135429000,64.57564705501463,1,1,1
2020-12-17,VTRS,15.03122901916504,17.719999313354492,17.889999389648438,17.549999237060547,17.75,14485000,0.0028217351211461,0.0462754872430986,0.5035716465541294,0.0861289696434507,0.4618380039670846,1120944000,61.837441541189584,1,1,1
2020-12-18,VTRS,15.05667495727539,17.75,17.799999237060547,17.520000457763672,17.700000762939453,18226300,-0.0005633931764414,0.0197183313504072,0.4978572300502232,0.079758155394328,0.448477802240351,1139170300,67.68058134137851,0,0,0
2020-12-21,VTRS,14.751301765441896,17.389999389648438,17.549999237060547,17.25,17.399999618530273,14799800,0.0207015884408745,0.0632547682620685,0.5042858123779297,0.0787721820256718,0.4041815521729539,1124370500,56.785687281208766,1,1,1
2020-12-22,VTRS,15.048190116882324,17.739999771118164,17.84000015258789,17.270000457763672,17.43000030517578,11405800,0.0219841823382309,0.0439684721932971,0.5142857687813895,0.0737777617893341,0.3927907137226007,1135776300,60.06599538208582,1,1,1
2020-12-23,VTRS,15.166948318481444,17.8799991607666,18.040000915527344,17.65999984741211,17.75,6303400,0.0480984703980651,0.0234899382554523,0.5035716465541294,0.071588938891088,0.3905580626725076,1142079700,58.70303079224511,1,1,1
2020-12-24,VTRS,15.07363986968994,17.770000457763672,17.920000076293945,17.670000076293945,17.799999237060547,1946600,0.0433314821568988,0.0393921686864666,0.4892858777727399,0.0696848191069428,0.3755832051980121,1140133100,53.024908858028944,1,1,1
2020-12-28,VTRS,15.048190116882324,17.739999771118164,17.8799991607666,17.6200008392334,17.860000610351562,4933900,0.0202931575533424,0.0281848932610491,0.4735715048653738,0.0661699360444127,0.3571773993508564,1135199200,53.024908858028944,1,1,1
2020-12-29,VTRS,15.05667495727539,17.75,17.799999237060547,17.520000457763672,17.65999984741211,4811800,0.041690127950319,0.0366196968186072,0.4564285278320312,0.0549240236204484,0.3394842375369578,1140011000,48.23529323767181,1,1,1
2020-12-30,VTRS,15.379015922546388,18.1299991607666,18.18000030517578,17.579999923706055,17.610000610351562,10332300,0.0215113797600738,-0.045228887632753,0.4650000163487026,0.0523576904291777,0.3520666308489062,1150343300,61.68578763556961,1,1,1
2020-12-31,VTRS,15.89645290374756,18.739999771118164,18.86000061035156,18.030000686645508,18.21999931335449,14376000,-0.0234792176857835,-0.0901814596957585,0.4849999291556219,0.0691751570665364,0.4065734933196587,1164719300,67.21308502388874,0,0,0
2021-01-04,VTRS,15.726802825927734,18.540000915527344,18.770000457763672,18.209999084472656,18.65999984741211,12215600,-0.0037757065111161,-0.0593311934816827,0.477142878941127,0.0771633626363793,0.4286906592730339,1152503700,70.68965744036579,0,0,0
2021-01-05,VTRS,15.353569984436035,18.100000381469727,18.61000061035156,17.809999465942383,18.489999771118164,12217800,0.0077347727457379,-0.0226519247939825,0.5021429061889643,0.0779664753903492,0.4060338018555782,1140285900,61.56156207757692,1,1,1
2021-01-06,VTRS,15.6843900680542,18.489999771118164,18.68000030517578,18.100000381469727,18.170000076293945,8625100,-0.0048675042564613,-0.0638182974463293,0.4957143238612578,0.0835075605347445,0.414766599328324,1148911000,61.4457810560157,0,0,0
2021-01-07,VTRS,15.709837913513184,18.520000457763672,18.690000534057617,18.36000061035156,18.520000457763672,7195100,-0.0653348251573099,-0.0588552983610191,0.4685713904244556,0.0894593158606462,0.4192750669458895,1156106100,60.248440950404216,0,0,0
2021-01-08,VTRS,15.52322006225586,18.299999237060547,18.600000381469727,18.030000686645508,18.420000076293945,6893300,-0.0683060137766859,-0.0584699311165702,0.4849999291556219,0.0893516580694658,0.4004793237759756,1149212800,58.78787458435709,0,0,0
2021-01-11,VTRS,15.667424201965332,18.46999931335449,18.65999984741211,18.1200008392334,18.200000762939453,6845900,-0.0557660431829114,-0.0747157126188309,0.5035713740757531,0.092038842528864,0.3947507068796803,1156058700,60.46510467405686,0,0,0
2021-01-12,VTRS,15.472323417663574,18.239999771118164,18.670000076293945,18.200000762939453,18.450000762939453,7689400,-0.030153467322485,-0.07565784967562,0.5014284678867883,0.0869151127395992,0.3674163488836193,1148369300,62.8398869881347,0,0,0
2021-01-13,VTRS,15.60804557800293,18.39999961853028,18.709999084472656,18.200000762939453,18.270000457763672,9185900,-0.0592391399557518,-0.0657608211716533,0.4971426555088585,0.0813079234572699,0.3545769810291688,1157555200,60.57692425255757,0,0,0
2021-01-14,VTRS,14.683438301086426,17.309999465942383,18.36000061035156,16.75,18.34000015258789,44993200,0.006932457708592,-0.0184864069726762,0.5878568376813617,0.0878958833432301,0.2535253047996768,1112562000,42.99754622157488,1,1,1
2021-01-15,VTRS,14.462890625,17.049999237060547,17.200000762939453,16.729999542236328,17.110000610351562,19765000,0.0105572031220111,0.02346050110134,0.6114282608032227,0.1001354768311457,0.1507238273324382,1092797000,41.469182317165775,1,1,1
2021-01-19,VTRS,14.793710708618164,17.440000534057617,17.559999465942383,17.079999923706055,17.260000228881836,10847200,-0.0200688285981546,-0.0034404456108726,0.6292855398995536,0.103037169322085,0.0995749233526623,1103644200,46.72490046809149,0,0,0
2021-01-20,VTRS,15.005780220031738,17.690000534057617,17.709999084472656,17.309999465942383,17.450000762939453,9953100,-0.0469191576398259,0.022611622750388,0.6378570284162249,0.1034366973355181,0.0783092587149134,1113597300,49.37759910789931,0,0,0
2021-01-21,VTRS,14.683438301086426,17.309999465942383,17.6200008392334,16.799999237060547,17.360000610351562,13894600,-0.0069323475209149,0.0398613839021313,0.6585713795253209,0.1046629350203901,0.0304422367278256,1099702700,41.49378529284903,0,0,0
2021-01-22,VTRS,14.785231590270996,17.43000030517578,17.520000457763672,17.100000381469727,17.239999771118164,5726600,-0.0252438626709008,0.0269649630020332,0.6292856761387419,0.1075599697427056,0.0021653806172139,1105429300,34.87299844196622,0,0,0
2021-01-25,VTRS,14.615575790405272,17.229999542236328,17.399999618530273,17.1299991607666,17.260000228881836,9460100,0.0127684983486988,0.0446895228218753,0.6107142312186108,0.1135100982588685,-0.035968004896155,1095969200,34.87298308056225,1,1,1
2021-01-26,VTRS,14.496822357177734,17.09000015258789,17.360000610351562,17.079999923706055,17.200000762939453,5968700,0.0169689295254218,0.080748926181702,0.5735713413783488,0.1207576220532732,-0.0766027396732127,1090000500,37.46899378716191,1,1,1
2021-01-27,VTRS,14.301722526550291,16.860000610351562,17.170000076293945,16.610000610351562,17.0,14517700,0.0729537068629251,0.0907472552733776,0.5721427372523722,0.1311512228168805,-0.125913646475535,1075482800,28.940604643575117,1,1,1
2021-01-28,VTRS,14.581647872924805,17.190000534057617,17.450000762939453,16.84000015258789,16.899999618530273,9215200,0.0471203863163107,0.0610819781523706,0.5921427862984796,0.1352750951693243,-0.136787854227574,1084698000,34.0527735887806,1,1,1
2021-01-29,VTRS,14.411994934082031,16.989999771118164,17.579999923706055,16.899999618530273,17.25,8256100,0.0535609099276768,0.0735726908086786,0.5999999727521627,0.1406832558156818,-0.1597031735358527,1076441900,34.216886961421494,1,1,1
2021-02-01,VTRS,14.80219841003418,17.450000762939453,17.579999923706055,17.030000686645508,17.149999618530273,8954900,0.0315185795423369,0.0510028281224279,0.6035714830671041,0.132592109738884,-0.1391415562841089,1085396800,38.51354108807264,1,1,1
2021-02-02,VTRS,14.742815971374512,17.3799991607666,17.75,17.360000610351562,17.56999969482422,9194000,0.062715777055297,0.0655927130060221,0.5978572028023859,0.1265061970067693,-0.1270305417299049,1076202800,39.95327894129833,1,1,1
2021-02-03,VTRS,15.345085144042969,18.09000015258789,18.3799991607666,17.299999237060547,17.299999237060547,15935500,0.0165837056124973,0.0099502655421499,0.6385716029575895,0.1264187198718042,-0.0594559578543396,1092138300,46.79090081605168,1,1,1
2021-02-04,VTRS,15.268739700317385,18.0,18.280000686645508,17.709999084472656,18.11000061035156,7266600,0.0133333206176757,0.0116666158040363,0.5614288875034877,0.1203503943619667,-0.0130148463878541,1084871700,59.00782210597766,1,1,1
2021-02-05,VTRS,15.183913230895996,17.899999618530273,18.07999992370605,17.639999389648438,18.020000457763672,7864600,0.0189944223370774,-0.1340781938367065,0.5514289311000277,0.1122525503282497,0.0155417187337469,1077007100,61.58036235390234,1,1,1
2021-02-08,VTRS,15.268739700317385,18.0,18.040000915527344,17.719999313354492,17.989999771118164,7331800,0.0188888973659939,-0.1544444296095106,0.5378576006208144,0.1083601154359295,0.0457152207698108,1084338900,58.283999126458646,1,1,1
2021-02-09,VTRS,15.667424201965332,18.46999931335449,18.549999237060547,17.84000015258789,17.850000381469727,6575100,0.0027071546436403,-0.1716296286122544,0.560000419616699,0.1083601154359295,0.106327280458597,1090914000,60.833298012122206,1,1,1
2021-02-10,VTRS,15.599564552307127,18.38999938964844,18.670000076293945,18.209999084472656,18.530000686645508,7291000,-0.0065252276165008,-0.1816204083613853,0.5292861121041431,0.1109172431825141,0.1462218942158948,1083623000,66.36361061709582,0,0,0
2021-02-11,VTRS,15.472323417663574,18.239999771118164,18.440000534057617,18.06999969482422,18.21999931335449,5498100,-0.0016447745077832,-0.1858552320278137,0.5257147380283899,0.1081672181590394,0.1638462300778478,1078124900,62.16214048952938,0,0,0
2021-02-12,VTRS,15.472323417663574,18.239999771118164,18.39999961853028,18.030000686645508,18.100000381469727,4469300,-0.1502192875822714,-0.1929824313738777,0.530714579990932,0.1117274482625402,0.1757872769203707,1078124900,66.1341736221857,0,0,0
2021-02-16,VTRS,15.55714988708496,18.34000015258789,18.38999938964844,18.09000015258789,18.350000381469727,5009000,-0.170119948724146,-0.220828798093733,0.5321430478777207,0.1125211830469326,0.1911167625476224,1083133900,70.22651124778716,0,0,0
2021-02-17,VTRS,15.709837913513184,18.520000457763672,18.549999237060547,18.170000076293945,18.280000686645508,4683800,-0.1738661008336514,-0.2505399691487396,0.5192858832223077,0.1185212137086025,0.2153080732092327,1087817700,77.30258658659167,0,0,0
2021-02-18,VTRS,15.49777126312256,18.270000457763672,18.68000030517578,18.25,18.61000061035156,6811400,-0.1762452209277585,-0.256157645753482,0.5064287185668948,0.1210897943601531,0.211864706084178,1081006300,68.24321233073118,0,0,0
2021-02-19,VTRS,15.446877479553224,18.209999084472656,18.479999542236328,18.15999984741211,18.21999931335449,10868900,-0.1845139413470887,-0.2361339622870756,0.4807143892560689,0.120181330586553,0.2019660643865322,1070137400,71.63115194843411,0,0,0
2021-02-22,VTRS,13.148082733154297,15.5,16.799999237060547,15.489999771118164,16.549999237060547,39361600,-0.0503225634174961,-0.1077419404060608,0.6328571864536833,0.1655332999377207,-0.0242731523930537,1030775800,30.76923655696345,0,0,0
2021-02-23,VTRS,12.910569190979004,15.220000267028809,15.770000457763672,14.93000030517578,15.739999771118164,21414400,-0.0611038297542245,-0.0860709853241304,0.6650000980922158,0.2065526695365736,-0.2235856439258334,1009361400,29.545471375961924,0,0,0
2021-02-24,VTRS,12.978428840637209,15.300000190734863,15.470000267028809,14.9399995803833,15.329999923706056,15465600,-0.0928104613458663,-0.0810457356640468,0.6257144383021768,0.2365252030650136,-0.3708124095441896,1024827000,20.00000410182446,0,0,0
2021-02-25,VTRS,12.766364097595217,15.050000190734863,15.380000114440918,14.859999656677246,15.289999961853027,16272400,-0.0970099680826438,-0.0631229101146442,0.6221429279872354,0.2666027474993804,-0.5018782525837082,1008554600,19.334723992599763,0,0,0
2021-02-26,VTRS,12.596712112426758,14.850000381469728,15.0,14.5600004196167,14.93000030517578,15769600,-0.0632996976370842,-0.0329966809565822,0.625714302062989,0.2983301019915419,-0.6148001570992534,992785000,18.94094366756346,0,0,0
2021-03-01,VTRS,12.48643684387207,14.720000267028809,15.300000190734863,14.619999885559082,15.050000190734863,11907400,-0.0604619787484824,-0.0033967520263474,0.6514284951346268,0.3278107181110707,-0.7066358446141336,980877600,16.80161931596058,0,0,0
2021-03-02,VTRS,12.121685028076172,14.289999961853027,14.699999809265137,14.140000343322754,14.550000190734863,16236600,-0.0265920304727308,0.0167949455394569,0.6421428407941552,0.3624127318063659,-0.8048360703493422,964641000,7.346950373713781,0,0,0
2021-03-03,VTRS,11.773895263671877,13.880000114440918,14.239999771118164,13.529999732971191,14.170000076293944,24164100,0.0129683215916192,0.086455316957573,0.6635713577270514,0.4003359458975417,-0.9053081886494104,940476900,6.883376218282351,1,1,1
2021-03-04,VTRS,11.527898788452148,13.59000015258789,13.800000190734863,13.3100004196167,13.670000076293944,18720700,0.0375276102395569,0.0735835164659342,0.6778569902692528,0.43424185055755,-0.9968426579081148,921756200,6.703920932775034,1,1,1
2021-03-05,VTRS,11.799344062805176,13.90999984741211,13.989999771118164,13.359999656677246,13.6899995803833,13295300,0.0323508133861596,0.0625449241626656,0.6964285033089778,0.455636896651485,-1.0316706264535096,935051500,11.950795102840942,1,1,1
2021-03-08,VTRS,11.731480598449709,13.829999923706056,14.050000190734863,13.68000030517578,13.760000228881836,11899600,0.0607375384831376,0.0694143198440249,0.7014285496303015,0.4739566853098709,-1.0535823264761284,923151900,10.229275412729052,1,1,1
2021-03-09,VTRS,11.799344062805176,13.90999984741211,14.220000267028809,13.710000038146973,13.93000030517578,10908800,0.0445722424414283,0.0186916054445684,0.7107143402099612,0.4848467633411062,-1.0523612163238365,934060700,8.617586508709408,1,1,1
2021-03-10,VTRS,11.926583290100098,14.0600004196167,14.229999542236328,13.829999923706056,14.050000190734863,8696600,0.0725461930048196,-0.00355620122636,0.7085714340209962,0.4817898360906901,-1.0274459280648518,942757300,11.517368988779223,1,1,1
2021-03-11,VTRS,11.960515975952148,14.100000381469728,14.220000267028809,13.920000076293944,14.130000114440918,8355300,0.0347517558766963,-0.0056737533008291,0.7071428980146138,0.4726795578708898,-0.9930257374227835,951112600,12.293581962987645,1,1,1
2021-03-12,VTRS,12.181060791015623,14.359999656677246,14.390000343322754,13.989999771118164,14.06999969482422,7784400,0.0292479168757255,0.0,0.5414287022181922,0.4563822454566556,-0.934001136049366,958897000,30.999988238013003,1,1,1
2021-03-15,VTRS,12.444022178649902,14.670000076293944,14.6899995803833,14.229999542236328,14.270000457763672,9913700,0.0081799512566465,-0.0238582399215735,0.5142858369009836,0.4303476293504797,-0.8523835244506355,968810700,40.92408846195606,1,1,1
2021-03-16,VTRS,12.325265884399414,14.529999732971191,14.729999542236328,14.4399995803833,14.670000076293944,10558600,-0.0247763016719362,-0.0261527956933564,0.4971429279872351,0.3935046339666943,-0.7898924484551451,958252100,37.54044628252211,0,0,0
2021-03-17,VTRS,12.791812896728516,15.079999923706056,15.100000381469728,14.420000076293944,14.43000030517578,10784500,-0.0709548872836637,-0.0736074046613426,0.5085714885166717,0.3353212782084008,-0.6880559212951542,969036600,50.44247389281661,0,0,0
2021-03-18,VTRS,12.376163482666016,14.59000015258789,15.029999732971191,14.5,14.970000267028809,9875100,-0.0390678333696327,-0.0472927023194876,0.5150000708443783,0.2646879171633666,-0.6395166761017972,959161500,46.467388487493366,0,0,0
2021-03-19,VTRS,12.537331581115724,14.779999732971191,14.880000114440918,14.529999732971191,14.65999984741211,11373700,-0.0284167851070396,-0.04939103893269,0.4914286477225172,0.1491710476964644,-0.5790427519328123,970535200,50.8021319467146,0,0,0
2021-03-22,VTRS,12.545815467834473,14.789999961853027,14.9399995803833,14.630000114440918,14.90999984741211,7739000,-0.0317782466694422,-0.0649087248561894,0.4721429007393978,0.1372147324126449,-0.5242663799587586,978274200,57.53012117409959,0,0,0
2021-03-23,VTRS,12.019893646240234,14.170000076293944,14.75,14.119999885559082,14.75,8881200,-0.0014114649016221,-0.0550458524185973,0.4657143184116913,0.1303092999000973,-0.5248345536993693,969393000,54.1076484956124,0,0,0
2021-03-24,VTRS,11.884170532226562,14.010000228881836,14.220000267028809,13.9399995803833,14.149999618530272,9597100,-0.0028551007280189,-0.0513918811753133,0.4450001035417834,0.1203657716888509,-0.5320622041022443,959795900,56.17647240318663,0,0,0
2021-03-25,VTRS,11.892651557922363,14.020000457763672,14.149999618530272,13.920000076293944,14.149999618530272,10229300,-0.0085592607214893,-0.0442225976454994,0.4164286340985984,0.1138598014200825,-0.5308637671668883,970025200,51.779945063423966,0,0,0
2021-03-26,VTRS,12.181060791015623,14.359999656677246,14.4399995803833,14.020000457763672,14.06999969482422,6336200,-0.0215877070580733,-0.0766016332934884,0.4200000081743517,0.1087022296793081,-0.4967526480914745,976361400,57.91044512685149,0,0,0
2021-03-29,VTRS,12.147130012512209,14.31999969482422,14.420000076293944,14.170000076293944,14.270000457763672,6174200,-0.0342178618408258,-0.0942737050674206,0.4014285632542205,0.1052171443698689,-0.4675572936577996,970187200,56.19335216864425,0,0,0
2021-03-30,VTRS,12.00292682647705,14.149999618530272,14.31999969482422,13.949999809265137,14.289999961853027,11407800,-0.0537101975757124,-0.0664310675423844,0.3992857251848499,0.1054727963464274,-0.452916411869591,958779400,51.3513397409957,0,0,0
2021-03-31,VTRS,11.850239753723145,13.970000267028809,14.279999732971191,13.890000343322754,14.100000381469728,13875800,-0.0486757546297746,-0.04939159061336,0.4057142393929623,0.104316128207242,-0.4506431175755896,944903600,48.12679861824341,0,0,0
2021-04-01,VTRS,11.790860176086426,13.899999618530272,14.079999923706056,13.859999656677246,13.960000038146973,7053700,-0.0359712240087721,-0.0359712240087721,0.3928570747375494,0.0979077553741782,-0.4493106097602215,937849900,42.98780372566856,0,0,0
2021-04-05,VTRS,11.918099403381348,14.050000190734863,14.15999984741211,13.859999656677246,13.920000076293944,7957600,-0.0562277545287142,-0.0569395145818159,0.3814285142081131,0.0961675809779639,-0.4311804157146479,945807500,40.06410403364519,0,0,0
2021-04-06,VTRS,11.731480598449709,13.829999923706056,14.100000381469728,13.789999961853027,13.949999809265137,7906700,-0.0621836342314882,-0.052060757122251,0.3828571183340897,0.0961675809779639,-0.4296119896503061,937900800,39.06250232830661,0,0,0
2021-04-07,VTRS,11.35824489593506,13.390000343322754,13.880000114440918,13.359999656677246,13.869999885559082,17606400,-0.0134428902584414,-0.0067214451292206,0.3714285578046531,0.1087101786829601,-0.4585869843068231,920294400,22.65372138320467,0,0,0
2021-04-08,VTRS,11.273419380187988,13.289999961853027,13.489999771118164,13.109999656677246,13.40999984741211,12121100,-0.0007524626719743,0.005267095186241,0.3571428571428575,0.1237278881894736,-0.4840393668551623,908173300,25.92592069314469,0,0,0
2021-04-09,VTRS,11.366728782653809,13.399999618530272,13.40999984741211,13.210000038146973,13.300000190734863,9011400,0.0,-0.0029850718650552,0.3464285305568154,0.133762943144827,-0.4896896726853885,917184700,23.66411880307315,0,0,0
2021-04-12,VTRS,11.24797248840332,13.260000228881836,13.4399995803833,13.199999809265137,13.43000030517578,7928700,-0.0007541650610272,0.0218702833218187,0.3414285523550854,0.1451846829957658,-0.4997040838612481,909256000,22.181813389800112,0,0,0
2021-04-13,VTRS,11.001976013183594,12.970000267028809,13.300000190734863,12.9399995803833,13.239999771118164,11636100,0.0107940930428762,0.0239012690485778,0.319285733359201,0.1581027902197609,-0.5249893991598285,897619900,25.206606522110107,1,1,1
2021-04-14,VTRS,11.205559730529783,13.210000038146973,13.359999656677246,13.010000228881836,13.020000457763672,8852900,0.006813031970325,0.0189250567205196,0.3271427835736959,0.1635440607747086,-0.5196717653112852,906472800,33.999990081783324,1,1,1
2021-04-15,VTRS,11.264935493469238,13.279999732971191,13.43000030517578,13.149999618530272,13.220000267028809,7554500,0.0060240907616462,0.0060240907616462,0.3307142938886374,0.1529406476637358,-0.5039993213663525,914027300,35.54685244451828,1,1,1
2021-04-16,VTRS,11.366728782653809,13.399999618530272,13.470000267028809,13.130000114440918,13.390000343322754,7869100,-0.0029850718650552,-0.0074626440777747,0.3250000817435132,0.1490665606740409,-0.4764041186142815,921896400,29.487171649616627,0,0,0
2021-04-19,VTRS,11.23948860168457,13.25,13.529999732971191,13.220000267028809,13.399999618530272,8939800,0.0226415238290462,0.0188679245283018,0.3292857578822548,0.1398075824406498,-0.4613206202882711,912956600,28.163261334132542,1,1,1
2021-04-20,VTRS,11.12073040008545,13.109999656677246,13.210000038146973,12.970000267028809,13.15999984741211,8633800,0.0129672067693273,0.0221205163575517,0.3228571755545482,0.1277458520048909,-0.4554139681293865,904322800,28.51238969195913,1,1,1
2021-04-21,VTRS,11.281903266906738,13.300000190734863,13.3100004196167,12.989999771118164,13.050000190734863,7782000,0.0120300635426735,0.0255639208805984,0.3178572654724124,0.1255000219928249,-0.4304396086711985,912104800,36.21399193105287,1,1,1
2021-04-22,VTRS,11.332798957824709,13.359999656677246,13.600000381469728,13.289999961853027,13.3100004196167,7805500,0.0,0.042664720295382,0.3242858478001188,0.1240480444019932,-0.4011812259587408,919910300,38.84297194974845,0,0,0
2021-04-23,VTRS,11.332798957824709,13.359999656677246,13.460000038146973,13.220000267028809,13.380000114440918,4862600,-0.0044909781051075,0.0538922369409611,0.3200001035417831,0.121652759891522,-0.3736861258169703,919910300,34.80174064579333,0,0,0
2021-04-26,VTRS,11.493969917297363,13.550000190734863,13.68000030517578,13.390000343322754,13.399999618530272,5775400,-0.0036900509248001,0.1099630811914664,0.3207144056047712,0.109218938275388,-0.3327291115837294,925685700,43.750002660923,0,0,0
2021-04-27,VTRS,11.264935493469238,13.279999732971191,13.59000015258789,13.1899995803833,13.520000457763672,17598900,0.0090361361424691,0.1400602897403384,0.3121429852076939,0.0958641402956925,-0.3183869960763399,908086800,47.34298003457184,1,1,1
2021-04-28,VTRS,11.417624473571776,13.460000038146973,13.520000457763672,13.279999732971191,13.329999923706056,6341300,0.0133729795442527,0.1679049199462683,0.3021430288042341,0.08398745893337,-0.2891629553533796,914428100,53.95349084782994,1,1,1
2021-04-29,VTRS,11.332798957824709,13.359999656677246,13.65999984741211,13.229999542236328,13.550000190734863,7950900,0.042664720295382,0.1923653229447548,0.3185716356549944,0.0757056046624169,-0.2709485612249604,906477200,49.06542160196764,1,1,1
2021-04-30,VTRS,11.281903266906738,13.300000190734863,13.520000457763672,13.260000228881836,13.399999618530272,6979700,0.0586465956229504,0.2030075015447014,0.320000239780971,0.0678617608587096,-0.258376573806645,899497500,50.97087266274612,1,1,1
2021-05-03,VTRS,11.451557159423828,13.5,13.550000190734863,13.1899995803833,13.260000228881836,6551900,0.1140740712483723,0.1962962680392794,0.320000239780971,0.0505656073034921,-0.2296278629955708,906049400,63.45176804901017,1,1,1
2021-05-04,VTRS,11.366728782653809,13.399999618530272,13.640000343322754,13.260000228881836,13.489999771118164,10607900,0.1298508040542263,0.1977611711918041,0.3192860058375767,0.0383269228985131,-0.2124643409332485,895441500,55.19124287675976,1,1,1
2021-05-05,VTRS,11.570313453674316,13.640000343322754,13.699999809265137,13.300000190734863,13.399999618530272,12021800,0.1524926591900186,0.1363636077610348,0.32785735811506,0.0434450398801633,-0.1774505340242402,907463300,59.00000667571385,1,1,1
2021-05-06,VTRS,11.816308975219728,13.93000030517578,13.9399995803833,13.4399995803833,13.619999885559082,12012000,0.1435750148014631,0.1191672513313102,0.3392859186444963,0.0580408064407411,-0.1248619358249296,919475300,62.21198622491224,1,1,1
2021-05-07,VTRS,11.943548202514648,14.079999923706056,14.100000381469728,13.779999732971191,13.81999969482422,12729300,0.1363636425211409,0.0873579902397392,0.3400002888270788,0.0742618080173745,-0.0702713330700621,932204600,69.12440472318859,1,1,1
2021-05-10,VTRS,12.75788116455078,15.039999961853027,15.479999542236328,14.800000190734863,14.979999542236328,30043800,0.0738031688492428,0.0212765755077031,0.4200002806527274,0.1283940819646417,0.0498810947304608,962248400,82.27423447744414,1,1,1
2021-05-11,VTRS,12.842708587646484,15.140000343322754,15.5,14.850000381469728,14.9399995803833,11072400,0.060105605885216,-0.0105680843763646,0.4435716356549943,0.160726251485155,0.151426405121839,973320800,81.72412386973207,1,1,1
2021-05-12,VTRS,13.334699630737305,15.720000267028809,15.859999656677246,15.170000076293944,15.199999809265137,20028300,-0.0139949276903155,-0.0356234357572656,0.4728572709219794,0.2062138462073091,0.2755268398822714,993349100,84.50291288775757,0,0,0
2021-05-13,VTRS,13.512835502624512,15.93000030517578,16.049999237060547,15.550000190734863,15.5600004196167,10777000,-0.0213433864453486,-0.0495919615014914,0.4914286477225165,0.2444004182799456,0.386368758023881,1004126100,85.39943825198685,0,0,0
2021-05-14,VTRS,13.572216033935549,16.0,16.100000381469727,15.75,16.030000686645508,9219600,-0.0431249737739563,-0.0475000143051147,0.4935714857918874,0.2742354592036063,0.4743916751518728,1013345700,84.90027042499351,0,0,0
2021-05-17,VTRS,13.699454307556152,16.149999618530273,16.290000915527344,15.949999809265137,15.979999542236328,14821600,-0.0489164074621149,-0.055108322642142,0.4892858096531458,0.297638214612691,0.5499151077115254,1028167300,92.33037750589148,0,0,0
2021-05-18,VTRS,13.614625930786133,16.049999237060547,16.149999618530273,15.800000190734863,16.100000381469727,8309300,-0.0666666508216097,-0.0367600764460614,0.4971428598676408,0.3089503343714853,0.5948418109648177,1019858000,89.12385000865794,0,0,0
2021-05-19,VTRS,13.148082733154297,15.5,15.949999809265137,15.449999809265137,15.949999809265137,11168000,-0.0219354937153477,-0.0058064614572832,0.5092856543404715,0.3084545032871141,0.5793873879252196,1008690000,78.45745685954478,0,0,0
2021-05-20,VTRS,13.224427223205566,15.59000015258789,15.710000038146973,15.369999885559082,15.539999961853027,11514200,-0.0288646443143516,-0.0128287240094694,0.5149999346051896,0.306961453295118,0.5678560158023416,1020204200,80.21108159501651,0,0,0
2021-05-21,VTRS,13.079197883605955,15.3100004196167,15.649999618530272,15.289999961853027,15.5,10763900,-0.0045722172815124,0.0052253377866371,0.5149998664855955,0.299758659005284,0.5300140103317066,1009440300,73.38501903282634,0,0,0
2021-05-24,VTRS,13.12191104888916,15.359999656677246,15.539999961853027,15.289999961853027,15.369999885559082,9096700,-0.006510379559282,0.0084635493064222,0.5057141440255298,0.2936734274444012,0.4983142128728559,1018537000,75.65445921530554,0,0,0
2021-05-25,VTRS,12.797281265258787,14.979999542236328,15.34000015258789,14.93000030517578,15.31999969482422,7633700,0.0320427577155311,0.0313751856736468,0.5078569820949008,0.2788936740631385,0.4374859953314853,1010903300,66.9191897906708,1,1,1
2021-05-26,VTRS,12.951053619384766,15.15999984741211,15.18000030517578,14.869999885559082,15.010000228881836,5402900,0.0164907653374861,0.0415567361993385,0.4942855834960935,0.2658522220180424,0.3992019632509116,1016306200,65.97402636006399,1,1,1
2021-05-27,VTRS,12.933968544006348,15.140000343322754,15.270000457763672,15.079999923706056,15.170000076293944,10649200,0.0165125491632012,0.0389695631132389,0.4849998610360276,0.2480563077840445,0.3630626390638358,1005657000,64.24732375026949,1,1,1
2021-05-28,VTRS,13.019394874572754,15.239999771118164,15.329999923706056,15.109999656677246,15.199999809265137,4537300,0.0098425573790927,0.0255905740931738,0.4007141930716376,0.225395502908883,0.3385880500911042,1010194300,53.49650291354401,1,1,1
2021-06-01,VTRS,13.03648281097412,15.260000228881836,15.380000114440918,15.15999984741211,15.260000228881836,5468000,0.0150720536557411,0.0026212294399132,0.3699999536786759,0.2037596054019295,0.3171497271552557,1015662300,52.15827301109865,1,1,1
2021-06-02,VTRS,13.207342147827148,15.460000038146973,15.5600004196167,15.119999885559082,15.260000228881836,6202300,-0.0006468453335809,-0.0155239178865441,0.3500000408717563,0.1739862119906169,0.3126934791308802,1021864600,44.5833233992164,0,0,0
2021-06-03,VTRS,13.164627075195312,15.40999984741211,15.539999961853027,15.369999885559082,15.4399995803833,5189900,0.0246593198055569,-0.0480207513592181,0.3264286858694892,0.1443486239572938,0.3016500390630643,1016674700,38.39283585546375,1,1,1
2021-06-04,VTRS,13.147541999816896,15.390000343322754,15.479999542236328,15.270000457763672,15.43000030517578,5124800,0.0220922151610665,-0.0734243072925719,0.3164285932268414,0.1172616693480567,0.2879647618852772,1011549900,36.07305240119336,1,1,1
2021-06-07,VTRS,13.147541999816896,15.390000343322754,15.460000038146973,15.270000457763672,15.390000343322754,5966900,0.0155945266903319,-0.0675763442919121,0.3057141985212052,0.0869218366667546,0.2739610289182348,1011549900,31.372549019607845,1,1,1
2021-06-08,VTRS,13.232969284057615,15.489999771118164,15.56999969482422,15.229999542236328,15.420000076293944,5362800,-0.0122659511420758,-0.0819883487963201,0.3049999645778111,0.0831326385141517,0.2678445425839371,1016912700,36.27450338741858,0,0,0
2021-06-09,VTRS,13.198797225952148,15.449999809265137,15.5600004196167,15.399999618530272,15.479999542236328,4976900,-0.0148867019466498,-0.0828478801794934,0.2735714912414552,0.0805729908772133,0.2568091840535889,1011935800,48.366004516558114,0,0,0
2021-06-10,VTRS,13.489255905151367,15.789999961853027,15.920000076293944,15.40999984741211,15.460000038146973,7259900,-0.0709309618913797,-0.0905636674243515,0.2857143538338797,0.0812869218425298,0.2723591667897729,1019195700,55.6179790330695,0,0,0
2021-06-11,VTRS,13.43799877166748,15.729999542236328,15.789999961853027,15.630000114440918,15.760000228881836,4135400,-0.0934519616105152,-0.0737444298264227,0.2714286531720843,0.0785671298241477,0.2766520352684747,1015060300,63.46152317828164,0,0,0
2021-06-14,VTRS,13.352571487426758,15.630000114440918,15.789999961853027,15.5600004196167,15.729999542236328,4292100,-0.0818937763019316,-0.0799744076038166,0.2700000490461078,0.0732621861897907,0.2688855016852756,1010768200,58.385114138914325,0,0,0
2021-06-15,VTRS,13.070652961730955,15.300000190734863,15.68000030517578,15.119999885559082,15.609999656677246,6926700,-0.070588229427609,-0.0509803740684612,0.2792858396257672,0.0619846527245071,0.2334116082212016,1003841500,60.25644082292391,0,0,0
2021-06-16,VTRS,13.002311706542969,15.220000267028809,15.479999542236328,15.109999656677246,15.4399995803833,5857900,-0.0689881847774659,-0.0611038297542245,0.2835715157645089,0.0510441691218664,0.1965769501036085,997983600,52.0548115217069,0,0,0
2021-06-17,VTRS,12.532448768615724,14.670000076293944,15.18000030517578,14.600000381469728,15.130000114440918,12277900,-0.0211315895026915,0.0054533008377644,0.3142857551574707,0.0649769189684508,0.1216030352223302,985705700,38.19094104707748,0,0,0
2021-06-18,VTRS,12.182191848754885,14.260000228881836,14.640000343322754,14.199999809265137,14.640000343322754,12943900,0.0217390926344109,0.0315567883620169,0.3321428980146133,0.0884011318703809,0.0287704584109942,972761800,28.695655058373177,1,1,1
2021-06-21,VTRS,12.259076118469238,14.350000381469728,14.380000114440918,14.109999656677246,14.239999771118164,6775300,0.0020905736706411,-0.0111498813124101,0.3357143402099606,0.1034254508464664,-0.0371099865585247,979537100,30.80168233053969,1,1,1
2021-06-22,VTRS,12.148018836975098,14.220000267028809,14.399999618530272,14.109999656677246,14.399999618530272,6502500,0.021097059430474,-0.0133615000344382,0.3250000136239184,0.1186066359339453,-0.0986731934665865,973034600,23.043474294736924,1,1,1
2021-06-23,VTRS,12.105305671691896,14.170000076293944,14.31999969482422,14.109999656677246,14.279999732971191,4820800,0.0084685875026804,-0.027522959860474,0.3278571537562776,0.1320364724471477,-0.1497706135988554,968213800,23.04347429473691,1,1,1
2021-06-24,VTRS,12.267619132995604,14.359999656677246,14.420000076293944,14.130000114440918,14.25,5848400,0.0271587989308486,-0.0034818411041742,0.3335715021405897,0.1397439928497132,-0.1729407555682165,974062200,29.149777874904203,1,1,1
2021-06-25,VTRS,12.447019577026367,14.56999969482422,14.630000114440918,14.34000015258789,14.390000343322754,7602100,0.0096088089399539,-0.0267672888000802,0.3407143865312845,0.1432311158848642,-0.1723710260844182,981664300,34.70147673656848,1,1,1
2021-06-28,VTRS,12.284706115722656,14.380000114440918,14.600000381469728,14.300000190734863,14.5600004196167,4641700,-0.0132128325831383,-0.0319888758335283,0.3378572463989254,0.1485741056181004,-0.1851169763361273,977022600,29.96390152708426,0,0,0
2021-06-29,VTRS,12.40430736541748,14.520000457763672,14.5600004196167,14.3100004196167,14.380000114440918,5006400,-0.0337466053267568,-0.0309917871041691,0.3442857606070377,0.1509881302273565,-0.1818254059681461,982029000,33.79792005949339,0,0,0
2021-06-30,VTRS,12.207820892333984,14.289999961853027,14.539999961853027,14.270000457763672,14.520000457763672,6822000,-0.0356893093242319,-0.0286913819808676,0.3271428516932892,0.1538824940062884,-0.1955220738041312,975207000,22.826089210005392,0,0,0
2021-07-01,VTRS,12.600793838500977,14.75,14.770000457763672,14.380000114440918,14.380000114440918,6228800,-0.0298304800259865,-0.0671186285503839,0.350000040871756,0.1516249920080888,-0.16732974984847,981435800,34.49367738041352,0,0,0
2021-07-02,VTRS,12.566622734069824,14.710000038146973,14.81999969482422,14.449999809265137,14.8100004196167,5730100,-0.0360298933784338,-0.0754588479808782,0.36000006539481,0.1491832963987406,-0.1465257351609619,975705700,35.16129091800684,0,0,0
2021-07-06,VTRS,12.122390747070312,14.1899995803833,14.75,14.170000076293944,14.710000038146973,7876900,-0.0190274497585336,-0.0211415959078162,0.3614286014011928,0.151025998347786,-0.1700380025047625,967828800,33.13069450660562,0,0,0
2021-07-07,VTRS,11.98570442199707,14.029999732971191,14.220000267028809,13.920000076293944,14.210000038146973,7370500,0.0028510308349491,0.0021383241066643,0.356428623199463,0.151987172797034,-0.1992850601602196,960458300,32.344210122981565,1,1,1
2021-07-08,VTRS,11.77213191986084,13.779999732971191,14.0,13.75,13.920000076293944,6935300,0.0072569218728253,0.0050798729938323,0.3321428980146138,0.1557898171033817,-0.2398713866975708,953523000,35.50488346381901,1,1,1
2021-07-09,VTRS,12.224905967712402,14.3100004196167,14.43000030517578,13.920000076293944,13.949999809265137,7715000,-0.0384346732779198,-0.0272536919557407,0.3450000626700267,0.1399988177123469,-0.2266569565690996,961238000,50.78370168363798,0,0,0
2021-07-12,VTRS,12.113847732543944,14.18000030517578,14.270000457763672,14.050000190734863,14.1899995803833,4981200,-0.0409026735700667,-0.0239774432489812,0.3442857606070384,0.1217838490269358,-0.2240911648105239,956256800,47.36842105263153,0,0,0
2021-07-13,VTRS,11.89173412322998,13.920000076293944,14.25,13.829999923706056,14.210000038146973,8955700,-0.0021551532188767,-0.0007184072433207,0.353571483067104,0.1036728585142504,-0.2402679426334319,947301100,45.5357135254513,0,0,0
2021-07-14,VTRS,12.019877433776855,14.06999969482422,14.15999984741211,13.890000343322754,13.93000030517578,5894400,-0.0007106805561054,0.0113717022659898,0.3578571592058455,0.0889256530589468,-0.2382381785648224,953195500,48.554908196470144,0,0,0
2021-07-15,VTRS,11.85756015777588,13.880000114440918,14.18000030517578,13.829999923706056,14.029999732971191,4839500,-0.0021613640290951,0.0295388936622227,0.3621429034641811,0.0741688170191228,-0.2490896042560084,948356000,43.06359241845676,0,0,0
2021-07-16,VTRS,11.755044937133787,13.760000228881836,13.90999984741211,13.739999771118164,13.869999885559082,4793800,0.0116278956940911,0.0225290305803704,0.3535714830671038,0.0764421850912094,-0.2643254459759685,943562200,37.98220676220011,1,1,1
2021-07-19,VTRS,11.618359565734863,13.600000381469728,13.68000030517578,13.239999771118164,13.600000381469728,8495500,0.0176470414989964,0.0463234664040881,0.3692857878548757,0.0859130858870219,-0.286013623801109,935066700,38.32336115834277,1,1,1
2021-07-20,VTRS,11.866103172302246,13.890000343322754,13.970000267028809,13.600000381469728,13.619999885559082,9471600,0.0014398490709159,0.0215982166771337,0.3778572082519528,0.0875392208898797,-0.2766124713077307,944538300,40.97421226927714,1,1,1
2021-07-21,VTRS,12.011333465576172,14.0600004196167,14.119999885559082,13.899999618530272,13.960000038146973,4750100,0.0120909756433893,-0.0213371395292634,0.3750000681195938,0.0878429681710189,-0.2525333574697246,949288400,46.64723729194332,1,1,1
2021-07-22,VTRS,11.831931114196776,13.850000381469728,13.979999542236328,13.770000457763672,13.960000038146973,4225600,0.0317689218963477,0.0057761676175176,0.3614286014011925,0.0901377212951614,-0.2475422216656913,945062800,35.84906395975139,1,1,1
2021-07-23,VTRS,11.89173412322998,13.920000076293944,13.989999771118164,13.800000190734863,13.989999771118164,3575700,0.0107758346054702,0.0237068909409026,0.3485714367457794,0.0903560856495885,-0.2352267724125578,948638500,37.69470479026738,1,1,1
2021-07-26,VTRS,11.82338809967041,13.84000015258789,14.0600004196167,13.779999732971191,13.869999885559082,3965000,0.0281791463402196,0.0910404779617171,0.3271429198128831,0.0876132373325013,-0.2292790294766824,944673500,43.68231966686806,1,1,1
2021-07-27,VTRS,11.883190155029297,13.90999984741211,13.949999809265137,13.699999809265137,13.8100004196167,5219300,0.0201293843308909,0.0862688585498721,0.3235714776175356,0.086446317728421,-0.2164222292477635,949892800,47.76119562320319,1,1,1
2021-07-28,VTRS,12.156560897827148,14.229999542236328,14.380000114440918,13.829999923706056,13.869999885559082,6726900,-0.0330287651773619,0.0414617126892169,0.3428572246006549,0.0822336010440533,-0.1783558462420025,956619700,58.1818175512895,0,0,0
2021-07-29,VTRS,12.207820892333984,14.289999961853027,14.68000030517578,14.260000228881836,14.640000343322754,5356700,-0.0251924183091856,0.0461861336020972,0.3285715239388594,0.0822336010440533,-0.1417128534761325,961976400,49.56139323526656,0,0,0
2021-07-30,VTRS,12.019877433776855,14.06999969482422,14.43000030517578,13.979999542236328,14.329999923706056,6902900,0.0127931989395844,0.0625444302436362,0.3421429906572605,0.0689694362379705,-0.1289388735681225,955073500,47.679310972007904,1,1,1
2021-08-02,VTRS,12.156560897827148,14.229999542236328,14.369999885559082,14.079999923706056,14.130000114440918,5854700,0.0611385008587761,0.0477863898138197,0.3335715702601832,0.0545946843867405,-0.1046978601877395,960928200,56.82818642958398,1,1,1
2021-08-03,VTRS,12.122390747070312,14.1899995803833,14.31999969482422,13.890000343322754,14.239999771118164,4935700,0.0648343977096224,0.0408739178669308,0.3450001307896198,0.0545946843867405,-0.087703355377279,955992500,52.7777765513441,1,1,1
2021-08-04,VTRS,11.755044937133787,13.760000228881836,14.18000030517578,13.68000030517578,14.010000228881836,10168600,0.0770348436272172,0.0748546305115063,0.3564286231994625,0.0566073622723884,-0.1076910465386902,945823900,47.50000099341128,1,1,1
2021-08-05,VTRS,11.900276184082031,13.93000030517578,13.9399995803833,13.729999542236328,13.779999732971191,8143300,0.0732232219485573,0.0574299511510638,0.3592857633318216,0.0550872389878537,-0.1085624104902649,953967200,53.46939093269391,1,1,1
2021-08-06,VTRS,12.173646926879885,14.25,14.260000228881836,13.899999618530272,14.0600004196167,9498000,0.0491227936326412,0.0308771635356701,0.3478572028023853,0.0538067100357162,-0.0824808833952346,963465200,62.45210615971608,1,1,1
2021-08-09,VTRS,12.89979648590088,15.100000381469728,15.170000076293944,14.43000030517578,14.670000076293944,15511800,-0.0125828165071294,-0.0225165658277155,0.3871429307120184,0.0868837654680396,0.0066996128038177,978977000,69.08517938558697,0,0,0
2021-08-10,VTRS,12.90833854675293,15.109999656677246,15.25,14.770000457763672,15.050000190734863,8887400,-0.0225016020277224,-0.0297815896419479,0.4050000735691613,0.1085132079994801,0.0772916860497847,987864400,67.44185751780938,0,0,0
2021-08-11,VTRS,12.66059398651123,14.81999969482422,15.15999984741211,14.75,15.15999984741211,7793200,-0.0020242735215217,-0.0202428639162065,0.4135714939662386,0.1170057751870598,0.1085841489174672,980071200,65.69579068287446,0,0,0
2021-08-12,VTRS,12.771651268005373,14.949999809265137,15.06999969482422,14.739999771118164,14.869999885559082,5582300,-0.0147157371127499,-0.044147147547325,0.4235715184892926,0.1254805866752922,0.1422339890806832,985653500,66.34920904035201,0,0,0
2021-08-13,VTRS,12.771651268005373,14.949999809265137,15.050000190734863,14.850000381469728,14.970000267028809,3650700,-0.0173913198795295,-0.0387959820137659,0.4178571701049802,0.1300057960632851,0.1669769238059313,985653500,68.07817771712645,0,0,0
2021-08-16,VTRS,12.73748016357422,14.90999984741211,15.0,14.760000228881836,14.920000076293944,3988900,-0.010060336691171,-0.0335345409199842,0.4171428680419919,0.1284088446217099,0.1812686629009015,981664600,66.44737378712355,0,0,0
2021-08-17,VTRS,12.617879867553713,14.770000457763672,14.869999885559082,14.449999809265137,14.829999923706056,5207800,-0.0074475698674567,-0.0094786959366114,0.4107142857142856,0.1278818518247198,0.1792321121583278,976456800,59.440579727542485,0,0,0
2021-08-18,VTRS,12.634964942932127,14.789999961853027,15.0600004196167,14.710000038146973,14.729999542236328,7691500,-0.0182555446102602,-0.0135226375781598,0.403571401323591,0.128652295748065,0.1771893948126326,984148300,58.86525518247999,0,0,0
2021-08-19,VTRS,12.583706855773926,14.729999542236328,14.859999656677246,14.619999885559082,14.649999618530272,6676400,-0.0298709839821555,0.0271555047274536,0.3885713304792133,0.1249117441570139,0.1687833646172372,977471900,62.40602177677549,0,0,0
2021-08-20,VTRS,12.549535751342772,14.6899995803833,14.859999656677246,14.59000015258789,14.609999656677246,7276900,-0.0217835060561566,0.0136147562050668,0.3864284242902486,0.1209458600057125,0.157083106229523,970195000,59.05512579687249,0,0,0
2021-08-23,VTRS,12.7044677734375,14.760000228881836,14.890000343322754,14.5600004196167,14.630000114440918,7145200,-0.0237127626044922,-0.0067750934904492,0.3792856080191477,0.114657579152291,0.1517102135697481,977340200,61.08951221204682,0,0,0
2021-08-24,VTRS,12.618395805358888,14.65999984741211,14.859999656677246,14.630000114440918,14.770000457763672,6507600,-0.0020463665268377,-0.0075033873002845,0.3592856270926339,0.1078468463347608,0.137794552553025,970832600,70.08927925204681,0,0,0
2021-08-25,VTRS,12.497892379760742,14.520000457763672,14.579999923706056,14.399999618530272,14.579999923706056,5767500,0.0048209154695164,-0.015840254039914,0.3628570692879814,0.1057777047992468,0.1141536183650853,965065100,63.34842527160316,1,1,1
2021-08-26,VTRS,12.29992389678955,14.289999961853027,14.529999732971191,14.15999984741211,14.520000457763672,5222900,0.0587823761252805,-0.0342896971606866,0.3635713032313755,0.1057777047992468,0.0759830050869023,959842200,50.94339537764831,1,1,1
2021-08-27,VTRS,12.368780136108398,14.369999885559082,14.470000267028809,14.289999961853027,14.31999969482422,5343900,0.0361865317957474,-0.031315227059769,0.3107141767229354,0.1017381988313246,0.0515931110467935,965186100,22.96293313609911,1,1,1
2021-08-30,VTRS,12.403209686279297,14.40999984741211,14.520000457763672,14.300000190734863,14.329999923706056,6625900,0.0173490633342996,-0.0506592331690711,0.2921427999223983,0.099841247526255,0.0350871441712037,971812000,24.63769017335441,1,1,1
2021-08-31,VTRS,12.592572212219238,14.630000114440918,14.640000343322754,14.31999969482422,14.350000381469728,10442400,-0.0054682107368604,-0.0615174685690003,0.2857142857142857,0.0963475932024997,0.0393051441977991,982254400,42.74810994186949,0,0,0
2021-09-01,VTRS,12.558143615722656,14.59000015258789,14.649999618530272,14.43000030517578,14.619999885559082,19478200,-0.0205620416447802,-0.0616861249343408,0.2778570992606025,0.0797058597990744,0.0389710430543139,962776200,35.24591893926426,0,0,0
2021-09-02,VTRS,13.022940635681152,15.130000114440918,15.140000343322754,14.550000190734863,14.550000190734863,6633100,-0.0879048191438298,-0.103106438057971,0.3057142666407993,0.069789518680229,0.0813420884822608,969409300,55.11364436839134,0,0,0
2021-09-03,VTRS,12.816366195678713,14.890000343322754,15.1899995803833,14.869999885559082,15.010000228881836,5536300,-0.0651444086409168,-0.1047683266385055,0.3114285469055176,0.0637297013121156,0.0944665202413723,963873000,49.489808579078826,0,0,0
2021-09-07,VTRS,12.618395805358888,14.65999984741211,14.90999984741211,14.550000190734863,14.859999656677246,5517600,-0.0668485370011328,-0.0941337059211856,0.3042856625148228,0.0602292775912312,0.0853250352479033,958355400,47.317059781855264,0,0,0
2021-09-08,VTRS,12.52371311187744,14.550000190734863,14.609999656677246,14.380000114440918,14.56999969482422,4410300,-0.0563574321477119,-0.0893470909754816,0.2992856161934988,0.0563484287133874,0.0684156366691048,953945100,44.39253211072954,0,0,0
2021-09-09,VTRS,12.29992389678955,14.289999961853027,14.520000457763672,14.210000038146973,14.520000457763672,7198000,-0.0419874305858236,-0.0664800428132365,0.3064285005841936,0.0609839897060246,0.0336471079952058,946747100,40.59830400922047,0,0,0
2021-09-10,VTRS,11.87816333770752,13.800000190734863,14.380000114440918,13.770000457763672,14.369999885559082,10822500,-0.0166667023718638,-0.030434787716592,0.3307142257690429,0.0781074148413887,-0.0330649359039707,935924600,34.05019538353419,0,0,0
2021-09-13,VTRS,11.981451988220217,13.920000076293944,14.0600004196167,13.779999732971191,13.850000381469728,9028200,-0.04238506820073,-0.0071839354110367,0.3271428516932896,0.0858878211730597,-0.0753827579353174,944952800,35.211265713798284,0,0,0
2021-09-14,VTRS,11.774871826171877,13.68000030517578,14.039999961853027,13.640000343322754,14.0,6480200,-0.0292398072574054,0.0014619520207022,0.3392857142857143,0.0985134184967576,-0.1268239648247444,938472600,33.557052134630624,0,0,0
2021-09-15,VTRS,11.817910194396973,13.729999542236328,13.779999732971191,13.600000381469728,13.619999885559082,5965200,-0.0349599095586092,0.0094683262035815,0.3335713659014018,0.1077525734063521,-0.1616930742196096,944437800,36.33216120465261,0,0,0
2021-09-16,VTRS,11.783480644226074,13.6899995803833,13.850000381469728,13.5600004196167,13.739999771118164,5252400,-0.0255660656335542,-0.0102263983885759,0.3278570856366837,0.1152683211222854,-0.1903604010532102,939185400,38.88887711512691,0,0,0
2021-09-17,VTRS,11.680191040039062,13.56999969482422,13.710000038146973,13.510000228881836,13.550000190734863,22841200,-0.0140014432318499,0.0022108096772435,0.3292856216430663,0.1240331417457476,-0.2202238485480308,916344200,35.40145007286564,0,0,0
2021-09-20,VTRS,11.473613739013672,13.329999923706056,13.539999961853027,13.199999809265137,13.4399995803833,10547700,0.0367591728374092,0.0075019041291877,0.3399998801095145,0.1367795656185665,-0.2602567438705137,905796500,31.63264577924312,1,1,1
2021-09-21,VTRS,11.430578231811523,13.279999732971191,13.550000190734863,13.220000267028809,13.40999984741211,6044700,0.0316265124050554,0.01656628550094,0.3407141140529089,0.1464474230957699,-0.292644278282987,899751800,25.631749315041134,1,1,1
2021-09-22,VTRS,11.404755592346191,13.25,13.489999771118164,13.239999771118164,13.359999656677246,5823300,0.0460377099379054,0.0143395909723245,0.3428570202418737,0.1550036815680348,-0.3170772907430752,893928500,25.724620154053056,1,1,1
2021-09-23,VTRS,11.482223510742188,13.34000015258789,13.5,13.220000267028809,13.300000190734863,6912900,0.0157421316150609,0.0217391273265292,0.3207141331263952,0.1607625229181978,-0.3254270485524504,900841400,11.255387128030648,1,1,1
2021-09-24,VTRS,11.516651153564451,13.380000114440918,13.470000267028809,13.279999732971191,13.3100004196167,3741100,0.0164424712367055,0.0186846037265857,0.3114284787859236,0.166083613633921,-0.3250694310922917,904582500,14.217982060064344,1,1,1
2021-09-27,VTRS,11.895377159118652,13.81999969482422,13.880000114440918,13.43000030517578,13.470000267028809,8620500,-0.02821992751523,-0.0151953721262108,0.3214285033089775,0.1652689762779196,-0.2859850699052675,913203000,31.8965311707926,0,0,0
2021-09-28,VTRS,11.792088508605955,13.699999809265137,13.949999809265137,13.649999618530272,13.81999969482422,9768000,-0.014598526426977,-0.0175182317123724,0.3228571074349542,0.1643516004554362,-0.2616769707303437,903435000,31.75963293740129,0,0,0
2021-09-29,VTRS,11.92980670928955,13.859999656677246,13.949999809265137,13.609999656677246,13.68000030517578,4922000,-0.0303030365582732,-0.0353535197154279,0.3228571074349542,0.1588613614572892,-0.2268865693526667,908357000,40.35872732668984,0,0,0
2021-09-30,VTRS,11.662979125976562,13.550000190734863,13.989999771118164,13.479999542236328,13.920000076293944,9110100,0.0059040533269332,-0.0051660994474671,0.3157142911638534,0.1546942879948733,-0.221772832572368,899246900,43.902431081821646,1,1,1
2021-10-01,VTRS,11.706015586853027,13.600000381469728,13.729999542236328,13.460000038146973,13.5600004196167,7078400,0.002205862656597,-0.0102941426026361,0.3149999209812711,0.1317165236362455,-0.2112503987106926,906325300,41.91918997311418,1,1,1
2021-10-04,VTRS,11.559690475463867,13.43000030517578,13.779999732971191,13.3100004196167,13.760000228881836,7955500,0.0134027808943606,0.0044675699612055,0.3199998991830011,0.1120119729706469,-0.2141601742931058,898369800,43.45549032394008,1,1,1
2021-10-05,VTRS,11.619940757751465,13.5,13.670000076293944,13.31999969482422,13.350000381469728,8878600,-0.0029629601372612,0.0051851625795718,0.3321428298950196,0.093814057705779,-0.2084153199709213,907248400,44.041457689932095,0,0,0
2021-10-06,VTRS,11.568294525146484,13.4399995803833,13.579999923706056,13.3100004196167,13.399999618530272,7980600,-0.0052083107894131,0.0409226345168662,0.3307142257690431,0.0736717151179498,-0.2063256206284212,899267800,43.58973982771256,0,0,0
2021-10-07,VTRS,11.73183536529541,13.630000114440918,13.8100004196167,13.539999961853027,13.550000190734863,4882000,-0.0110051776188662,0.0278796853448526,0.3428571564810618,0.0578125641414571,-0.1871803649152745,904149800,51.48515926601047,0,0,0
2021-10-08,VTRS,11.73183536529541,13.630000114440918,13.829999923706056,13.600000381469728,13.6899995803833,4399300,-0.0124724926534542,0.0227439078018745,0.3328571319580078,0.0559758910767719,-0.1700474111238907,904149800,58.426972914037925,0,0,0
2021-10-11,VTRS,11.71462059020996,13.609999656677246,13.869999885559082,13.59000015258789,13.640000343322754,5129200,-0.008817038103319,0.0139603628839477,0.3292856897626604,0.0508268837098377,-0.1562817726061016,899020600,59.42856924874436,0,0,0
2021-10-12,VTRS,11.58551025390625,13.460000038146973,13.6899995803833,13.359999656677246,13.619999885559082,5908200,0.0081723370256685,0.0014858472535419,0.3349999700273786,0.0504036738392695,-0.155681520856902,893112400,55.614974625631774,1,1,1
2021-10-13,VTRS,11.508044242858888,13.369999885559082,13.5600004196167,13.350000381469728,13.449999809265137,4642500,0.0463724675292438,-0.0201944283022006,0.3299999918256486,0.0498742932571688,-0.1606165891133244,888469900,50.8021319467146,1,1,1
2021-10-14,VTRS,11.6027250289917,13.479999542236328,13.65999984741211,13.449999809265137,13.449999809265137,5379500,0.0393175596916659,-0.0111275685181059,0.3371428080967493,0.0486384651261273,-0.1538778057147496,893849400,52.577305397552,1,1,1
2021-10-15,VTRS,11.58551025390625,13.460000038146973,13.670000076293944,13.43000030517578,13.640000343322754,5632900,0.0356611843147074,-0.0081723370256682,0.3185713631766181,0.0485962674635585,-0.1484399409199781,888216500,38.157902166786414,1,1,1
2021-10-18,VTRS,11.611332893371582,13.489999771118164,13.520000457763672,13.210000038146973,13.449999809265137,8644100,0.0229800166698597,0.0244625596223195,0.3192856652396063,0.0471022982745879,-0.140094741189392,896860600,42.65733799366844,1,1,1
2021-10-19,VTRS,11.680191040039062,13.56999969482422,13.630000114440918,13.4399995803833,13.550000190734863,4969600,-0.0066322884754537,0.0191599288672794,0.3085714067731582,0.0443830596571035,-0.125578197729455,901830200,39.25925611958953,0,0,0
2021-10-20,VTRS,12.041704177856444,13.989999771118164,14.050000190734863,13.619999885559082,13.630000114440918,7193500,-0.0636168266053732,-0.006433177559709,0.3064285687037872,0.0492829135718407,-0.0792694673060019,909023700,65.0684783865398,0,0,0
2021-10-21,VTRS,12.058916091918944,14.010000228881836,14.050000190734863,13.8100004196167,13.899999618530272,4165600,-0.0485367804472942,-0.0235545980238998,0.3042857306344165,0.0543553081353361,-0.0404888645907419,913189300,64.33565594105616,0,0,0
2021-10-22,VTRS,11.998664855957031,13.9399995803833,14.100000381469728,13.90999984741211,14.010000228881836,3719500,-0.0423241905791613,-0.0150645656003095,0.2842858178274969,0.0562952066998995,-0.0152278872485744,909469800,69.17289243492974,0,0,0
2021-10-25,VTRS,11.87816333770752,13.800000190734863,13.9399995803833,13.68000030517578,13.93000030517578,10332400,0.0014492394067344,0.0637681233534863,0.2778571673801968,0.0560177639622091,-0.0064310285365127,899137400,60.71428814712736,1,1,1
2021-10-26,VTRS,11.6027250289917,13.479999542236328,13.890000343322754,13.470000267028809,13.84000015258789,7995500,0.0259644208720546,0.0808605481901272,0.2885714939662388,0.056577205583845,-0.0249927319496077,891141900,51.20481754667976,1,1,1
2021-10-27,VTRS,11.275647163391112,13.100000381469728,13.479999542236328,13.09000015258789,13.470000267028809,13465300,0.0610686422721149,0.1099236288893712,0.2899999618530273,0.0631200276089832,-0.0695638829817095,877676600,35.67567846216106,1,1,1
2021-10-28,VTRS,11.473613739013672,13.329999923706056,13.420000076293944,13.100000381469728,13.149999618530272,9916200,0.0262565929086977,0.0847712018686006,0.2964285441807335,0.0651315377226466,-0.0853440078229734,887592800,42.78845338249653,1,1,1
2021-10-29,VTRS,11.490832328796388,13.350000381469728,13.390000343322754,13.229999542236328,13.329999923706056,9017600,0.0284643557983752,0.0569287830330269,0.2878571919032503,0.0665919460034877,-0.0951392940983932,896610400,43.75001432804674,1,1,1
2021-11-01,VTRS,11.895377159118652,13.81999969482422,13.9399995803833,13.369999885559082,13.369999885559082,7497700,0.0622286996629704,0.0057887066188584,0.3064285687037872,0.0680507921827139,-0.0642366324899086,904108100,57.49999701976614,1,1,1
2021-11-02,VTRS,11.903983116149902,13.829999923706056,13.9399995803833,13.619999885559082,13.84000015258789,7590000,0.053506852870601,0.0036153428062681,0.3142856870378764,0.0697073892881444,-0.0384953650227153,911698100,59.91379930488619,1,1,1
2021-11-03,VTRS,11.964235305786133,13.899999618530272,13.960000038146973,13.720000267028809,13.800000190734863,6325800,0.0460431914307077,-0.017985612004386,0.310714244842529,0.0715316439928106,-0.0123049904681664,918023900,59.21053292018577,1,1,1
2021-11-04,VTRS,11.774871826171877,13.68000030517578,13.880000114440918,13.510000228881836,13.829999923706056,6797800,0.0570175230680427,-0.021198827147928,0.321428503308977,0.0716428626181785,-0.0091950412076311,911226100,54.4354917789766,1,1,1
2021-11-05,VTRS,11.817910194396973,13.729999542236328,13.989999771118164,13.479999542236328,13.75,13090800,0.0276766297968151,-0.0473415615587413,0.3357142039707725,0.071991934848539,-0.0026651413524394,924316900,54.79999908447196,1,1,1
2021-11-08,VTRS,12.635610580444336,14.68000030517578,14.869999885559082,14.25,14.420000076293944,18855200,-0.0531335606560239,-0.1062670563478587,0.4035713332039966,0.0985126709329276,0.0782647856785914,943172100,66.46885700540508,0,0,0
2021-11-09,VTRS,12.540926933288574,14.56999969482422,14.739999771118164,14.40999984741211,14.720000267028809,11010000,-0.0473575562687496,-0.0967741851026251,0.3928570066179545,0.1121728250334311,0.1320045398124278,932162100,59.4771245904031,0,0,0
2021-11-10,VTRS,12.515107154846191,14.539999961853027,14.75,14.380000114440918,14.460000038146973,10139000,-0.0612104776931052,-0.1024759130005027,0.4021427290780201,0.1200571862182291,0.1702108694544843,922023100,58.6319210146105,0,0,0
2021-11-11,VTRS,12.446248054504396,14.460000038146973,14.649999618530272,14.420000076293944,14.539999961853027,6687500,-0.0739972124482329,-0.1182572637369167,0.404999801090785,0.124923451569942,0.1918231182008618,915335600,58.441571309494776,0,0,0
2021-11-12,VTRS,12.144989967346191,14.109999656677246,14.510000228881836,14.06999969482422,14.449999809265137,9536100,-0.0729978566997175,-0.1126859842382166,0.4178570338657917,0.1231523491363366,0.178649514928205,905799500,54.71123950450664,0,0,0
2021-11-15,VTRS,11.964235305786133,13.899999618530272,14.170000076293944,13.869999885559082,14.15999984741211,12551500,-0.0561150902429782,-0.1143884347157767,0.4092856134687143,0.120396177427115,0.1495402840797481,893248000,56.6037781116639,0,0,0
2021-11-16,VTRS,11.947020530700684,13.880000114440918,13.989999771118164,13.729999542236328,13.970000267028809,11341100,-0.0518732176579531,-0.1289625322114147,0.3999999591282428,0.1184105844624275,0.123434341817223,881906900,63.82978867311715,0,0,0
2021-11-17,VTRS,11.749052047729492,13.649999618530272,13.970000267028809,13.640000343322754,13.890000343322754,11916800,-0.0439560032647101,-0.1062270952225316,0.4007142611912314,0.1194620399960417,0.0832266911763053,869990100,55.67375406833443,0,0,0
2021-11-18,VTRS,11.52525806427002,13.390000343322754,13.65999984741211,13.289999961853027,13.619999885559082,9803000,-0.047796887745556,-0.0888723303618912,0.4157141957964211,0.1233947939045621,0.0300358353450587,860187100,50.653594465694326,0,0,0
2021-11-19,VTRS,11.258431434631348,13.079999923706056,13.369999885559082,13.079999923706056,13.329999923706056,10763900,-0.0428134150771245,-0.0489296901418803,0.3957142829895014,0.1329221932620684,-0.0367095790259988,849423200,37.24138157829828,0,0,0
2021-11-22,VTRS,11.388636589050291,13.119999885559082,13.279999732971191,12.899999618530272,13.029999732971191,17542000,-0.0617377647109534,-0.0548780696119746,0.4000000272478372,0.1403086152175199,-0.0853937719150348,866965200,37.883955711745465,0,0,0
2021-11-23,VTRS,11.423358917236328,13.15999984741211,13.289999961853027,13.09000015258789,13.1899995803833,7892200,-0.08130696863455,-0.0554710904787649,0.3971428871154781,0.1447545329651003,-0.1193726295359471,874857400,37.24138157829832,0,0,0
2021-11-24,VTRS,11.327875137329102,13.050000190734863,13.140000343322754,12.949999809265137,13.100000381469728,11324100,-0.0651341278962741,-0.0352490445535441,0.3842857905796593,0.1457807203237603,-0.1534087711728986,863533300,38.70967521407256,0,0,0
2021-11-26,VTRS,11.067464828491213,12.75,12.890000343322754,12.56999969482422,12.850000381469728,11436000,-0.0431372698615578,-0.003921583587048,0.3821429525102884,0.1575467608069666,-0.2022586549508087,852097300,33.88159133060111,0,0,0
2021-11-29,VTRS,10.867815971374512,12.520000457763672,12.899999618530272,12.470000267028809,12.869999885559082,14656500,-0.0063898462025024,0.0023961447183964,0.3314285959516247,0.1745703305413657,-0.2565739558104631,837440800,3.448273027127044,0,0,0
2021-11-30,VTRS,10.685527801513672,12.3100004196167,12.59000015258789,12.229999542236328,12.470000267028809,20023600,0.0073110638379958,0.0406173828559113,0.3335715021405896,0.196163479033951,-0.3129568987770685,817417200,3.305783169849008,1,1,1
2021-12-01,VTRS,10.494561195373535,12.09000015258789,12.529999732971191,12.06999969482422,12.420000076293944,10383100,0.028122427485256,0.0496277436081735,0.3400000844682959,0.219740787486585,-0.3711149876588777,807034100,3.06513157966846,1,1,1
2021-12-02,VTRS,10.590044975280762,12.199999809265137,12.359999656677246,11.960000038146973,12.119999885559082,11967000,0.0319672417557395,0.067213168960527,0.3521429470607206,0.2355004571403022,-0.4036763098950562,819001100,7.196955466288998,1,1,1
2021-12-03,VTRS,10.590044975280762,12.199999809265137,12.289999961853027,12.079999923706056,12.229999542236328,8354400,0.0409836071981148,0.0680327816952686,0.3357143402099603,0.2495121609380954,-0.4245870175171902,819001100,8.296928501048143,1,1,1
2021-12-06,VTRS,10.798370361328123,12.4399995803833,12.609999656677246,12.260000228881836,12.300000190734863,12643100,0.0088424930918022,0.0257235256666041,0.3435714585440494,0.2565199947800716,-0.4169861711773333,831644200,18.53446486304281,1,1,1
2021-12-07,VTRS,10.763649940490724,12.399999618530272,12.520000457763672,12.359999656677246,12.399999618530272,8304700,0.0330645817499648,0.055645206071337,0.3364286422729487,0.2466230751721421,-0.4094699931252368,823339500,18.376046953396624,1,1,1
2021-12-08,VTRS,10.789691925048828,12.43000030517578,12.520000457763672,12.380000114440918,12.470000267028809,7675100,0.020917077137903,0.065969402630085,0.3228572436741415,0.2336053127448437,-0.3965217077608436,831014600,21.495335016078727,1,1,1
2021-12-09,VTRS,10.92857837677002,12.59000015258789,12.770000457763672,12.399999618530272,12.40999984741211,12819500,0.0341541143736519,0.0826052382246598,0.3228573117937356,0.2135265698343176,-0.369094753248623,843834100,30.392151821214117,1,1,1
2021-12-10,VTRS,11.024060249328612,12.699999809265137,12.920000076293944,12.56999969482422,12.619999885559082,8719900,0.0259842463513508,0.0763779749288779,0.3257144519260946,0.1882219958337573,-0.3346252891722141,852554000,39.673905437967306,1,1,1
2021-12-13,VTRS,10.8938570022583,12.550000190734863,12.729999542236328,12.399999618530272,12.600000381469728,9784200,0.016733070514374,0.0868526004798464,0.3221430097307473,0.1694551488990387,-0.3157716867253395,842769800,35.38461463220921,1,1,1
2021-12-14,VTRS,11.119546890258787,12.8100004196167,13.149999618530272,12.550000190734863,12.550000190734863,10521700,0.021857901935929,0.0585480074498265,0.3507144110543381,0.1514902438258509,-0.2766610490373526,853291500,41.93549379474197,1,1,1
2021-12-15,VTRS,11.015381813049316,12.6899995803833,12.81999969482422,12.59000015258789,12.770000457763672,8135000,0.0441292701445292,0.0677699478951114,0.3521429470607207,0.1292031422780298,-0.2524386955848996,845156500,41.74310642303938,1,1,1
2021-12-16,VTRS,11.301834106445312,13.020000457763672,13.199999809265137,12.81999969482422,12.869999885559082,9422000,0.0468509704478168,0.0391704498676428,0.3542857851300917,0.1128464544117713,-0.2042594176691903,854578500,56.108604900243975,1,1,1
2021-12-17,VTRS,11.31051254272461,13.029999732971191,13.18000030517578,12.84000015258789,13.109999656677246,17994100,0.0491174486906005,0.0905602708640047,0.3478572709219792,0.1039932946989671,-0.1633867145258651,872572600,62.81404747379431,1,1,1
2021-12-20,VTRS,11.076144218444824,12.760000228881836,12.90999984741211,12.539999961853027,12.869999885559082,9329800,0.0689655249730378,0.126175519419903,0.3571429252624508,0.0998683469324696,-0.1510404065258193,863242800,60.97560408284217,1,1,1
2021-12-21,VTRS,11.362593650817873,13.09000015258789,13.199999809265137,12.880000114440918,12.970000267028809,14220500,0.0359052911802977,0.1031321170403893,0.3557143211364743,0.0991787187148351,-0.1133213347597639,877463300,73.14814978339226,1,1,1
2021-12-22,VTRS,11.501482009887695,13.25,13.329999923706056,13.010000228881836,13.039999961853027,9021300,0.0226415238290462,0.0943396226415094,0.3500000408717563,0.1016698260802899,-0.0697144236422602,886484600,73.75566001381745,1,1,1
2021-12-23,VTRS,11.831334114074709,13.630000114440918,13.710000038146973,13.260000228881836,13.3100004196167,10509200,-0.0073367850792441,0.0814379785295238,0.3678571837288992,0.1192782956135896,-0.004441598980641,896993800,77.6061818712046,0,0,0
2021-12-27,VTRS,11.86605739593506,13.670000076293944,13.800000190734863,13.5600004196167,13.619999885559082,11435800,0.0395025573401042,0.0980248825975997,0.3557143211364746,0.1371187897543768,0.0499395751212166,908429600,75.73222425149541,1,1,1
2021-12-28,VTRS,11.840015411376951,13.640000343322754,13.710000038146973,13.550000190734863,13.600000381469728,8874400,0.0535190266761018,0.1231671047811875,0.3557142530168806,0.1493102414960715,0.0895836550480915,899555200,76.05043414218007,1,1,1
2021-12-29,VTRS,11.770574569702148,13.5600004196167,13.65999984741211,13.5,13.5600004196167,9130800,0.0648966912636332,0.1187315344288724,0.3571427890232631,0.1537514010770462,0.1132411749795103,890424400,73.25103736638259,1,1,1
2021-12-30,VTRS,11.76189422607422,13.550000190734863,13.75,13.510000228881836,13.510000228881836,8741800,0.0701106860437332,0.1084871030506668,0.3478569984436034,0.1503865745108313,0.1296880321662072,881682600,71.05263488114417,1,1,1
2021-12-31,VTRS,11.74453067779541,13.529999732971191,13.710000038146973,13.520000457763672,13.600000381469728,8010300,0.0894308988933922,0.1249076546497827,0.3364283697945732,0.1462525424230372,0.1395003420815772,873672300,68.9497653265006,1,1,1
2022-01-03,VTRS,12.334797859191896,14.210000038146973,14.300000190734863,13.520000457763672,13.600000381469728,11959600,0.0562983946929802,0.0598170569449603,0.3685712133135114,0.1562205002191892,0.1998433403816406,885631900,80.51468938280473,1,1,1
2022-01-04,VTRS,12.47368049621582,14.369999885559082,14.460000038146973,14.229999542236328,14.279999732971191,12555400,0.0661099385407668,0.0243563245829565,0.3435712541852679,0.1703444425391113,0.2576067218589326,898187300,79.77097263829187,1,1,1
2022-01-05,VTRS,12.534445762634276,14.4399995803833,14.729999542236328,14.40999984741211,14.460000038146973,11165500,0.0505540524324077,0.0138504687500928,0.3528569766453334,0.1793996702658475,0.3055112645196107,909352800,84.04669664989392,1,1,1
2022-01-06,VTRS,12.58652687072754,14.5,14.619999885559082,14.289999961853027,14.5600004196167,10487500,0.0358621005354256,0.0020689471014614,0.3399998119899204,0.1850069857359975,0.3443480620206802,919840300,82.17391376459335,1,1,1
2022-01-07,VTRS,12.794855117797852,14.739999771118164,14.75,14.5,14.539999961853027,9544600,0.0325644846244277,-0.0257801981235777,0.3335712296622141,0.1951073637346529,0.3899968388184582,929384900,83.7944707238917,1,1,1
2022-01-10,VTRS,13.02922821044922,15.010000228881836,15.010000228881836,14.579999923706056,14.770000457763672,13554200,0.0033311252479966,-0.0219853376864764,0.3292855535234724,0.2088552697116707,0.442855639620447,942939100,94.4663910938152,1,1,1
2022-01-11,VTRS,13.298316955566406,15.31999969482422,15.34000015258789,14.920000076293944,14.989999771118164,10033000,-0.0391644542916093,-0.0456918944653523,0.3278570175170899,0.2211895332649593,0.5039517442029311,952972100,94.42229758739424,0,0,0
2022-01-12,VTRS,13.168110847473145,15.170000076293944,15.31999969482422,15.130000114440918,15.3100004196167,7871300,-0.0349373586226553,-0.0382333500849756,0.3185712950570244,0.2276631400803614,0.534110241252856,945100800,88.40000152587885,0,0,0
2022-01-13,VTRS,13.037906646728516,15.020000457763672,15.199999809265137,15.0,15.199999809265137,7536200,-0.0326232163687587,-0.0259654015603686,0.2999998501368933,0.2231183780387972,0.5396861854262749,937564600,80.616754338904,0,0,0
2022-01-14,VTRS,13.211514472961426,15.220000267028809,15.260000228881836,14.859999656677246,14.899999618530272,5774000,-0.0565046383221548,-0.0164257552965736,0.3114284787859236,0.2249337852490788,0.5538589334758726,943338600,81.89301655115955,0,0,0
2022-01-18,VTRS,13.072628021240234,15.0600004196167,15.300000190734863,15.020000457763672,15.15999984741211,7731500,-0.0252324106144076,0.0006639624786792,0.319999899183001,0.2200029414674757,0.5458876350490822,935607100,77.73438227595909,0,0,0
2022-01-19,VTRS,12.777495384216309,14.720000267028809,15.130000114440918,14.699999809265137,15.050000190734863,7275400,-0.0067935040526946,0.039402168015254,0.3392856461661204,0.2002922341867104,0.5062988547641147,928331700,70.56737540683342,0,0,0
2022-01-20,VTRS,12.708052635192873,14.640000343322754,14.880000114440918,14.56999969482422,14.649999618530272,8441700,-0.0034153134946931,0.0334699289362825,0.3442856924874442,0.1848510882978027,0.4631304562991793,919890000,68.85813811054966,0,0,0
2022-01-21,VTRS,12.612566947937012,14.529999732971191,14.770000457763672,14.510000228881836,14.550000190734863,11208700,0.0068823388374059,0.0412939017547411,0.3492857388087681,0.1700088061651115,0.4152562440687006,908681300,66.77852606731531,1,1,1
2022-01-24,VTRS,12.46500015258789,14.359999656677246,14.479999542236328,13.960000038146973,14.4399995803833,10776000,0.0424791521542913,0.0626741360530673,0.3342857360839844,0.1620061815477172,0.3594544335960901,897905300,53.03643036901414,1,1,1
2022-01-25,VTRS,12.74277400970459,14.68000030517578,14.8100004196167,14.18000030517578,14.31999969482422,10865400,0.0265667153638231,0.0367847377811456,0.3614286014011929,0.1538196476934297,0.3371658368542256,908770700,55.89354384272711,1,1,1
2022-01-26,VTRS,12.690690994262695,14.619999885559082,14.859999656677246,14.5,14.65999984741211,7295000,0.0465116491449122,0.0533515553404098,0.3614286014011929,0.1431251636250529,0.3110745570801612,901475700,53.43511922745125,1,1,1
2022-01-27,VTRS,12.664650917053224,14.59000015258789,14.880000114440918,14.520000457763672,14.699999809265137,7422000,0.0370116488146332,0.053461255984486,0.3635714394705637,0.1279851979850685,0.2846945209280758,894053700,51.73745458080309,1,1,1
2022-01-28,VTRS,12.699371337890623,14.630000114440918,14.630000114440918,14.31999969482422,14.550000190734863,7927000,0.0341763496984843,0.0369104550669145,0.3678571837288992,0.1087861068455142,0.2639728995786434,901980700,47.69875228293239,1,1,1
2022-01-31,VTRS,12.994503021240234,14.970000267028809,15.06999969482422,14.479999542236328,14.5,15357000,0.0193720745945307,0.0040079802853798,0.3792857442583359,0.0830943414195582,0.2718522921799309,917337700,49.18699265787089,1,1,1
2022-02-01,VTRS,13.081306457519531,15.06999969482422,15.140000343322754,14.829999923706056,14.970000267028809,9073300,0.0099535882708814,0.0165892505018339,0.3714286259242466,0.0780995838528467,0.2829047359830827,926411000,44.44444444444444,1,1,1
2022-02-02,VTRS,13.280956268310549,15.300000190734863,15.329999923706056,14.729999542236328,14.989999771118164,10391500,0.0065359102319466,-0.0032679862818002,0.4007143974304199,0.0790941433126131,0.3066876903632334,936802500,52.78970097614469,1,1,1
2022-02-03,VTRS,13.133389472961426,15.130000114440918,15.3100004196167,15.0600004196167,15.199999809265137,7714300,0.0158625095375311,-0.0198281684379185,0.4042858396257673,0.0769306117393098,0.3082647831178136,929088200,52.34041689747602,1,1,1
2022-02-04,VTRS,13.133389472961426,15.130000114440918,15.239999771118164,14.9399995803833,15.050000190734863,7474200,0.0026437515895882,-0.0277594232066841,0.3971429552350725,0.0748274653542547,0.3059874081179217,929088200,47.90697468107378,1,1,1
2022-02-07,VTRS,13.246235847473145,15.260000228881836,15.399999618530272,15.149999618530272,15.260000228881836,6349400,-0.0150721161507805,-0.046526869429739,0.3964286531720841,0.0769517381365166,0.3110864834652265,935437600,54.71697264441519,0,0,0
2022-02-08,VTRS,13.211514472961426,15.220000267028809,15.31999969482422,15.0,15.25,7285300,0.0065702645230591,-0.0591327566632351,0.3885714667184012,0.0787205912636783,0.3083454602594244,928152300,63.73625164403877,1,1,1
2022-02-09,VTRS,13.36776065826416,15.399999618530272,15.600000381469728,15.270000457763672,15.270000457763672,6509200,-0.0097402352107711,-0.0954545032316556,0.3935714449201314,0.0802373993223828,0.3170429492036071,934661500,69.79163717480097,0,0,0
2022-02-10,VTRS,13.341716766357422,15.369999885559082,15.579999923706056,15.31999969482422,15.34000015258789,8700600,-0.035133374487555,-0.0540012966744315,0.3935714449201314,0.08307060726695,0.3178510550145521,925960900,72.82608921000536,0,0,0
2022-02-11,VTRS,13.168110847473145,15.170000076293944,15.460000038146973,15.119999885559082,15.220000267028809,10322200,-0.0303230082948918,-0.2742254335194705,0.3771429061889651,0.083962512814974,0.2989075513636337,915638700,71.65776655581266,0,0,0
2022-02-14,VTRS,13.046586990356444,15.029999732971191,15.239999771118164,14.880000114440918,15.199999809265137,6512300,-0.0319360978552353,-0.3246839787851561,0.3578571592058455,0.0825757078972764,0.2694913025815992,909126400,60.35501522775619,0,0,0
2022-02-15,VTRS,13.298316955566406,15.31999969482422,15.34000015258789,14.970000267028809,15.029999732971191,7562500,-0.0652741527362983,-0.3159269092037293,0.3585714612688338,0.0851601843245516,0.2665071581556706,916688900,68.22917002977756,0,0,0
2022-02-16,VTRS,13.237555503845217,15.25,15.510000228881836,15.220000267028809,15.3100004196167,7994100,-0.0865573570376537,-0.3173770591860911,0.3535714830671039,0.0853366327129735,0.2555480134125627,908694800,66.8367386658674,0,0,0
2022-02-17,VTRS,12.872979164123535,14.829999923706056,15.199999809265137,14.789999961853027,15.1899995803833,7788000,-0.0195549536982436,-0.3122049992083796,0.3642857415335521,0.0832503915711787,0.2105452812352517,900906800,54.27350166098338,0,0,0
2022-02-18,VTRS,12.768815994262695,14.710000038146973,14.899999618530272,14.600000381469728,14.729999542236328,9801100,-0.2515295581012947,-0.3283480565044575,0.3435713904244558,0.0802448902219599,0.1633147135162893,891105700,43.86791604063015,0,0,0
2022-02-22,VTRS,12.629928588867188,14.550000190734863,14.739999771118164,14.470000267028809,14.5600004196167,8357600,-0.3024055336443514,-0.3161512248225887,0.3407141821725027,0.0754106015302106,0.1116860505410244,882748100,38.0734023216289,0,0,0
2022-02-23,VTRS,12.533650398254396,14.31999969482422,14.600000381469728,14.279999732971191,14.550000190734863,10564100,-0.2681564409513088,-0.2821229083764042,0.3207142012459891,0.0835938932800932,0.051615849954528,872184000,27.52291771931785,0,0,0
2022-02-24,VTRS,12.192301750183104,13.93000030517578,13.979999542236328,13.670000076293944,13.859999656677246,14796200,-0.2526920589122882,-0.2735104333200242,0.3492856025695803,0.102371350071684,-0.02714697474992,857387800,24.99999006588699,0,0,0
2022-02-25,VTRS,12.72620677947998,14.539999961853027,14.640000343322754,14.010000228881836,14.029999732971191,15832400,-0.2984869438771845,-0.3108665416745511,0.3785713059561597,0.1030720889357417,-0.0398854320369856,873220200,40.1993275483396,0,0,0
2022-02-28,VTRS,9.636557579040527,11.010000228881836,13.739999771118164,10.880000114440918,13.720000267028809,62957100,-0.1026339773796425,-0.1089918060235142,0.6207141876220709,0.2552782296077083,-0.331006590296214,810263100,16.848663293346462,0,0,0
2022-03-01,VTRS,8.883837699890137,10.149999618530272,11.18000030517578,9.68000030517578,11.15999984741211,62880400,-0.01970441544648,-0.01871917118464,0.704999923706055,0.3792446788451711,-0.6239248502675707,747382700,14.937748006483956,0,0,0
2022-03-02,VTRS,9.172672271728516,10.479999542236328,10.539999961853027,10.119999885559082,10.140000343322754,23815700,-0.0190839520993393,-0.0085877101951065,0.7078570638384141,0.4555286049909436,-0.8199841785504294,771198400,16.666662359194163,0,0,0
2022-03-03,VTRS,9.111403465270996,10.40999984741211,10.460000038146973,9.90999984741211,10.40999984741211,22865200,-0.027857825754447,0.0220941882115226,0.7299998828342985,0.5170418263751401,-0.9698313865808076,748333200,16.57681519781744,0,0,0
2022-03-04,VTRS,8.92759895324707,10.199999809265137,10.289999961853027,9.90999984741211,10.130000114440918,24551800,-0.0176469955752315,0.0450980437988963,0.7414284433637349,0.5740624680189558,-1.0929329755555806,723781400,16.554504032194444,0,0,0
2022-03-07,VTRS,8.647521018981934,9.880000114440918,10.119999885559082,9.84000015258789,10.0,18322300,-0.0070849892726119,0.0900810053657692,0.7414284433637349,0.6295313558477741,-1.202452053962757,705459100,16.162940234811998,0,0,0
2022-03-08,VTRS,8.708786010742188,9.949999809265137,10.119999885559082,9.81999969482422,9.880000114440918,22455300,0.0010050481480938,0.0904523205484424,0.7364284651620049,0.6719181176963336,-1.2689704211737105,727914400,13.667110811429936,1,1,1
2022-03-09,VTRS,8.99761962890625,10.279999732971191,10.470000267028809,10.09000015258789,10.119999885559082,19859200,0.0107004487557287,0.0583657973788984,0.7528570720127652,0.6985110839506687,-1.280299969420284,747773600,17.51633245466465,1,1,1
2022-03-10,VTRS,8.857580184936523,10.119999885559082,10.270000457763672,9.899999618530272,10.0600004196167,12209800,0.0513834450241146,0.0820158036652192,0.7471427917480471,0.7182628247690208,-1.2873496036586474,735563800,18.13260463480657,1,1,1
2022-03-11,VTRS,8.770054817199707,10.020000457763672,10.34000015258789,10.010000228881836,10.149999618530272,12790100,0.0638721916576914,0.1167663741684854,0.7492856979370123,0.73161716912288,-1.28617933294408,722773700,18.181812300021136,1,1,1
2022-03-14,VTRS,8.586251258850098,9.8100004196167,10.270000457763672,9.65999984741211,10.15999984741211,12181000,0.0978593269198333,0.1111110246982192,0.7735714912414556,0.7431632099410984,-1.287357279638762,710592700,18.05929285160518,1,1,1
2022-03-15,VTRS,8.717538833618164,9.960000038146973,9.989999771118164,9.770000457763672,9.800000190734863,13785200,0.0893574638467911,0.1224899861803399,0.7664285387311667,0.7445242973966328,-1.26164365258359,724377900,20.29971889984405,1,1,1
2022-03-16,VTRS,9.09389877319336,10.390000343322754,10.5,10.100000381469728,10.109999656677246,13115900,0.0471607078851608,0.0577477774753882,0.7585714203970774,0.7218359339777269,-1.1928179243914858,737493800,26.0162545944047,1,1,1
2022-03-17,VTRS,9.312713623046877,10.640000343322754,10.739999771118164,10.149999618530272,10.260000228881836,10923700,0.0291352872123662,0.0225563687381624,0.7500000000000001,0.6845288409041193,-1.105358246470134,748417500,22.222219203309564,1,1,1
2022-03-18,VTRS,9.330217361450195,10.65999984741211,10.6899995803833,10.5,10.510000228881836,28822500,0.0497185497708856,0.0150093667638235,0.502142838069371,0.6449855711510278,-1.022643629579095,777240000,45.01423719603315,1,1,1
2022-03-21,VTRS,9.426496505737305,10.770000457763672,10.899999618530272,10.579999923706056,10.579999923706056,10845900,0.0120704879518263,0.0074280334545748,0.4178571019853863,0.5935127291290662,-0.9374096943848044,788085900,61.231906092047616,1,1,1
2022-03-22,VTRS,9.496516227722168,10.850000381469728,10.970000267028809,10.760000228881836,10.8100004196167,16697800,0.0304147384427417,-0.0165898892946768,0.4028570992606025,0.5295488253527585,-0.8535664783741552,804783700,57.37053957485098,1,1,1
2022-03-23,VTRS,9.522775650024414,10.880000114440918,11.079999923706056,10.710000038146973,10.739999771118164,13595700,0.0101102624559024,-0.0174632841966086,0.3885713985988072,0.4530265630496179,-0.7757569546145575,818379400,59.51418176426777,1,1,1
2022-03-24,VTRS,9.584040641784668,10.949999809265137,11.010000228881836,10.770000457763672,10.93000030517578,10573600,-0.0063926663053445,-0.0127853326106891,0.369999953678676,0.3687603720243245,-0.7003705206902691,828953000,66.09443430283483,0,0,0
2022-03-25,VTRS,9.794102668762209,11.1899995803833,11.210000038146973,10.899999618530272,10.970000267028809,15723500,-0.0330652278314389,-0.0134047921497004,0.3664285796029228,0.1566436306937347,-0.6141803639858541,844676500,79.11112392096958,0,0,0
2022-03-28,VTRS,9.540279388427734,10.899999618530272,11.18000030517578,10.770000457763672,11.149999618530272,14836700,-0.0045870861293925,-0.0183486069967497,0.3749999318804062,0.1539752846889144,-0.5627871570976133,829839800,69.23077814084346,0,0,0
2022-03-29,VTRS,9.785350799560549,11.18000030517578,11.220000267028809,10.93000030517578,10.93000030517578,9505600,-0.0456171927513929,-0.0456171927513929,0.3607142312186108,0.1634032944738856,-0.4937720580983793,839345400,68.59505988643384,0,0,0
2022-03-30,VTRS,9.61905288696289,10.989999771118164,11.300000190734863,10.960000038146973,11.109999656677246,9237100,-0.0272975611449298,0.0,0.3578570910862516,0.168502778018984,-0.449230105096758,830108300,67.75510108753913,0,0,0
2022-03-31,VTRS,9.522775650024414,10.880000114440918,11.100000381469728,10.869999885559082,11.0,12868200,-0.0064337954124934,0.0073529340868179,0.350714274815151,0.1707656898397433,-0.4179880335615138,817240100,67.47966754758777,0,0,0
2022-04-01,VTRS,9.470258712768556,10.81999969482422,10.960000038146973,10.649999618530272,10.960000038146973,9680100,0.0203327424430561,-0.0101663271515494,0.3292856897626609,0.1694649466390975,-0.3935335889541917,807560000,71.86145220214098,1,1,1
2022-04-04,VTRS,9.496516227722168,10.850000381469728,11.020000457763672,10.760000228881836,10.81999969482422,11972900,-0.013824937044313,0.0064515845495973,0.332142898014614,0.1596421360200102,-0.367496193373265,819532900,70.31962873788916,0,0,0
2022-04-05,VTRS,9.338969230651855,10.670000076293944,11.029999732971191,10.65999984741211,10.779999732971191,10419900,0.0,0.0159325281235607,0.3200000354221894,0.1487743475621912,-0.3572675323666399,809113000,57.21648242905572,0,0,0
2022-04-06,VTRS,9.356474876403809,10.6899995803833,10.710000038146973,10.479999542236328,10.579999923706056,9288500,0.0280636297952134,-0.0037418113585739,0.2942857742309574,0.1452311805445391,-0.343586797264674,818401500,51.46196514796443,1,1,1
2022-04-07,VTRS,9.461505889892578,10.8100004196167,10.850000381469728,10.520000457763672,10.65999984741211,13286000,0.013876004875825,-0.0490287387670888,0.3042857987540114,0.1374706973974766,-0.3193800370349446,831687500,54.14365688844395,1,1,1
2022-04-08,VTRS,9.66281509399414,11.039999961853027,11.100000381469728,10.619999885559082,10.800000190734863,14248600,-0.0298912975404272,-0.058876777244225,0.3157144274030422,0.1265707203667993,-0.2784274262260204,845936100,56.99480124303706,0,0,0
2022-04-11,VTRS,9.365228652954102,10.699999809265137,11.020000457763672,10.640000343322754,11.0,17818700,0.0205607729860246,-0.0383177434318353,0.3292858260018493,0.0980087292058462,-0.270291604559647,828117400,46.575331728200354,1,1,1
2022-04-12,VTRS,9.338969230651855,10.670000076293944,10.800000190734863,10.630000114440918,10.720000267028809,7330100,0.0159325281235607,-0.0290534599250322,0.3150001253400538,0.0689747706310198,-0.2632302801912747,820787300,45.20548183817766,1,1,1
2022-04-13,VTRS,9.61905288696289,10.989999771118164,11.029999732971191,10.670000076293944,10.710000038146973,11023000,-0.0309372301791504,-0.0454959063160315,0.3235715457371312,0.0591379308944155,-0.2291710870939969,831810300,50.81967084967248,0,0,0
2022-04-14,VTRS,9.59279441833496,10.960000038146973,11.119999885559082,10.9399995803833,10.989999771118164,9283500,-0.062043823248996,-0.057481762066438,0.3142858232770655,0.0566360842441748,-0.2022680388691125,822526800,44.843062943319296,0,0,0
2022-04-18,VTRS,9.373980522155762,10.710000038146973,10.979999542236328,10.640000343322754,10.9399995803833,8772500,-0.0298785895130196,-0.0466853406367036,0.3085715430123473,0.0554841618003585,-0.1988281231502533,813754300,45.66211298376626,0,0,0
2022-04-19,VTRS,9.557785034179688,10.920000076293944,11.0,10.670000076293944,10.720000267028809,8582900,-0.0576923177691705,-0.047619089206101,0.3092857769557415,0.054825684001725,-0.1771150451348617,822337200,43.86792155761946,0,0,0
2022-04-20,VTRS,9.487763404846191,10.84000015258789,11.020000457763672,10.739999771118164,10.880000114440918,7801200,-0.0442804879293338,-0.0295202666346663,0.3050001008169999,0.0548740827649846,-0.1644667295479589,814536000,46.26866663060735,0,0,0
2022-04-21,VTRS,9.321465492248535,10.649999618530272,10.989999771118164,10.619999885559082,10.880000114440918,8632300,-0.0150234603890238,-0.0563379764588395,0.3150000572204596,0.0579999743087829,-0.1678395536192489,805903700,44.49759870409871,0,0,0
2022-04-22,VTRS,8.99761962890625,10.279999732971191,10.68000030517578,10.270000457763672,10.68000030517578,9837400,0.0048638319098879,-0.0321011607274308,0.32214287349156,0.0745931903717208,-0.1980850385217625,796066300,38.75000347693677,1,1,1
2022-04-25,VTRS,9.09389877319336,10.390000343322754,10.449999809265137,10.020000457763672,10.229999542236328,12715000,-0.0173243791364704,0.0086620977805274,0.3342856679643907,0.0768238789954591,-0.2107492866820468,808781300,40.72580753702504,0,0,0
2022-04-26,VTRS,9.00637435913086,10.289999961853027,10.5,10.25,10.31999969482422,14309600,0.0106899569567573,0.0165209015475382,0.3257142475673134,0.0866474981692434,-0.226246955566669,794471700,42.08333283662813,1,1,1
2022-04-27,VTRS,9.06764030456543,10.359999656677246,10.489999771118164,10.18000030517578,10.31999969482422,9515200,0.0154440932807657,0.0028958192702421,0.3314284597124377,0.0853907244569478,-0.2302266697146073,803986900,43.2653097766768,1,1,1
2022-04-28,VTRS,9.181425094604492,10.489999771118164,10.539999961853027,10.260000228881836,10.380000114440918,12178300,-0.0419446701605027,0.0343184574076678,0.3278570175170902,0.0844810216949268,-0.2203506341233811,816165200,43.49592187934314,0,0,0
2022-04-29,VTRS,9.04138469696045,10.329999923706056,10.609999656677246,10.270000457763672,10.449999809265137,13224400,-0.0367860713695521,0.0726040663639158,0.3178569248744422,0.0883481958401863,-0.2228654016545999,802940800,35.14644485029912,0,0,0
2022-05-02,VTRS,8.936352729797363,10.210000038146973,10.449999809265137,10.029999732971191,10.350000381469728,13070600,0.0264446134261091,0.0910871989912909,0.3192855290004188,0.0952906151988409,-0.2318685249028078,789870200,38.70968309008047,1,1,1
2022-05-03,VTRS,9.102651596069336,10.399999618530272,10.460000038146973,10.119999885559082,10.239999771118164,12806700,0.0057692713286061,0.1028846815140316,0.3314283915928434,0.09570118557672,-0.2211232159082623,802676900,44.205998570716375,1,1,1
2022-05-04,VTRS,9.207682609558104,10.520000457763672,10.529999732971191,10.06999969482422,10.390000343322754,16615600,-0.0123574247893667,0.07129277256319,0.3385712759835379,0.0960049415156828,-0.2006118873166134,819292500,38.96715780123108,0,0,0
2022-05-05,VTRS,8.796314239501953,10.050000190734863,10.5,9.880000114440918,10.449999809265137,17092900,0.0796020075176107,0.1631840157734883,0.3714284215654646,0.1065111347646753,-0.2197484815184278,802199600,32.29573385007356,1,1,1
2022-05-06,VTRS,8.708786010742188,9.949999809265137,10.050000190734863,9.760000228881836,10.039999961853027,20263100,0.1135678528745998,0.1859296901440201,0.3678570474897112,0.1168570718162177,-0.2402145218619544,781936500,34.29752880330521,1,1,1
2022-05-09,VTRS,9.172672271728516,10.479999542236328,10.9399995803833,10.130000114440918,10.130000114440918,25016800,0.0629771784270123,0.1097328838202593,0.4149998937334332,0.1086732611946092,-0.2112325004483572,806953300,41.97079809265256,1,1,1
2022-05-10,VTRS,9.155166625976562,10.460000038146973,10.550000190734863,10.140000343322754,10.380000114440918,19772400,0.096558338929104,0.1022944255183553,0.4242855480739047,0.1075654123444705,-0.1877139825679297,787180900,42.91044895620752,1,1,1
2022-05-11,VTRS,9.09389877319336,10.390000343322754,10.739999771118164,10.369999885559082,10.43000030517578,17018600,0.0846968320849439,0.1395572436334897,0.4242855480739047,0.1069589958332624,-0.1727326239003765,770162300,44.92188998847026,1,1,1
2022-05-12,VTRS,9.496516227722168,10.850000381469728,10.880000114440918,10.380000114440918,10.40999984741211,21655500,0.0774192782839136,0.1069124245740327,0.4307141304016113,0.102749890900492,-0.1223314694921295,791817800,60.75472689472556,1,1,1
2022-05-13,VTRS,9.69782543182373,11.079999923706056,11.149999618530272,10.789999961853027,10.829999923706056,10972600,0.0649819740060051,0.1055956754828748,0.4257141521998813,0.107190863017033,-0.0631017529028046,802790400,62.45486830168479,1,1,1
2022-05-16,VTRS,9.75034236907959,11.140000343322754,11.239999771118164,10.979999542236328,11.050000190734863,8598000,0.0439856154413735,0.1014362728559727,0.4264284542628695,0.1188912172770059,-0.0111912377377247,811388400,65.56777516477959,1,1,1
2022-05-17,VTRS,10.039175033569336,11.470000267028809,11.529999732971191,11.15999984741211,11.15999984741211,9901100,0.0052309908060643,0.0523103237861419,0.4321427345275876,0.13940884774779,0.055931709513322,821289500,68.56188453714259,1,1,1
2022-05-18,VTRS,9.86412525177002,11.270000457763672,11.56999969482422,11.1899995803833,11.449999809265137,10916500,0.0505767233071901,0.07453408738195,0.4392856189182825,0.1500780054965244,0.0919291140619265,810373000,62.74511148330041,1,1,1
2022-05-19,VTRS,10.231731414794922,11.6899995803833,11.81999969482422,11.0600004196167,11.130000114440918,12090300,0.0273738802382439,0.0017109032062956,0.4692856243678501,0.1762022982708473,0.1525887870760804,822463300,70.48193030648861,1,1,1
2022-05-20,VTRS,10.328008651733398,11.800000190734863,11.920000076293944,11.609999656677246,11.770000457763672,13834100,0.0381355764399451,-0.0025423502107013,0.461428506033761,0.1976616002252341,0.2071502458237493,836297400,74.01813306841736,1,1,1
2022-05-23,VTRS,10.28379726409912,11.630000114440918,11.93000030517578,11.510000228881836,11.739999771118164,9530500,0.0550301235619137,0.0223559953846428,0.4671427862984791,0.2091488508198266,0.233975881254187,826766900,68.69301687191924,1,1,1
2022-05-24,VTRS,10.1953706741333,11.529999732971191,11.710000038146973,11.260000228881836,11.710000038146973,10714100,0.0468343429626321,0.0286209827709178,0.4664284842354909,0.2134334541259367,0.2443494867732791,816052800,65.44341633606437,1,1,1
2022-05-25,VTRS,10.469489097595217,11.84000015258789,11.859999656677246,11.420000076293944,11.5,9479800,0.0228040118758225,-0.018581103394726,0.4521427154541015,0.2238264676492051,0.274421724151983,825532600,78.77813761184592,1,1,1
2022-05-26,VTRS,10.619810104370115,12.010000228881836,12.079999923706056,11.84000015258789,11.84000015258789,8866100,-0.024979199418616,-0.0674438304895946,0.4485712732587543,0.2369677452754711,0.3084165404447638,834398700,82.3899503099592,0,0,0
2022-05-27,VTRS,10.832029342651367,12.25,12.25,11.970000267028809,11.979999542236328,12015500,-0.0391836361009247,-0.1208162891621492,0.3978569848196848,0.2498033505309999,0.3506812182511591,846414200,80.62285175740104,0,0,0
2022-05-31,VTRS,10.849716186523438,12.270000457763672,12.350000381469728,11.9399995803833,12.1899995803833,19551700,-0.0309698533222529,-0.1589242616291521,0.397857052939279,0.2547494937276232,0.381393680761521,865965900,81.31488243243021,0,0,0
2022-06-01,VTRS,10.67286491394043,12.06999969482422,12.380000114440918,11.890000343322754,12.329999923706056,8690200,-0.0173985122996337,-0.113504550140673,0.4064284733363563,0.2544934906397037,0.3851553078412877,857275700,77.81454580018769,0,0,0
2022-06-02,VTRS,10.708236694335938,12.109999656677246,12.130000114440918,11.770000457763672,12.09000015258789,7111300,-0.0404624099925541,-0.1511147791566636,0.3964284488133024,0.2541850193847745,0.3869040974351776,864387000,74.2307428495554,0,0,0
2022-06-03,VTRS,10.354536056518556,11.710000038146973,12.109999656677246,11.68000030517578,12.050000190734863,8072100,-0.0435525386183124,-0.1067463702756574,0.4014284270150326,0.2321497504900445,0.3519562667506513,856314900,61.37183742649911,0,0,0
2022-06-06,VTRS,10.40758991241455,11.770000457763672,11.899999618530272,11.699999809265137,11.760000228881836,7119600,-0.08496176390039,-0.0994052702455243,0.3971426827566968,0.2003272856187029,0.3253509483575456,863434500,61.37183742649913,0,0,0
2022-06-07,VTRS,10.513700485229492,11.890000343322754,11.899999618530272,11.68000030517578,11.779999732971191,7785700,-0.1320437849592007,-0.1059714207316598,0.3849998201642721,0.1840749904798218,0.3103712630131596,871220200,58.20312208961852,0,0,0
2022-06-08,VTRS,10.487173080444336,11.859999656677246,11.93000030517578,11.760000228881836,11.800000190734863,6919400,-0.0978077471325239,-0.0952782586131628,0.3699998174394881,0.162018359030464,0.292704830683153,864300800,62.34306785166909,0,0,0
2022-06-09,VTRS,10.274953842163086,11.619999885559082,11.880000114440918,11.609999656677246,11.859999656677246,6637000,-0.1153184307904507,-0.0567986104915829,0.3349999019077846,0.1285078873054063,0.2563826602991241,857663800,48.41629857475502,0,0,0
2022-06-10,VTRS,9.903569221496582,11.199999809265137,11.460000038146973,11.140000343322754,11.43000030517578,8021200,-0.0660714092607397,-0.0116071532727504,0.3471426963806153,0.1170530798720295,0.1914991000910486,849642600,38.09524169944603,0,0,0
2022-06-13,VTRS,9.523344993591309,10.770000457763672,11.06999969482422,10.65999984741211,10.949999809265137,13855800,-0.0157845932282572,0.0120704879518263,0.3557141167776927,0.1286787823501718,0.1041801334254479,835786800,34.53238940214602,0,0,0
2022-06-14,VTRS,9.125432014465332,10.31999969482422,10.789999961853027,10.210000038146973,10.729999542236328,15409200,0.0300388012387415,0.0474806917909336,0.3649998392377583,0.1606205439998478,-0.0013168971416384,820377600,30.670938393593005,1,1,1
2022-06-15,VTRS,9.46144676208496,10.699999809265137,10.859999656677246,10.399999618530272,10.399999618530272,12150000,0.0028037134117717,-0.0214952847043203,0.3721427236284528,0.1760404138240557,-0.0536428590021405,832527600,32.1875041909493,1,1,1
2022-06-16,VTRS,9.090062141418455,10.279999732971191,10.520000457763672,10.210000038146973,10.5,9519700,0.0661478913267679,0.0418288245472064,0.3899998664855956,0.2022754786984332,-0.1275319479248171,823007900,24.927541520056536,1,1,1
2022-06-17,VTRS,9.249227523803713,10.460000038146973,10.529999732971191,10.210000038146973,10.300000190734863,16942000,0.0583173665824681,0.0038240881173183,0.3928570066179547,0.2195394376508813,-0.1696099055234352,839949900,23.598838149760468,1,1,1
2022-06-21,VTRS,9.37302303314209,10.600000381469728,10.729999542236328,10.5,10.59000015258789,11736300,0.0283018137985149,-0.0283019037677872,0.3828569139753067,0.2296261750093091,-0.1894759713481928,851686200,26.21083960240226,1,1,1
2022-06-22,VTRS,9.399548530578612,10.630000114440918,10.779999732971191,10.4399995803833,10.510000228881836,7762700,0.0169332364287795,-0.019755412595122,0.3721426555088585,0.2382426508529481,-0.2004881414143522,859448900,28.44312719412828,1,1,1
2022-06-23,VTRS,9.4879732131958,10.729999542236328,10.75,10.529999732971191,10.640000343322754,7488100,-0.0242310611649225,-0.0354146483670213,0.3621426991053987,0.2441058015497241,-0.1988539825091226,866937000,29.705884085394203,0,0,0
2022-06-24,VTRS,9.691350936889648,10.960000038146973,11.029999732971191,10.760000228881836,10.789999961853027,11833900,-0.0228102188987098,-0.0830291828690508,0.3528570447649271,0.2435348770495191,-0.1769598984223073,878770900,38.39009808964061,0,0,0
2022-06-27,VTRS,9.788619041442873,11.06999969482422,11.149999618530272,10.890000343322754,10.9399995803833,8283300,-0.0514904887568085,-0.0767840516014494,0.3571427209036687,0.2383399330225537,-0.1490148753324884,887054200,39.32925889635483,0,0,0
2022-06-28,VTRS,9.638296127319336,10.899999618530272,11.270000457763672,10.899999618530272,11.079999923706056,7025100,-0.0550458209902497,-0.0844036796781093,0.367857115609305,0.2270323901780311,-0.1389837109028597,880029100,35.13512816892573,0,0,0
2022-06-29,VTRS,9.55871295928955,10.8100004196167,10.949999809265137,10.699999809265137,10.9399995803833,6399700,-0.036077736187228,-0.0888066605811482,0.3735713958740233,0.2122220326384955,-0.1367200998140294,873629400,34.513282800776,0,0,0
2022-06-30,VTRS,9.258069038391112,10.470000267028809,10.65999984741211,10.399999618530272,10.649999618530272,9991600,-0.0114613068288997,-0.0592167974925014,0.3835714203970773,0.2043709697871645,-0.1605110708219399,863637800,33.52435968553338,0,0,0
2022-07-01,VTRS,9.470288276672363,10.710000038146973,10.739999771118164,10.279999732971191,10.449999809265137,6541900,-0.0616246353932135,-0.0821662102060246,0.3821428843906947,0.1866103966121093,-0.1581762535928206,870179700,42.59818957435002,0,0,0
2022-07-05,VTRS,9.284597396850586,10.5,10.539999961853027,10.25,10.5,6803200,-0.0266666412353515,-0.0409524100167408,0.3764286041259765,0.1804794763670935,-0.1712965422416434,863376500,45.63106076972933,0,0,0
2022-07-06,VTRS,9.107748031616213,10.300000190734863,10.539999961853027,10.140000343322754,10.479999542236328,7775000,-0.0310680235507553,-0.0320388269509838,0.3635714394705636,0.1727076792400188,-0.1955782740618215,855601500,49.647895955445904,0,0,0
2022-07-07,VTRS,9.21385669708252,10.420000076293944,10.510000228881836,10.289999961853027,10.289999961853027,5939000,-0.0547024655135075,-0.0518234124663352,0.340714318411691,0.1519140885702422,-0.2028009702403057,861540500,44.573646419561385,0,0,0
2022-07-08,VTRS,9.151959419250488,10.350000381469728,10.59000015258789,10.279999732971191,10.449999809265137,6106600,-0.048309176963431,-0.0772947015699784,0.3278572218758721,0.124214700823192,-0.2117326768591088,855433900,51.569522260183945,0,0,0
2022-07-11,VTRS,8.886685371398926,10.050000190734863,10.239999771118164,10.029999732971191,10.220000267028809,10207300,-0.0218905734182598,-0.0308458123117738,0.3278572899954662,0.1074621635430236,-0.2402491838485989,845226600,41.27659332703501,0,0,0
2022-07-12,VTRS,9.03700828552246,10.220000267028809,10.329999923706056,9.960000038146973,10.010000228881836,9396000,-0.014677159323421,-0.0293542253323327,0.3350001743861611,0.0996334186242046,-0.2462920344197794,854622600,42.01679830454205,0,0,0
2022-07-13,VTRS,8.824788093566895,9.979999542236328,10.1899995803833,9.899999618530272,10.140000343322754,8601100,-0.0010019314294756,0.0090180517751532,0.3335716383797787,0.1091618791685982,-0.2673650716379718,846021500,37.45172252413736,0,0,0
2022-07-14,VTRS,8.709836959838867,9.850000381469728,9.880000114440918,9.68000030517578,9.81999969482422,9753700,0.0030456580517119,-0.0071066645469604,0.3392858505249029,0.1219728761928797,-0.2911986940024018,836267800,33.206116039643774,1,1,1
2022-07-15,VTRS,8.709836959838867,9.850000381469728,10.020000457763672,9.670000076293944,9.989999771118164,9740600,-0.0304568709762934,-0.0162437355218206,0.3428572927202505,0.1323874241403408,-0.3065532563220863,836267800,26.778234663889464,0,0,0
2022-07-18,VTRS,8.692151069641113,9.829999923706056,10.210000038146973,9.8100004196167,9.979999542236328,11776100,-0.0091556615754235,-0.017294005860974,0.3528573172433044,0.1420776939161632,-0.3166851777750992,824491700,23.04347429473684,0,0,0
2022-07-19,VTRS,8.904369354248047,10.06999969482422,10.18000030517578,9.899999618530272,9.899999618530272,14005600,-0.0148956924603854,-0.0357497187276262,0.3514287131173275,0.1455359557695189,-0.3018690640918215,838497300,32.489445194686496,0,0,0
2022-07-20,VTRS,8.815947532653809,9.970000267028809,10.229999542236328,9.90999984741211,10.0600004196167,11771900,0.010030032609539,-0.0220662247880131,0.3564286913190574,0.1495913088943527,-0.2947980568525139,826725400,32.35293174814973,1,1,1
2022-07-21,VTRS,8.736364364624023,9.880000114440918,9.989999771118164,9.789999961853027,9.970000267028809,8530700,-0.0101214959829365,-0.0263158123350435,0.3414286204746795,0.1541767048548261,-0.2930780712520615,818194700,36.150225703010456,0,0,0
2022-07-22,VTRS,8.444562911987305,9.550000190734863,10.020000457763672,9.449999809265137,9.960000038146973,15392500,0.0146596216599306,0.0188480992572226,0.3492858069283625,0.1649026404424965,-0.3147153633849306,802802200,23.873869229731586,1,1,1
2022-07-25,VTRS,8.612568855285645,9.739999771118164,9.84000015258789,9.449999809265137,9.600000381469728,37913800,-0.0082135447213538,0.0359343315908051,0.3442858287266326,0.1605395072353943,-0.3129244962403898,840716000,32.72725854037466,0,0,0
2022-07-26,VTRS,8.771734237670898,9.920000076293944,9.970000267028809,9.68000030517578,9.6899995803833,13922500,-0.0211693585213585,0.054435479606848,0.3364287103925437,0.144106575322394,-0.2935963053724926,854638500,41.28439845224731,0,0,0
2022-07-27,VTRS,8.904369354248047,10.06999969482422,10.130000114440918,9.800000190734863,9.93000030517578,14351100,-0.03177752775789,0.0695134840271383,0.3442858287266327,0.1287253256681475,-0.263141527512067,868989600,42.08143605287423,0,0,0
2022-07-28,VTRS,8.64793872833252,9.779999732971191,10.06999969482422,9.640000343322754,10.0,14335700,-0.0163599030450587,0.1206544312263793,0.3528571810041161,0.1165963481072735,-0.259416082811839,854653900,38.27158846469775,0,0,0
2022-07-29,VTRS,8.56835651397705,9.6899995803833,9.84000015258789,9.600000381469728,9.779999732971191,12985800,0.0041279632182857,0.1486068726951024,0.3471428326198036,0.1157722878704862,-0.2607204778222378,841668100,41.89187563739403,1,1,1
2022-08-01,VTRS,8.541828155517578,9.65999984741211,9.779999732971191,9.56999969482422,9.68000030517578,9739000,0.0445134898517598,0.1501035022949393,0.335714272090367,0.1029530779972328,-0.2611644072802566,831929100,36.538444785668496,1,1,1
2022-08-02,VTRS,8.586041450500488,9.710000038146973,9.800000190734863,9.630000114440918,9.65999984741211,9753200,0.0772399585019083,0.1369721852194625,0.3249999455043247,0.0942587513882261,-0.2545473634946678,841682300,42.85715006557148,1,1,1
2022-08-03,VTRS,8.621413230895996,9.75,9.770000457763672,9.65999984741211,9.729999542236328,8913300,0.1046154315655047,0.1025641025641026,0.3114286150251115,0.0899483910180232,-0.2432713651274287,850595600,47.2222104484602,1,1,1
2022-08-04,VTRS,8.506460189819336,9.619999885559082,9.81999969482422,9.609999656677246,9.729999542236328,9883500,0.1392931568117179,0.100831629788781,0.3014285905020576,0.0808858497545258,-0.242034949722429,840712100,44.04143592764128,1,1,1
2022-08-05,VTRS,8.603727340698242,9.729999542236328,9.760000228881836,9.460000038146973,9.56999969482422,16007600,0.1438849576639154,0.0863309549955875,0.2942857742309569,0.0689727262388989,-0.2295331137616667,856719700,47.524741256641455,1,1,1
2022-08-08,VTRS,8.922056198120117,10.09000015258789,10.619999885559082,10.020000457763672,10.18000030517578,42499500,0.1010901376277724,0.0257681095094088,0.3328572000776019,0.0700176017530074,-0.1884044686502708,899219200,50.46730054831829,1,1,1
2022-08-09,VTRS,9.249227523803713,10.460000038146973,10.5,9.869999885559082,10.029999732971191,14504400,0.0554493232878423,-0.0296367512893067,0.3550000871930804,0.0825236376236482,-0.1245184513400445,913723600,60.16597099880176,1,1,1
2022-08-10,VTRS,9.523344993591309,10.770000457763672,10.960000038146973,10.479999542236328,10.520000457763672,13906000,-0.0018570526382154,-0.0566388657775623,0.3764286722455707,0.1146456644060916,-0.0483169119812405,927629600,66.92015788204534,0,0,0
2022-08-11,VTRS,9.691350936889648,10.960000038146973,11.109999656677246,10.710000038146973,10.710000038146973,11671500,-0.0337591135284008,-0.0720802882393598,0.364285741533552,0.1468305377440082,0.0270924305325159,939301100,78.31325255060024,0,0,0
2022-08-12,VTRS,9.841673851013184,11.130000114440918,11.149999618530272,10.960000038146973,11.029999732971191,9314800,-0.0503145025928715,-0.1123090734184408,0.3499999727521624,0.1776149250541933,0.0994263382401605,948615900,78.1376557297866,0,0,0
2022-08-15,VTRS,9.82398796081543,11.109999656677246,11.220000267028809,10.949999809265137,11.0,9650200,-0.0684067775601369,-0.1116111439637091,0.3485714367457797,0.1989680295311632,0.1533696614574218,938965700,75.75756199604409,0,0,0
2022-08-16,VTRS,9.762090682983398,11.039999961853027,11.15999984741211,10.970000267028809,11.140000343322754,6588900,-0.0806159734056169,-0.1213768258349682,0.3385714122227258,0.2144295309746708,0.1883011252290423,932376800,71.74888007441218,0,0,0
2022-08-17,VTRS,9.505659103393556,10.75,10.989999771118164,10.539999961853027,10.989999771118164,19975500,-0.0548837351244549,-0.1116278892339661,0.3435714585440497,0.2194303304397977,0.1903892993156368,912401300,71.74888007441224,0,0,0
2022-08-18,VTRS,9.364178657531738,10.59000015258789,10.75,10.5,10.75,5060100,-0.0396600632901135,-0.0963173222914837,0.3442857606070381,0.2198298196645912,0.1770921339282072,907341200,69.56522820802537,0,0,0
2022-08-19,VTRS,9.3464937210083,10.56999969482422,10.640000343322754,10.5,10.520000457763672,5708300,-0.0652790539550509,-0.1059602571329789,0.3392857824053083,0.2125685786732156,0.1630605047696924,901632900,69.86898435808172,0,0,0
2022-08-22,VTRS,9.151959419250488,10.350000381469728,10.510000228881836,10.3100004196167,10.5,5915900,-0.0463768577989641,-0.0908213042910184,0.3457142966134209,0.2069351228101409,0.1326590209759697,895717000,63.00813685768974,0,0,0
2022-08-23,VTRS,9.080389976501465,10.149999618530272,10.329999923706056,10.109999656677246,10.210000038146973,8615200,-0.0443349582440965,-0.0423644697204163,0.3550000190734866,0.2045252774444926,0.0913739341113473,887101800,57.63357806112974,0,0,0
2022-08-24,VTRS,9.089337348937988,10.15999984741211,10.229999542236328,9.989999771118164,10.149999618530272,5065500,-0.0600393371888309,-0.047244050142244,0.3571428571428572,0.2038171368984138,0.0587845089958936,892167300,60.79999511718935,0,0,0
2022-08-25,VTRS,9.098281860351562,10.170000076293944,10.210000038146973,10.0600004196167,10.15999984741211,6594800,-0.0589970872142185,-0.0285152369397724,0.3464285305568151,0.1985043230864431,0.0333793137422109,898762100,59.1666719648539,0,0,0
2022-08-26,VTRS,8.83884334564209,9.880000114440918,10.229999542236328,9.859999656677246,10.220000267028809,6601800,-0.043522297590592,0.0232793056247189,0.3092856407165528,0.1943863659132492,-0.0100393326441619,892160300,45.493563110090406,0,0,0
2022-08-29,VTRS,8.829895973205566,9.869999885559082,9.899999618530272,9.649999618530272,9.800000190734863,16592600,-0.0466058807984389,-0.0385005186268442,0.2821427753993444,0.1895005551534218,-0.0447401213460612,875567700,35.02538611683423,0,0,0
2022-08-30,VTRS,8.677809715270996,9.699999809265137,9.93000030517578,9.65999984741211,9.869999885559082,8539400,0.0020619029027781,-0.0278350009689136,0.265714236668178,0.1897612408209902,-0.0849787496761713,867028300,20.765023620364843,1,1,1
2022-08-31,VTRS,8.543618202209473,9.550000190734863,9.829999923706056,9.529999732971191,9.710000038146973,18112000,0.0136125771564945,0.0,0.2585714203970774,0.1952940017376583,-0.1275021032685455,848916300,10.614549546285671,1,1,1
2022-09-01,VTRS,8.56151008605957,9.56999969482422,9.600000381469728,9.31999969482422,9.539999961853027,10137300,0.0323929393419266,-0.028213115224589,0.265000070844378,0.1967490312386062,-0.1577697035828666,859053600,2.439021553616641,1,1,1
2022-09-02,VTRS,8.454156875610352,9.449999809265137,9.6899995803833,9.420000076293944,9.6899995803833,10155800,0.0698412551040499,-0.0169312011260824,0.2650000027247841,0.2046974819441218,-0.1892583305565445,848897800,2.298848684751505,1,1,1
2022-09-06,VTRS,8.41837215423584,9.40999984741211,9.489999771118164,9.31999969482422,9.489999771118164,10133200,0.0085015860789898,-0.0393198609520527,0.2635714667184015,0.2186975104008321,-0.2149629973013311,838764600,2.339179003549887,1,1,1
2022-09-07,VTRS,8.695703506469727,9.720000267028809,9.800000190734863,9.350000381469728,9.350000381469728,15230600,-0.0298353862022758,-0.0699588772113936,0.260000024523054,0.2239014382237175,-0.2079228822481784,853995200,20.231230123751654,0,0,0
2022-09-08,VTRS,8.659918785095215,9.68000030517578,9.739999771118164,9.5600004196167,9.65999984741211,10656900,-0.013429763465132,-0.0764463534569115,0.25499997820173,0.2248282600037565,-0.2032285112033793,843338300,21.739145887236678,0,0,0
2022-09-09,VTRS,8.83884334564209,9.880000114440918,9.93000030517578,9.720000267028809,9.760000228881836,6717700,-0.0587044450392575,-0.1204453967888395,0.262857096535819,0.2162729594600042,-0.1812801900023632,850056000,30.726268293631577,0,0,0
2022-09-12,VTRS,9.044604301452637,10.109999656677246,10.199999809265137,9.9399995803833,9.9399995803833,7800300,-0.0811077866142796,-0.1562809077508256,0.2671428407941545,0.1976906760367837,-0.1436707989114598,857856300,43.333313906636334,0,0,0
2022-09-13,VTRS,8.489940643310547,9.489999771118164,9.920000076293944,9.489999771118164,9.899999618530272,8877800,-0.0474183161347026,-0.1064278454416477,0.2942856379917688,0.1819707496380535,-0.1620261580282989,848978500,35.135133974099645,0,0,0
2022-09-14,VTRS,8.436264038085938,9.43000030517578,9.619999885559082,9.350000381469728,9.520000457763672,8932600,-0.0413574051645253,-0.0742312555976532,0.2964284760611395,0.1630060850190374,-0.1793469676334407,840045900,33.9207046607396,0,0,0
2022-09-15,VTRS,8.543618202209473,9.550000190734863,9.710000038146973,9.420000076293944,9.420000076293944,9464300,-0.0638744081851817,-0.0994764178315723,0.3064285005841935,0.1477956097009267,-0.1813009219788117,849510200,36.97478250799713,0,0,0
2022-09-16,VTRS,8.319962501525879,9.300000190734863,9.550000190734863,9.220000267028809,9.550000190734863,19553600,-0.0655914621334391,-0.0838709373090408,0.3035713604518344,0.1403492871757126,-0.2007087104604679,829956600,37.60682994343979,0,0,0
2022-09-19,VTRS,8.311016082763672,9.289999961853027,9.34000015258789,9.18000030517578,9.220000267028809,8425300,-0.0818084210982325,-0.06135626449567,0.2971427781241281,0.1282437940269012,-0.2144247030510797,821531300,37.60682994343979,0,0,0
2022-09-20,VTRS,8.087362289428711,9.039999961853027,9.229999542236328,9.029999732971191,9.229999542236328,8210900,-0.0619469493340473,0.0188053182534635,0.2964284760611399,0.1297834298383827,-0.2426702846756239,813320400,36.36362919853471,0,0,0
2022-09-21,VTRS,8.087362289428711,9.039999961853027,9.460000038146973,9.029999732971191,9.1899995803833,11299700,-0.0342920819607122,0.0154867637072484,0.3057141985212053,0.1339648010178518,-0.2620345405390072,813320400,38.76650760881352,0,0,0
2022-09-22,VTRS,7.997899055480957,8.9399995803833,9.0600004196167,8.819999694824219,9.010000228881836,8947100,-0.0380312320886033,0.0,0.3028570583888462,0.1374905562031338,-0.2821970558707072,804373300,36.59573898211679,0,0,0
2022-09-23,VTRS,7.774244785308838,8.6899995803833,8.869999885559082,8.430000305175781,8.859999656677246,12430100,-0.0195626157455038,0.0057537621575647,0.3199998991830007,0.14655844964982,-0.3147209974454483,791943200,34.67741191200973,0,0,0
2022-09-26,VTRS,7.631106376647949,8.529999732971191,8.65999984741211,8.479999542236328,8.569999694824219,15122300,0.0222743892151842,0.0257913568482817,0.3228570393153599,0.1663094053223209,-0.3493796745702671,776820900,33.07691715172636,1,1,1
2022-09-27,VTRS,7.586374759674072,8.479999542236328,8.760000228881836,8.420000076293945,8.600000381469727,10598000,0.0860849687874074,0.1073114210152943,0.314999920981271,0.1822781094192738,-0.3765409932358512,766222900,23.50424894657677,1,1,1
2022-09-28,VTRS,7.810029983520508,8.729999542236328,8.75,8.489999771118164,8.5600004196167,11402700,0.0515464818482884,0.0756014702971399,0.3214285714285715,0.1882236041227393,-0.373587143264606,777625600,31.37252848682141,1,1,1
2022-09-29,VTRS,7.693730354309082,8.600000381469727,8.680000305175781,8.449999809265137,8.619999885559082,8143200,0.0395347888177033,0.1220929291262544,0.3235714094979424,0.1981520852502334,-0.3773857734250434,769482400,24.19353908355696,1,1,1
2022-09-30,VTRS,7.622159957885742,8.520000457763672,8.8100004196167,8.5,8.619999885559082,8197400,0.0258215142645941,0.1208919809426332,0.3228571755545481,0.2078388304032661,-0.3824429758871233,761285000,15.879830434175815,1,1,1
2022-10-03,VTRS,7.801083087921143,8.720000267028809,8.789999961853027,8.460000038146973,8.609999656677246,12861200,0.0034403362445554,0.1020641470635745,0.3021428925650462,0.2116742303000038,-0.366092446297662,774146200,29.84293324425714,1,1,1
2022-10-04,VTRS,8.239448547363281,9.210000038146973,9.210000038146973,8.789999961853027,8.789999961853027,8796100,0.0195440069956824,0.043431011604073,0.3178571973528183,0.2104796415191902,-0.3100219077973758,782942300,45.29913798408671,1,1,1
2022-10-05,VTRS,8.21260929107666,9.18000030517578,9.239999771118164,8.979999542236328,9.020000457763672,6141500,0.0228758203884344,0.02178647087325,0.3157143592834474,0.2031801528407735,-0.2649521266133998,776800800,41.77777683587679,1,1,1
2022-10-06,VTRS,7.997899055480957,8.9399995803833,9.149999618530272,8.880000114440918,9.109999656677246,7022800,0.0794183525136731,0.0447427954115675,0.3135715212140764,0.1965563886474528,-0.2457670039984218,769778000,41.96427126928104,1,1,1
2022-10-07,VTRS,7.818975925445557,8.739999771118164,8.899999618530273,8.670000076293945,8.899999618530273,8055600,0.0926773959758433,0.0732265858218523,0.3214286395481653,0.1827986045778194,-0.2438895621873449,761722400,38.68312062727455,1,1,1
2022-10-10,VTRS,7.827921867370605,8.75,8.869999885559082,8.720000267028809,8.819999694824219,10426600,0.0982856750488281,0.0891428266252789,0.3135714530944823,0.1485338771650628,-0.2388415247073236,772149000,43.37899503610246,1,1,1
2022-10-11,VTRS,8.40047836303711,9.390000343322754,9.600000381469728,8.729999542236328,8.739999771118164,25031700,0.0234291059968847,0.0415334798071405,0.3450000626700265,0.1453305201749542,-0.1811105104085406,797180700,56.18375248949442,1,1,1
2022-10-12,VTRS,8.40047836303711,9.390000343322754,9.68000030517578,9.260000228881836,9.399999618530272,10263100,-0.0010649870624283,0.0617678277422528,0.3578571592058453,0.1441006245695946,-0.1338157213093964,797180700,58.24177359698066,0,0,0
2022-10-13,VTRS,8.633079528808594,9.649999618530272,9.81999969482422,9.239999771118164,9.3100004196167,12586200,-0.0321242982587386,0.0227979560337348,0.3628572055271694,0.1484260064053837,-0.0744957509580785,809766900,67.51825643199653,0,0,0
2022-10-14,VTRS,8.543618202209473,9.550000190734863,9.720000267028809,9.510000228881836,9.710000038146973,7500600,-0.0178010547537867,0.0544502087647962,0.3628572055271694,0.1557801003442886,-0.0351481986157047,802266300,69.02987066318127,0,0,0
2022-10-17,VTRS,8.597294807434082,9.609999656677246,9.710000038146973,9.520000457763672,9.649999618530272,6076900,-0.0083246541690008,0.0541103513362108,0.3521428789411272,0.164866318347022,0.0008664872390031,808343200,71.00373776840729,0,0,0
2022-10-18,VTRS,8.597294807434082,9.609999656677246,9.789999961853027,9.56999969482422,9.699999809265137,6872500,0.0176899149185532,0.0665973325897122,0.3485714367457797,0.1751171289886225,0.0290732469572034,808343200,68.03280642777105,1,1,1
2022-10-19,VTRS,8.391533851623535,9.380000114440918,9.5600004196167,9.229999542236328,9.550000190734863,6586600,0.0628998022803388,0.0735607219578833,0.3557143211364745,0.1783389008040578,0.0324936992422735,801756600,65.35433721273827,1,1,1
2022-10-20,VTRS,8.355749130249023,9.34000015258789,9.5,9.300000190734863,9.390000343322754,4399900,0.0567451524959923,0.0353318970358493,0.3478571346827914,0.1801160106309207,0.031612362061475,797356700,66.40000640869633,1,1,1
2022-10-21,VTRS,8.391533851623535,9.380000114440918,9.4399995803833,9.140000343322754,9.279999732971191,5951000,0.0735607219578833,0.0341151056417969,0.3457142284938266,0.1782071623749707,0.0337524810327565,803307700,64.10257141762574,1,1,1
2022-10-24,VTRS,8.525726318359375,9.529999732971191,9.56999969482422,9.359999656677246,9.4399995803833,5641900,0.0629591183926154,0.1511018441139731,0.325714247567313,0.1728502367700897,0.0470103502971976,808949600,58.00000000000001,1,1,1
2022-10-25,VTRS,8.749381065368652,9.779999732971191,9.800000190734863,9.470000267028809,9.479999542236328,12139700,0.0480572883293957,0.1349693951471628,0.3307142257690429,0.1689229373808076,0.0768048592616761,821089300,63.51351061092343,1,1,1
2022-10-26,VTRS,8.91935920715332,9.970000267028809,10.0,9.8100004196167,9.84000015258789,7389700,0.010030032609539,0.0862587395831173,0.3249999455043249,0.1758021708618031,0.1144296042240657,828479000,73.73275474112779,1,1,1
2022-10-27,VTRS,8.829895973205566,9.869999885559082,10.06999969482422,9.859999656677246,9.979999542236328,6076000,-0.0202634054289869,0.1489361989942454,0.3207142693655834,0.170628841404602,0.1346264012799309,822403000,77.29470535361763,0,0,0
2022-10-28,VTRS,9.008818626403809,10.06999969482422,10.1899995803833,9.899999618530272,9.93000030517578,7309600,-0.036742790146186,0.1360476590940944,0.3328571319580081,0.1633825625876122,0.1648702994128843,829712600,79.20355476035756,0,0,0
2022-10-31,VTRS,9.06249713897705,10.130000114440918,10.15999984741211,9.979999542236328,10.020000457763672,9832900,0.082922027946517,0.1411648853919784,0.283571379525321,0.1611365119049576,0.1914731556470084,839545500,72.0238237154052,1,1,1
2022-11-01,VTRS,9.169852256774902,10.25,10.3100004196167,10.06999969482422,10.1899995803833,7649000,0.0829268664848514,0.1043902141291921,0.270714282989502,0.1729434096656953,0.2197064594574094,847194500,73.88890213437818,1,1,1
2022-11-02,VTRS,9.008818626403809,10.06999969482422,10.31999969482422,10.050000190734863,10.199999809265137,7386600,0.0754717231294912,0.1002979403664685,0.2485713958740235,0.1755933664845043,0.2249637932611392,839807900,62.20930941753776,1,1,1
2022-11-03,VTRS,8.650972366333008,9.670000076293944,9.949999809265137,9.649999618530272,9.9399995803833,8033000,0.1726990758136559,0.13340227008017,0.2635713985988075,0.1643600511207384,0.1946102955521187,831774900,52.970294926215296,1,1,1
2022-11-04,VTRS,8.677809715270996,9.699999809265137,9.880000114440918,9.529999732971191,9.75,11510300,0.17938142323015,0.1340206408553887,0.275000027247838,0.1413564004925918,0.171004425099138,843285200,52.261310626616805,1,1,1
2022-11-07,VTRS,9.81397819519043,10.970000267028809,11.43000030517578,10.260000228881836,10.34000015258789,29900300,0.0537830572676631,0.0109389136406634,0.3828571864536834,0.1584832234450173,0.2518716067014637,873185500,70.8589036022558,1,1,1
2022-11-08,VTRS,9.930277824401855,11.100000381469728,11.300000190734863,10.75,11.010000228881836,14810300,0.0198197572787257,-0.0027027644697734,0.3950000490461081,0.1923448307261561,0.3227291329640849,887995800,77.21518719927954,1,1,1
2022-11-09,VTRS,9.68873119354248,10.829999923706056,11.039999961853027,10.81999969482422,11.039999961853027,8277600,0.0230840260167286,0.0175439090855134,0.4007143974304203,0.2041557433570274,0.353027965935544,879718200,71.97638939604587,1,1,1
2022-11-10,VTRS,10.144986152648926,11.34000015258789,11.43000030517578,11.050000190734863,11.149999618530272,9749100,-0.0335097098172612,-0.017636667246384,0.4221430506025043,0.2351205264104456,0.4134270360554843,889467300,75.38859124324736,0,0,0
2022-11-11,VTRS,10.234450340270996,11.4399995803833,11.529999732971191,11.1899995803833,11.369999885559082,8520700,-0.0384615031925166,-0.033216711075602,0.4314287730625697,0.2594183698747076,0.464013987955866,897988000,75.06560576069138,0,0,0
2022-11-14,VTRS,10.341803550720217,11.5600004196167,11.699999809265137,11.3100004196167,11.399999618530272,12861300,-0.0406574610699186,-0.0328719810248518,0.4357144492013113,0.2811426235294209,0.5079324475550582,910849300,74.18477739751762,0,0,0
2022-11-15,VTRS,10.127095222473145,11.31999969482422,11.84000015258789,11.270000457763672,11.65999984741211,6594700,-0.0220848062490943,-0.0256183718790755,0.4607144083295549,0.288953008199851,0.5174077361743397,904254600,68.09649541533514,0,0,0
2022-11-16,VTRS,9.912385940551758,11.079999923706056,11.350000381469728,10.979999542236328,11.270000457763672,24691800,-0.0054151142920149,0.0144404195409588,0.4721430369785854,0.2822491277667842,0.4997897300042453,879562800,65.63306818571063,0,0,0
2022-11-17,VTRS,9.805031776428224,10.960000038146973,11.010000228881836,10.84000015258789,10.899999618530272,6425500,0.0164233854515765,0.0191605873554792,0.4664287567138673,0.2687982768240388,0.4707181989146516,873137300,61.74142354064623,1,1,1
2022-11-18,VTRS,9.840816497802734,11.0,11.039999961853027,10.869999885559082,11.010000228881836,7382400,0.005454583601518,-0.0072727203369141,0.465714454650879,0.2531799864971094,0.4457679285060703,880519700,61.53845570083273,1,1,1
2022-11-21,VTRS,9.921334266662598,11.09000015258789,11.130000114440918,10.859999656677246,11.010000228881836,7282100,0.0081154329440551,-0.014427398125398,0.4678572927202499,0.2395288816458402,0.4283195188082835,887801800,61.2299435241463,1,1,1
2022-11-22,VTRS,10.01177215576172,11.06999969482422,11.100000381469728,10.9399995803833,10.9399995803833,8322700,-0.003613366120663,-0.0153568275501789,0.460000242505755,0.2296683427813665,0.4081725001202283,879479100,63.96647330352612,0,0,0
2022-11-23,VTRS,9.96655559539795,11.020000457763672,11.079999923706056,10.890000343322754,10.979999542236328,5009600,0.0199636392210402,-0.0054446839495754,0.4435716356549945,0.2218750854711669,0.3837477172786574,874469500,70.89782934374838,1,1,1
2022-11-25,VTRS,10.075081825256348,11.140000343322754,11.140000343322754,10.899999618530272,11.010000228881836,5012100,0.002692974151403,-0.0323160322492579,0.4357145173209056,0.2102913686970337,0.3698109384897918,879481600,71.68674456535166,1,1,1
2022-11-28,VTRS,10.002729415893556,11.0600004196167,11.170000076293944,10.979999542236328,11.119999885559082,19132600,-0.012658258409687,0.0072332658834408,0.3257145200456894,0.2011121092599528,0.3482956798440177,860349000,52.1126785787842,0,0,0
2022-11-29,VTRS,10.111258506774902,11.18000030517578,11.199999809265137,11.0,11.109999656677246,7462800,-0.0223613589602732,0.0143112560862845,0.3007144927978518,0.1925250577561768,0.3370424546266104,867811800,51.886789906530886,0,0,0
2022-11-30,VTRS,9.975595474243164,11.029999732971191,11.140000343322754,10.739999771118164,11.119999885559082,19675200,-0.0117860487387247,0.0262919282750435,0.3121430533272881,0.1842856478108791,0.3124190279171479,848136600,54.99999284744601,0,0,0
2022-12-01,VTRS,10.165520668029783,11.239999771118164,11.260000228881836,10.960000038146973,11.039999961853027,9302600,-0.0249110087787249,-0.0088967464263091,0.2907144682747981,0.1698873491044901,0.306318978376817,857439200,47.05881362968281,0,0,0
2022-12-02,VTRS,10.102213859558104,11.170000076293944,11.229999542236328,11.100000381469728,11.18000030517578,4142000,-0.0349149812586347,-0.018800361388775,0.2764286994934085,0.1286986641078966,0.2924649014760287,853297200,41.91618749796552,0,0,0
2022-12-05,VTRS,9.87611198425293,10.920000076293944,11.140000343322754,10.850000381469728,11.140000343322754,5101700,0.0201465444589514,-0.0009157718692276,0.2714287212916783,0.06321184830495,0.2583346144286764,848195500,32.22221456928092,1,1,1
2022-12-06,VTRS,9.88515567779541,10.93000030517578,11.0,10.770000457763672,10.899999618530272,6247800,0.0375114214057212,-0.017383396958154,0.2471429961068289,0.0639350012872208,0.2294481158900865,854443300,37.57963485807854,1,1,1
2022-12-07,VTRS,9.858022689819336,10.899999618530272,10.989999771118164,10.84000015258789,10.93000030517578,5676800,0.0385321184397051,-0.0045870861293925,0.2314286231994627,0.0663576116837607,0.2018082333039128,848766500,43.38234469140222,1,1,1
2022-12-08,VTRS,9.912288665771484,10.960000038146973,11.0,10.81999969482422,10.899999618530272,6748300,0.0164233854515765,-0.0191605873554794,0.2271429470607208,0.0634379332232314,0.1826396039730138,855514800,50.0,1,1,1
2022-12-09,VTRS,9.74949550628662,10.779999732971191,11.050000190734863,10.770000457763672,10.960000038146973,5832400,0.0166976168492138,0.0213358535814407,0.2350000653948099,0.0662066958513423,0.1511810853781092,849682400,42.36110973137539,1,1,1
2022-12-12,VTRS,10.075081825256348,11.140000343322754,11.170000076293944,10.720000267028809,10.760000228881836,7392500,-0.0206463634490375,-0.0089766946488171,0.2478571619306286,0.0599443388387118,0.1535292339101115,857074900,51.46199221780335,0,0,0
2022-12-13,VTRS,10.255964279174805,11.34000015258789,11.449999809265137,11.270000457763672,11.350000381469728,12107400,-0.0529100858374151,-0.0370370432665381,0.2585713522774826,0.0501398886107625,0.1695737312607779,869182300,57.14286435127479,0,0,0
2022-12-14,VTRS,10.237874031066896,11.31999969482422,11.43000030517578,11.210000038146973,11.289999961853027,7602800,-0.0415193750905653,-0.0167844156806978,0.2607142584664472,0.0501398886107625,0.178616264106953,861579500,58.06448470380255,0,0,0
2022-12-15,VTRS,10.075081825256348,11.140000343322754,11.34000015258789,11.130000114440918,11.260000228881836,6480300,-0.0350090064006611,-0.0008976865865026,0.2585713522774822,0.0504534580329714,0.1693064340050423,855099200,50.0,0,0,0
2022-12-16,VTRS,9.912288665771484,10.960000038146973,11.100000381469728,10.890000343322754,11.079999923706056,25123100,0.0045620611825578,0.0383211747109588,0.262857028416224,0.0504534580329714,0.1457239908171015,829976100,47.52474593107303,1,1,1
2022-12-19,VTRS,9.86706829071045,10.90999984741211,11.140000343322754,10.869999885559082,10.949999809265137,9274700,0.0119156843500556,0.0769935989309056,0.2678570747375479,0.0517652840547538,0.1215984262002116,820701400,43.07692081970891,1,1,1
2022-12-20,VTRS,9.713318824768066,10.739999771118164,11.010000228881836,10.729999542236328,10.979999542236328,7303700,0.0167598053083608,0.1024208943121052,0.2564285142081117,0.0577602939566279,0.0877496338621028,813397700,42.63960300082734,1,1,1
2022-12-21,VTRS,9.812804222106934,10.850000381469728,10.970000267028809,10.81999969482422,10.850000381469728,5545400,0.0258064260946377,0.115207369221371,0.2514285360063817,0.0598320551113041,0.0690049064017479,818943100,39.57222414883425,1,1,1
2022-12-22,VTRS,9.722363471984863,10.75,10.8100004196167,10.5600004196167,10.800000190734863,5754500,0.035348847854969,0.1172093236169149,0.2621428625924241,0.0640569131094355,0.0455552472611291,813188600,38.9473863849686,1,1,1
2022-12-23,VTRS,9.957508087158203,11.010000228881836,11.029999732971191,10.710000038146973,10.720000267028809,6653800,0.03360580180448,0.0753860042190344,0.2621428625924244,0.0633517183157855,0.0474046180758787,819842400,52.35602041957599,1,1,1
2022-12-27,VTRS,9.984641075134276,11.039999961853027,11.079999923706056,10.9399995803833,11.029999732971191,4498100,0.0643115978804589,0.0661232335537178,0.2557143483843121,0.0632866672952215,0.0507064728478034,824340500,52.84972736324312,1,1,1
2022-12-28,VTRS,9.87611198425293,10.920000076293944,11.130000114440918,10.850000381469728,11.039999961853027,5431300,0.0842490906470927,0.0677655463322404,0.2650000708443775,0.0622396753976445,0.0431429041162765,818909200,50.49506025609431,1,1,1
2022-12-29,VTRS,10.066039085388184,11.130000114440918,11.220000267028809,10.869999885559082,10.869999885559082,6404600,0.0871518649645166,0.0368373623716449,0.2771429334368023,0.0630023608279767,0.0534775139467047,825313800,53.9170488685126,1,1,1
2022-12-30,VTRS,10.066039085388184,11.130000114440918,11.18000030517578,10.960000038146973,11.09000015258789,6588000,0.0790655979687851,0.0637915571290752,0.2728572572980606,0.0609194671471417,0.0609650001221488,825313800,58.79397201663127,1,1,1
2023-01-03,VTRS,10.292139053344728,11.380000114440918,11.470000267028809,11.1899995803833,11.1899995803833,10148300,0.0404217955642411,0.0079086249281916,0.2650001389639717,0.0666777728957662,0.0860795263265892,835462100,56.382969009660485,1,1,1
2023-01-04,VTRS,10.62677001953125,11.75,11.779999732971191,11.43000030517578,11.5,10617500,0.0017021666181848,-0.0195744291264959,0.2714287212916781,0.0877045946894191,0.1342908465447347,846079600,59.999990695865485,1,1,1
2023-01-05,VTRS,10.708166122436523,11.84000015258789,11.880000114440918,11.5,11.670000076293944,9215500,-0.0152027282817591,-0.0202702506778013,0.2828572818211147,0.1061703804896686,0.1777123677591845,855295100,62.26415688476101,0,0,0
2023-01-06,VTRS,10.94331169128418,12.100000381469728,12.109999656677246,11.800000190734863,11.920000076293944,7879700,-0.0462810249555282,-0.0231405518857923,0.2900000980922154,0.1298592377358485,0.2304476249433094,863174800,71.81816566090224,0,0,0
2023-01-09,VTRS,10.86191463470459,12.010000228881836,12.1899995803833,11.979999542236328,12.119999885559082,12884500,-0.0141548770236595,-0.0341382047958778,0.2871429579598563,0.1438926873526582,0.2619587387706605,850290300,74.88150266418428,0,0,0
2023-01-10,VTRS,10.708166122436523,11.84000015258789,12.029999732971191,11.760000228881836,12.0,7872500,-0.0312499899316479,-0.0168918755648345,0.2871428898402622,0.1465138870508483,0.2701003889450444,842417800,70.8520112251242,0,0,0
2023-01-11,VTRS,10.644858360290527,11.770000457763672,11.869999885559082,11.359999656677246,11.84000015258789,13306800,-0.0212404409750974,-0.0110450390301529,0.3035714285714285,0.1507420798451449,0.2678170863441806,829111000,74.17840774974154,0,0,0
2023-01-12,VTRS,10.54537296295166,11.65999984741211,11.829999923706056,11.59000015258789,11.760000228881836,12017700,-0.0051457518634271,0.0197256002504744,0.304285662514823,0.1531048933316896,0.2542011500180923,817093300,69.01406243563808,0,0,0
2023-01-13,VTRS,10.436844825744627,11.539999961853027,11.609999656677246,11.43000030517578,11.579999923706056,14142600,0.0242634084832555,0.0346620121189362,0.2999999182564873,0.1539579643027187,0.2310638739913066,802950700,68.37208724653888,1,1,1
2023-01-17,VTRS,10.708166122436523,11.84000015258789,11.859999656677246,11.5,11.5,9489600,-0.0202702506778013,0.0270270009037352,0.3028570583888464,0.1576410215422716,0.2342348111344545,812440300,68.9497653265005,0,0,0
2023-01-18,VTRS,10.373537063598633,11.470000267028809,11.850000381469728,11.380000114440918,11.81999969482422,10628900,0.0148212791923485,0.0688753220105782,0.3264284815107074,0.1541286962248133,0.2045341606335231,801811400,58.498027440180486,1,1,1
2023-01-19,VTRS,10.418758392333984,11.520000457763672,11.670000076293944,11.260000228881836,11.399999618530272,9961200,0.0104166563186385,0.0581596437496749,0.335714203970773,0.149159868708986,0.1829221657910356,811772600,62.195124787846325,1,1,1
2023-01-20,VTRS,10.49110984802246,11.600000381469728,11.630000114440918,11.34000015258789,11.5,7878300,0.0249999958893347,0.0499999917786695,0.3314284597124373,0.1389021290909349,0.170286868409045,819650900,60.085838842198896,1,1,1
2023-01-23,VTRS,10.690077781677246,11.81999969482422,11.850000381469728,11.579999923706056,11.619999885559082,7245600,0.0101522748441038,0.019458587296864,0.3349999019077848,0.1319512151958271,0.1759966305749767,826896500,63.529402524955415,1,1,1
2023-01-24,VTRS,10.49110984802246,11.600000381469728,11.789999961853027,11.579999923706056,11.760000228881836,5518500,0.0482758144419499,0.0439654533134508,0.3278570175170901,0.1170093473564685,0.1609146285789826,821378000,54.36508552227495,1,1,1
2023-01-25,VTRS,10.527284622192385,11.640000343322754,11.670000076293944,11.40999984741211,11.579999923706056,7145200,0.0532645934082589,0.024054959167747,0.3178570611136301,0.1087123087116873,0.1504553404555331,828523200,47.48859183210452,1,1,1
2023-01-26,VTRS,10.527284622192385,11.640000343322754,11.65999984741211,11.470000267028809,11.5600004196167,5423400,0.0472507921682365,0.0068728454764992,0.3042855943952289,0.099705750603682,0.1405461507239938,828523200,45.23809848188632,1,1,1
2023-01-27,VTRS,10.753385543823242,11.890000343322754,12.09000015258789,11.81999969482422,11.899999618530272,9864500,0.0243902399898487,-0.0042052303861321,0.3142856189182827,0.0850941905853094,0.1511238949431703,838387700,44.97607371677136,1,1,1
2023-01-30,VTRS,10.79860496520996,11.9399995803833,12.010000228881836,11.779999732971191,11.829999923706056,8186900,0.0092127817602511,0.0033500806749393,0.3157142230442593,0.0763530746685499,0.1616776348810518,846574600,48.292665680116905,1,1,1
2023-01-31,VTRS,10.997575759887695,12.15999984741211,12.199999809265137,11.90999984741211,11.9399995803833,12176300,-0.0041118578422929,-0.0287828480417207,0.3171428271702359,0.0694761536782498,0.1856536332291991,858750900,57.619045889024925,0,0,0
2023-02-01,VTRS,11.08801555633545,12.260000228881836,12.399999618530272,12.050000190734863,12.0600004196167,9534300,-0.0277324752235262,-0.0334420750210296,0.3057141985212053,0.0726068787332796,0.2102997748074777,868285200,61.50234657702423,0,0,0
2023-02-02,VTRS,11.024706840515137,12.1899995803833,12.25,12.029999732971191,12.239999771118164,13719600,-0.0385561385999418,-0.0442986038098001,0.304999964577811,0.0779842193185746,0.2216287539437669,854565600,62.67942430903075,0,0,0
2023-02-03,VTRS,11.015665054321287,12.18000030517578,12.260000228881836,12.100000381469728,12.1899995803833,7055700,-0.0279146259498375,-0.0402299435562623,0.2999999863760808,0.0823575890256318,0.2271813879634105,847509900,66.16163635216418,0,0,0
2023-02-06,VTRS,10.898090362548828,12.050000190734863,12.109999656677246,11.81999969482422,12.050000190734863,10046400,-0.0058091823560598,-0.045643168633122,0.3000000544956746,0.0815285055849534,0.2185724010665524,837463500,55.80111079439028,0,0,0
2023-02-07,VTRS,10.952354431152344,12.109999656677246,12.239999771118164,11.970000267028809,12.100000381469728,6456000,-0.0247728526478637,-0.0511973495570847,0.285714285714285,0.0830660586928885,0.2141228969226318,843919500,71.33334011502599,0,0,0
2023-02-08,VTRS,10.780517578125,11.920000076293944,12.100000381469728,11.899999618530272,12.039999961853027,4907600,-0.0058724575818944,-0.0318792040275777,0.2714285850524897,0.083268588834573,0.1930400095209172,839011900,62.19512904280021,0,0,0
2023-02-09,VTRS,10.599637031555176,11.720000267028809,12.0,11.6899995803833,11.979999542236328,7785100,-0.0059727514422901,-0.0179180915838161,0.2728571891784663,0.0836068779846166,0.1583677909084428,831226800,53.40909275634502,0,0,0
2023-02-10,VTRS,10.708166122436523,11.84000015258789,11.890000343322754,11.670000076293944,11.720000267028809,6275000,-0.0126689670837381,-0.0540540823542867,0.269285746983119,0.0824056629638382,0.1389708265596958,837501800,50.60242417418015,0,0,0
2023-02-13,VTRS,10.834783554077148,11.979999542236328,12.0600004196167,11.789999961853027,11.800000190734863,6171800,-0.0400667412835915,-0.0484140188537759,0.2714286531720838,0.0792354239943048,0.1333581040754001,843673600,62.02530499508672,0,0,0
2023-02-14,VTRS,10.681032180786133,11.8100004196167,12.050000190734863,11.789999961853027,12.020000457763672,6939600,-0.0270957355739807,-0.0423370010359599,0.271428653172084,0.079337322026044,0.1138797378849929,836734000,54.97077067050666,0,0,0
2023-02-15,VTRS,10.717209815979004,11.850000381469728,11.890000343322754,11.640000343322754,11.720000267028809,10006500,-0.026160372121292,-0.0607595142490207,0.2757143974304196,0.0730929138613665,0.1005120150302456,846740500,56.000010899152905,0,0,0
2023-02-16,VTRS,10.536328315734863,11.649999618530272,11.75,11.579999923706056,11.720000267028809,14637300,-0.0120171153847726,-0.0446351520271512,0.2628573008946007,0.0699234239873005,0.0729388150089302,832103200,42.94114644135987,0,0,0
2023-02-17,VTRS,10.572504997253418,11.6899995803833,11.770000457763672,11.300000190734863,11.529999732971191,7178200,-0.0419161495899812,-0.0710008514541657,0.2800001416887553,0.068055096985334,0.0536955491000608,839281400,42.60354428551116,0,0,0
2023-02-21,VTRS,10.400668144226074,11.5,11.649999618530272,11.390000343322754,11.609999656677246,7748300,-0.0086956853451937,-0.0669565615446671,0.2807143756321495,0.0739904942907679,0.0228503394930204,831533100,30.120461854703606,0,0,0
2023-02-22,VTRS,10.39162254333496,11.489999771118164,11.65999984741211,11.390000343322754,11.489999771118164,6557300,-0.015665740216455,-0.0809398929527533,0.2750000953674315,0.0767825383696122,-0.0023742770556953,824975800,25.47765786976809,0,0,0
2023-02-23,VTRS,10.436844825744627,11.539999961853027,11.68000030517578,11.460000038146973,11.489999771118164,7382300,-0.0355285830820985,-0.1221836960201947,0.2742857933044431,0.0788788282618854,-0.0181214767767734,832358100,29.032234247426715,0,0,0
2023-02-24,VTRS,10.409711837768556,11.510000228881836,11.5600004196167,11.369999885559082,11.5600004196167,11246400,-0.033014779051645,-0.1311902866077117,0.2764286994934081,0.0816122632785127,-0.0326456549516525,821111700,28.66238788236636,0,0,0
2023-02-27,VTRS,10.129345893859863,11.199999809265137,11.800000190734863,11.039999961853027,11.380000114440918,13395900,-0.0303571569980409,-0.1223214204366106,0.3050001008169993,0.0952893164304914,-0.0683823447737399,807715800,25.71424834578208,0,0,0
2023-02-28,VTRS,10.310226440429688,11.399999618530272,11.5600004196167,11.170000076293944,11.289999961853027,11022100,-0.0587719384836542,-0.1359648499058787,0.3135715893336707,0.1001359592062417,-0.0796474891115046,818737900,31.216914664243305,0,0,0
2023-03-01,VTRS,10.22883129119873,11.3100004196167,11.43000030517578,11.25,11.399999618530272,7621700,-0.0663129948871759,-0.1600353980957712,0.3114287512642996,0.1027357350238707,-0.0947452164790796,811116200,32.96088492548286,0,0,0
2023-03-02,VTRS,10.066039085388184,11.130000114440918,11.289999961853027,11.0600004196167,11.289999961853027,7375000,-0.0898472587347526,-0.1464510420198496,0.307143007005964,0.1055550776985702,-0.1198532013938606,803741200,33.33331537335036,0,0,0
2023-03-03,VTRS,10.066039085388184,11.130000114440918,11.229999542236328,11.100000381469728,11.18000030517578,9855000,-0.1015274126524733,-0.152740322712075,0.3007143565586632,0.1070322115849231,-0.1381588510975344,803741200,28.484829919272897,0,0,0
2023-03-06,VTRS,9.821847915649414,10.859999656677246,11.140000343322754,10.739999771118164,11.130000114440918,16955900,-0.0948434406568232,-0.1307550756155744,0.3100000790187288,0.1145478970485596,-0.1724649225548109,786785300,18.53932433771868,0,0,0
2023-03-07,VTRS,9.70427417755127,10.729999542236328,10.890000343322754,10.640000343322754,10.869999885559082,13983100,-0.0820129728153923,-0.1006523736981414,0.3092857769557405,0.1258684177111605,-0.2077478660444871,772802200,18.965504956638043,0,0,0
2023-03-08,VTRS,9.658544540405272,10.5600004196167,10.640000343322754,10.479999542236328,10.56999969482422,7025700,-0.1003788236265216,-0.1098485563439525,0.3092857769557405,0.1371156102348625,-0.2465848843602511,765776500,15.508020299494548,0,0,0
2023-03-09,VTRS,9.265251159667969,10.130000114440918,10.539999961853027,10.079999923706056,10.539999961853027,9335300,-0.0621915209598877,-0.0918065443898673,0.3242857796805242,0.1653778190542895,-0.308504682207305,756441200,13.80952575579846,0,0,0
2023-03-10,VTRS,9.14634895324707,10.0,10.239999771118164,9.90999984741211,10.06999969482422,8784100,-0.056999969482422,-0.0670000076293944,0.3142857551574703,0.1936348196242833,-0.3638720009635925,747657100,11.415527301436413,0,0,0
2023-03-13,VTRS,8.990861892700195,9.829999923706056,10.029999732971191,9.760000228881836,9.90999984741211,12335500,-0.0396745011545961,-0.0366225492849773,0.3121429170880995,0.2190489771848158,-0.4166655245828359,735321600,11.520736922137049,0,0,0
2023-03-14,VTRS,9.009154319763184,9.850000381469728,10.020000457763672,9.779999732971191,10.0,8683500,-0.020304645197345,-0.0324873742239174,0.3100001471383227,0.2332255312098087,-0.4516841686841975,744005100,12.385340365440896,0,0,0
2023-03-15,VTRS,8.689029693603516,9.5,9.720000267028809,9.43000030517578,9.699999809265137,11314900,-0.0105263559441819,0.0031578666285465,0.3242858478001186,0.2573321382744629,-0.5018932887249115,732690200,8.870976735350382,0,0,0
2023-03-16,VTRS,8.689029693603516,9.5,9.529999732971191,9.229999542236328,9.350000381469728,9800200,-0.031578967445775,0.0063158336438631,0.3321429661342076,0.2727246874290875,-0.5355113367485469,732690200,8.979599939587615,0,0,0
2023-03-17,VTRS,8.625005722045898,9.43000030517578,9.470000267028809,9.289999961853027,9.4399995803833,15567200,-0.0106044939802214,0.020148417204082,0.2928572382245745,0.2881738666628395,-0.5613315912060504,717123000,9.95476304214327,0,0,0
2023-03-20,VTRS,8.63415241241455,9.4399995803833,9.56999969482422,9.34000015258789,9.5,11390500,0.0031780389808333,0.0180084834587506,0.2814286095755441,0.2963149168868018,-0.5743665311068433,728513500,1.4851356602048895,1,1,1
2023-03-21,VTRS,8.826227188110352,9.649999618530272,9.800000190734863,9.56999969482422,9.56999969482422,9537300,-0.0124352217930301,-0.0124352217930301,0.2942857742309571,0.2980587927433073,-0.5612814635289958,738050800,11.2149407763888,0,0,0
2023-03-22,VTRS,8.597567558288574,9.399999618530272,9.649999618530272,9.369999885559082,9.630000114440918,8337600,0.0138297999698477,0.0425532540890818,0.2964286123003278,0.3016800459943722,-0.5645762799448821,729713200,10.85971796269277,1,1,1
2023-03-23,VTRS,8.414641380310059,9.199999809265137,9.489999771118164,9.100000381469728,9.399999618530272,10488300,0.0391305019364254,0.0782609002125966,0.315000057220459,0.3037456029194701,-0.576678171836658,719224900,9.95849735741183,1,1,1
2023-03-24,VTRS,8.533543586730957,9.329999923706056,9.359999656677246,9.079999923706056,9.15999984741211,7014700,0.0310825256403466,0.0557342403018068,0.3064285687037875,0.2965966142448711,-0.5692175005504634,726239600,16.29955799076329,1,1,1
2023-03-27,VTRS,8.661592483520508,9.470000267028809,9.59000015258789,9.329999923706056,9.420000076293944,6892800,0.0147834620592215,0.0464624675793541,0.3071428707667757,0.2899471174304546,-0.5457173175905119,733132400,22.368433711052543,1,1,1
2023-03-28,VTRS,8.716469764709473,9.529999732971191,9.529999732971191,9.390000343322754,9.43000030517578,5556800,0.0,0.0304302172065868,0.2992856843130926,0.2703746956025927,-0.5163002103804413,738689200,26.26726611907304,0,0,0
2023-03-29,VTRS,8.716469764709473,9.529999732971191,9.640000343322754,9.479999542236328,9.619999885559082,6087800,0.0283316332979048,0.0409234369622757,0.27642856325422,0.2468239671765588,-0.487368856180181,738689200,32.758607459926495,1,1,1
2023-03-30,VTRS,8.743908882141113,9.5600004196167,9.670000076293944,9.489999771118164,9.619999885559082,6050000,0.0376568662003968,0.0324267209556055,0.2657143047877718,0.2226517557873503,-0.4567545625737246,744739200,36.58538145510899,1,1,1
2023-03-31,VTRS,8.798787117004395,9.619999885559082,9.710000038146973,9.5600004196167,9.59000015258789,13248500,0.0239085757429069,0.030145526538764,0.2571428843906945,0.1886526811045913,-0.4227775425211391,757987700,43.137252457581695,1,1,1
2023-04-03,VTRS,8.789640426635742,9.609999656677246,9.720000267028809,9.489999771118164,9.6899995803833,18261400,0.0312175027526058,0.0280957822486569,0.2564285823277062,0.1587126651660075,-0.3921371314788207,739726300,42.105236740314986,1,1,1
2023-04-04,VTRS,8.716469764709473,9.529999732971191,9.710000038146973,9.369999885559082,9.6899995803833,12553600,0.0304302172065868,0.0314795591963079,0.2507143020629878,0.1259094790746948,-0.3700440725079268,727172700,51.199990234367554,1,1,1
2023-04-05,VTRS,8.963420867919922,9.800000190734863,9.81999969482422,9.510000228881836,9.520000457763672,16816100,0.0122448860432198,-0.0122448860432201,0.2514285360063821,0.092252607158854,-0.326979171298781,743988800,59.86843054644928,1,1,1
2023-04-06,VTRS,9.073177337646484,9.920000076293944,9.949999809265137,9.81999969482422,9.899999618530272,9231500,-0.0050403417691848,-0.0272177878716853,0.2471427917480465,0.0833019084331085,-0.2799399652777996,753220300,65.60509128548037,0,0,0
2023-04-10,VTRS,9.009154319763184,9.850000381469728,9.970000267028809,9.75,9.949999809265137,10184600,0.0060913161034241,-0.0527919226015382,0.2464285578046521,0.0777861720345202,-0.2454797086914659,743035700,62.57671080676759,1,1,1
2023-04-11,VTRS,9.064030647277832,9.90999984741211,10.029999732971191,9.869999885559082,9.880000114440918,6634700,-0.0030272183080836,-0.0736629216424217,0.233571325029645,0.0803160565184743,-0.2108971604225367,749670400,58.783794233103954,0,0,0
2023-04-12,VTRS,8.98171329498291,9.81999969482422,10.010000228881836,9.800000190734863,9.979999542236328,6416300,0.0010183532782701,-0.0733196879562001,0.2285713468279152,0.0794966082492152,-0.1885786842311265,743254100,65.90909747709762,1,1,1
2023-04-13,VTRS,9.073177337646484,9.920000076293944,9.989999771118164,9.829999923706056,9.850000381469728,5482700,-0.0241935251282605,-0.0665322421709778,0.2128571101597372,0.0846360960375452,-0.1609664153686907,748736800,79.50820120647614,0,0,0
2023-04-14,VTRS,9.02744483947754,9.869999885559082,9.949999809265137,9.8100004196167,9.899999618530272,5487800,-0.0222897942836549,-0.0547112429700334,0.2028570856366835,0.0872580251489182,-0.1414871154881556,743249000,73.68420172046166,0,0,0
2023-04-17,VTRS,9.064030647277832,9.90999984741211,9.970000267028809,9.779999732971191,9.869999885559082,6604500,-0.0585267338684686,-0.0554995155603852,0.1978571074349537,0.0888485146586157,-0.1214222868243819,749853500,71.15382675588441,0,0,0
2023-04-18,VTRS,9.036591529846191,9.880000114440918,9.9399995803833,9.770000457763672,9.93000030517578,5531800,-0.0708501823033379,-0.0769230991982475,0.1999999455043245,0.0888797471194045,-0.1067113907940626,744321700,67.32674763139482,0,0,0
2023-04-19,VTRS,8.990861892700195,9.829999923706056,9.9399995803833,9.75,9.8100004196167,6046500,-0.0742624158598271,-0.070193243717052,0.2021427154541013,0.0900017352934191,-0.0979582949794242,738275200,64.15094679129236,0,0,0
2023-04-20,VTRS,8.853665351867676,9.68000030517578,9.779999732971191,9.65999984741211,9.770000457763672,4773700,-0.0433884362657895,-0.0681818002690778,0.2014284133911132,0.0860324310534293,-0.1019499040674709,733501500,55.08474370796858,0,0,0
2023-04-21,VTRS,8.826227188110352,9.649999618530272,9.75,9.619999885559082,9.699999809265137,4689100,-0.0331605914480804,-0.0383419585684328,0.1999998773847307,0.072592181317926,-0.1063086280247844,728812400,51.30433556714148,0,0,0
2023-04-24,VTRS,8.533543586730957,9.329999923706056,9.529999732971191,9.170000076293944,9.520000457763672,14780300,0.0032154054894433,0.0525187325964657,0.2178569521222795,0.072592181317926,-0.134039129538289,714032100,40.41096829947459,1,1,1
2023-04-25,VTRS,8.396347999572754,9.18000030517578,9.359999656677246,9.15999984741211,9.300000190734863,7315700,-0.0065359932050186,0.0610021184450997,0.2078569275992257,0.0845844535022518,-0.1662035760252074,706716400,38.5621082065246,0,0,0
2023-04-26,VTRS,8.323175430297852,9.100000381469728,9.260000228881836,9.079999923706056,9.199999809265137,5831300,0.0043956000193667,0.0538461264370873,0.1985712732587539,0.0995558410925226,-0.1958913433858082,700885100,23.880588517042423,1,1,1
2023-04-27,VTRS,8.469518661499023,9.260000228881836,9.300000190734863,8.989999771118164,9.109999656677246,7861700,-0.0259179012079943,0.0107990740090386,0.2099999019077843,0.1058474638966241,-0.2041550896054182,708746800,26.0869475077985,0,0,0
2023-04-28,VTRS,8.533543586730957,9.329999923706056,9.34000015258789,9.199999809265137,9.210000038146973,6905100,-0.0053590772930043,-0.0053590772930043,0.2042856216430661,0.1098328015614333,-0.2027189596820378,715651900,31.159392246484728,0,0,0
2023-05-01,VTRS,8.560981750488281,9.359999656677246,9.399999618530272,9.300000190734863,9.3100004196167,6877000,0.0491453050234695,0.0010684005607524,0.1985713413783479,0.1130636344463991,-0.1968904579987,722528900,29.62961393128016,1,1,1
2023-05-02,VTRS,8.341468811035156,9.119999885559082,9.359999656677246,8.930000305175781,9.34000015258789,9547100,0.0679824444450718,0.0032894444460127,0.2142855780465259,0.1226889100916649,-0.209225483059658,712981800,26.666658189556045,1,1,1
2023-05-03,VTRS,8.359763145446777,9.140000343322754,9.25,9.100000381469728,9.15999984741211,10348000,0.0492341129498845,0.0175054531074496,0.2128569739205494,0.1301128769676191,-0.2149098623819991,723329800,22.53520370025859,1,1,1
2023-05-04,VTRS,8.250006675720215,9.020000457763672,9.140000343322754,8.949999809265137,9.119999885559082,9198100,0.0376939225785659,0.0388025953473383,0.2164284842354908,0.1389362641796444,-0.2264869611277813,714131700,21.47650663060189,1,1,1
2023-05-05,VTRS,8.487810134887695,9.279999732971191,9.300000190734863,9.079999923706056,9.100000381469728,14021500,0.0,0.0053879517428452,0.2228569984436032,0.1368686456339178,-0.2122356067254127,728153200,31.578923886109934,0,0,0
2023-05-08,VTRS,8.98171329498291,9.81999969482422,10.09000015258789,9.359999656677246,9.600000381469728,24026400,-0.0458248292515036,-0.0356414906998301,0.2685713768005368,0.1362819648319362,-0.1555744562426841,752179600,48.64863819932413,0,0,0
2023-05-09,VTRS,8.90854263305664,9.739999771118164,9.850000381469728,9.630000114440918,9.739999771118164,12013300,-0.0605749657548667,-0.0513347034650494,0.2707142829895018,0.1329578975191978,-0.1157906489949596,740166300,47.99999491373263,0,0,0
2023-05-10,VTRS,8.771347999572754,9.59000015258789,9.81999969482422,9.260000228881836,9.800000190734863,16503300,-0.0302398287006043,-0.0583942034104745,0.2985713822501045,0.1300395965872997,-0.0952672294215801,723663000,47.99999491373271,0,0,0
2023-05-11,VTRS,8.560981750488281,9.359999656677246,9.5600004196167,9.260000228881836,9.550000190734863,9556400,0.0010684005607524,-0.0352564033985448,0.3128570829119,0.1244090428624656,-0.0964495786669719,714106600,44.08162836331056,1,1,1
2023-05-12,VTRS,8.487810134887695,9.279999732971191,9.399999618530272,9.25,9.380000114440918,7601100,0.0053879517428452,-0.0183189742656938,0.2892856597900388,0.1197213468300492,-0.1026585404663542,706505500,48.868773008491125,1,1,1
2023-05-15,VTRS,8.570127487182617,9.369999885559082,9.43000030517578,9.270000457763672,9.3100004196167,7036900,0.0106723994334136,-0.0202774367880331,0.2864285196576795,0.1111944332747771,-0.0991737144279039,713542400,54.41859763657183,1,1,1
2023-05-16,VTRS,8.368908882141113,9.149999618530272,9.359999656677246,9.140000343322754,9.359999656677246,5863700,0.0098360826601158,0.0,0.289999893733433,0.1044219814429401,-0.1128631316886483,707678700,51.09168687152202,1,1,1
2023-05-17,VTRS,8.506103515625,9.300000190734863,9.359999656677246,9.119999885559082,9.1899995803833,11848400,-0.0290323066909891,-0.0129032132363431,0.2849998474121091,0.0950746234425393,-0.1103364114556626,719527100,50.87719224863463,0,0,0
2023-05-18,VTRS,8.570127487182617,9.369999885559082,9.399999618530272,9.229999542236328,9.289999961853027,8050300,-0.0362860359381534,-0.0042689394174564,0.2871426854814798,0.0897031501371769,-0.1015153710996159,727577400,50.877192248634586,0,0,0
2023-05-19,VTRS,8.533543586730957,9.329999923706056,9.56999969482422,9.300000190734863,9.43000030517578,9588200,-0.0235798787596798,0.0,0.2992855480739047,0.0844308050081214,-0.0966383094174911,717989200,49.344983985350936,0,0,0
2023-05-22,VTRS,8.661592483520508,9.470000267028809,9.670000076293944,9.4399995803833,9.510000228881836,10476400,-0.0306230151716792,0.0042238606890321,0.292857033865792,0.0855039429764346,-0.0805478398639536,728465600,57.990874340593145,0,0,0
2023-05-23,VTRS,8.55968952178955,9.239999771118164,9.43000030517578,9.229999542236328,9.350000381469728,7322900,-0.009740276495375,0.0508658310250078,0.2992856843130926,0.0846990474684095,-0.0853710404303917,721142700,52.08332091570196,0,0,0
2023-05-24,VTRS,8.365152359008789,9.029999732971191,9.210000038146973,8.949999809265137,9.210000038146973,6534500,0.0166113595393466,0.0542636477610674,0.3064285005841934,0.0867185011978841,-0.1049291517186095,714608200,50.20078860033973,1,1,1
2023-05-25,VTRS,8.365152359008789,9.029999732971191,9.0600004196167,8.84000015258789,8.920000076293945,9529300,0.0332226134669169,0.0387597333133655,0.3021428244454517,0.0910504013663174,-0.1190566844746943,714608200,44.39462247778967,1,1,1
2023-05-26,VTRS,8.439260482788086,9.109999656677246,9.18000030517578,9.029999732971191,9.0600004196167,9488600,0.0241493167200681,0.031833147396495,0.2549999782017295,0.0931649340852378,-0.1223867326406615,724096800,29.943517740752696,1,1,1
2023-05-30,VTRS,8.504109382629395,9.18000030517578,9.210000038146973,8.989999771118164,9.0600004196167,10331400,0.0359477029123842,0.0490195854363342,0.2549999782017294,0.0938073647991159,-0.1180169268204878,734428200,34.09094357289307,1,1,1
2023-05-31,VTRS,8.476317405700684,9.149999618530272,9.220000267028809,9.079999923706056,9.109999656677246,15248000,0.0612022342036613,0.0666667361511372,0.2250000408717556,0.0933107687199855,-0.1156415847072249,719180200,36.58537578183689,1,1,1
2023-06-01,VTRS,8.504109382629395,9.18000030517578,9.210000038146973,8.989999771118164,9.149999618530272,8523800,0.0370370524275687,0.0827885893183495,0.2171429225376666,0.0927378005269992,-0.1100694916985336,727704000,43.75003725281509,1,1,1
2023-06-02,VTRS,8.643064498901367,9.329999923706056,9.350000381469728,9.210000038146973,9.25,10189500,0.0053590772930038,0.102893895605268,0.2185715266636436,0.0883908791722904,-0.0924837570460219,737893500,51.65563206688597,1,1,1
2023-06-05,VTRS,8.643064498901367,9.329999923706056,9.380000114440918,9.239999771118164,9.380000114440918,7840400,0.0075026468806669,0.0921757410192598,0.2171429906572612,0.0883058844077369,-0.0776518138619053,737893500,48.591553552395965,1,1,1
2023-06-06,VTRS,8.809812545776367,9.510000228881836,9.550000190734863,9.31999969482422,9.369999885559082,8214300,0.0126182841925326,0.0630914209626634,0.217143058776855,0.0760961548187756,-0.0507874258960896,746107800,63.04347225159265,1,1,1
2023-06-07,VTRS,8.995087623596191,9.710000038146973,9.75,9.489999771118164,9.520000457763672,12644900,0.0051493502099311,0.0350154635687081,0.2185716629028316,0.0745496549276168,-0.0132066536635893,758752700,64.3356368200413,1,1,1
2023-06-08,VTRS,8.819075584411621,9.520000457763672,9.720000267028809,9.420000076293944,9.699999809265137,6159200,0.0441175527756529,0.0252100587791928,0.2278573853628974,0.0723220309486641,0.0012308127975497,752593500,54.83872158592749,1,1,1
2023-06-09,VTRS,8.689383506774902,9.380000114440918,9.489999771118164,9.34000015258789,9.460000038146973,6546700,0.0970149079221358,0.0501066376646652,0.2214288711547849,0.0724982708622428,0.0013600732322682,746046800,51.51515501808216,1,1,1
2023-06-12,VTRS,8.707910537719727,9.399999618530272,9.539999961853027,9.31999969482422,9.390000343322754,7293300,0.0840425525439063,0.0478724235320571,0.2128574507577077,0.0730383870067677,0.0030412482781922,753340100,47.71239956043758,1,1,1
2023-06-13,VTRS,8.920976638793945,9.630000114440918,9.699999809265137,9.359999656677246,9.399999618530272,16920000,0.0498441886326181,0.0093458101265158,0.2200002670288084,0.07890103236931,0.0226713680218253,770260100,62.74509559483969,1,1,1
2023-06-14,VTRS,9.041403770446776,9.760000228881836,9.869999885559082,9.649999618530272,9.6899995803833,11038100,0.0297131101487946,0.0153688130135891,0.2164288248334611,0.0868920060647345,0.0481631077989117,781298200,75.17240109258063,1,1,1
2023-06-15,VTRS,9.208151817321776,9.9399995803833,9.960000038146973,9.75,9.760000228881836,9178600,-0.0181085874346207,0.0040241412013706,0.2157145227704728,0.102363208909893,0.0819453238944785,790476800,77.91408745714318,0,0,0
2023-06-16,VTRS,9.532382011413574,10.289999961853027,10.31999969482422,9.979999542236328,10.0,23647000,-0.0427599205067502,-0.0388726550061367,0.2321430615016393,0.1321001990373752,0.1353992806234139,814123800,81.05261467171545,0,0,0
2023-06-20,VTRS,9.43974494934082,10.1899995803833,10.279999732971191,10.09000015258789,10.199999809265137,14702200,-0.0333659679013238,-0.0274778944554833,0.2307144573756628,0.1486207195286093,0.1677589110986588,799421600,76.16576726507634,0,0,0
2023-06-21,VTRS,9.36563491821289,10.109999656677246,10.199999809265137,10.0,10.18000030517578,10366300,-0.0385756085946905,-0.0267061833094159,0.2350001335144045,0.1593720754351915,0.1848183551799351,789055300,74.24241913397726,0,0,0
2023-06-22,VTRS,9.310052871704102,10.050000190734863,10.130000114440918,9.989999771118164,10.109999656677246,5960600,-0.0139303821557954,-0.0189055254180771,0.2292858532496863,0.1641521688298473,0.1912915422319123,783094700,71.64179600187322,0,0,0
2023-06-23,VTRS,9.041403770446776,9.760000228881836,9.890000343322754,9.579999923706056,9.770000457763672,12886700,0.0225409127249269,0.0174180401954171,0.2507144383021762,0.1569820759897383,0.1710492668429708,770208000,60.00000887139053,1,1,1
2023-06-26,VTRS,9.12477970123291,9.850000381469728,9.899999618530272,9.68000030517578,9.75,7387600,0.0040609096755239,0.0406090967552417,0.2564286504473004,0.1489503972979202,0.1604201542308061,777595600,61.60715426109391,1,1,1
2023-06-27,VTRS,9.12477970123291,9.850000381469728,9.90999984741211,9.699999809265137,9.770000457763672,5158900,0.0060913161034241,0.0395938451314297,0.2550000463213239,0.1414796161591552,0.1502643519935755,777595600,58.25243302750938,1,1,1
2023-06-28,VTRS,9.004350662231445,9.720000267028809,9.920000076293944,9.649999618530272,9.829999923706056,6932300,0.0123456668994272,0.0586419423009394,0.2557143483843122,0.1337248165180188,0.1302247331116426,770663300,50.25126206110608,1,1,1
2023-06-29,VTRS,9.1803617477417,9.90999984741211,9.93000030517578,9.68000030517578,9.6899995803833,6745100,-0.0050454280024959,0.0252270437789445,0.2521429061889647,0.1246173726997778,0.1281967961479804,777408400,59.79898076644752,0,0,0
2023-06-30,VTRS,9.245206832885742,9.979999542236328,10.020000457763672,9.890000343322754,9.989999771118164,7783200,-0.0050099438230379,0.0030060809640863,0.2485714639936173,0.1150631111759798,0.1307310457362369,785191600,65.62499223897497,0,0,0
2023-07-03,VTRS,9.161834716796877,9.890000343322754,10.020000457763672,9.869999885559082,9.949999809265137,4171700,0.0364003684712004,0.029322543153279,0.2435714857918875,0.107801058234742,0.1240473331557421,781019900,62.31158331596113,1,1,1
2023-07-05,VTRS,9.1803617477417,9.90999984741211,9.960000038146973,9.710000038146973,9.81999969482422,6843200,0.0332996900895241,0.0524722972523015,0.237142903464181,0.0989237974063515,0.1189925634185407,787863100,57.86517064629729,1,1,1
2023-07-06,VTRS,9.115516662597656,9.84000015258789,9.899999618530272,9.720000267028809,9.81999969482422,6693100,0.0457316872242921,0.0640244008812571,0.2335714612688337,0.09448494422748,0.1080922118901011,781170000,52.325582684796856,1,1,1
2023-07-07,VTRS,9.134041786193848,9.859999656677246,9.989999771118164,9.81999969482422,9.81999969482422,10711800,0.0304259838925755,0.0628803151265036,0.2307143211364744,0.0937116187436058,0.0999156323932926,791881800,47.43589586838296,1,1,1
2023-07-10,VTRS,9.19888687133789,9.93000030517578,9.9399995803833,9.800000190734863,9.869999885559082,9615000,0.0080563868325722,0.0694863604408608,0.2135714122227257,0.0888099232939158,0.097954937996608,801496800,35.93748952260319,1,1,1
2023-07-11,VTRS,9.49532699584961,10.25,10.3100004196167,9.989999771118164,10.0,15363300,-0.0068292385194361,0.0156097412109375,0.2264285768781388,0.0826785615714802,0.1208295270108621,816860100,52.00001780195452,0,0,0
2023-07-12,VTRS,9.486063957214355,10.239999771118164,10.449999809265137,10.199999809265137,10.350000381469728,6022700,0.0185547400687948,0.0234374781721267,0.2300000190734862,0.0729725160185019,0.1365764998376004,810837400,54.54546667102378,1,1,1
2023-07-13,VTRS,9.532382011413574,10.289999961853027,10.329999923706056,10.229999542236328,10.25,6049000,0.0174927410926215,0.0038872655006139,0.2271428789411272,0.0724025816666621,0.1513460635657466,816886400,58.45070706310912,1,1,1
2023-07-14,VTRS,9.411953926086426,10.15999984741211,10.220000267028809,10.109999656677246,10.1899995803833,5646800,0.0314960334281626,0.0236220250711218,0.2064285959516254,0.0708719167338093,0.1508225381145553,811239600,65.8730218800427,1,1,1
2023-07-17,VTRS,9.272998809814451,10.010000228881836,10.100000381469728,9.90999984741211,10.100000381469728,5981300,0.0609390252476933,0.0519480012187214,0.2085715021405902,0.070627631516188,0.1367278117032064,805258300,56.06061043928328,1,1,1
2023-07-18,VTRS,9.430482864379885,10.18000030517578,10.3100004196167,9.960000038146973,10.020000457763672,8232600,0.022593274591494,0.0039292692194412,0.2185715266636441,0.0676989691485884,0.137688042832254,813490900,61.07383881984863,1,1,1
2023-07-19,VTRS,9.66207504272461,10.43000030517578,10.520000457763672,10.25,10.279999732971191,8213100,0.0047937905654458,0.0,0.2235715048653741,0.0757680687207534,0.1568142861062114,821704000,72.04972144970543,1,1,1
2023-07-20,VTRS,9.69913101196289,10.470000267028809,10.630000114440918,10.43000030517578,10.5600004196167,6731300,-0.0133715701769013,-0.0019102633480015,0.2200000626700269,0.0852433718242691,0.1732030572965222,828435300,69.17812111548685,0,0,0
2023-07-21,VTRS,9.708393096923828,10.479999542236328,10.550000190734863,10.390000343322754,10.489999771118164,4875800,-0.0076335808397359,0.0104962419042329,0.2221429007393977,0.0936459231527058,0.1848671016097967,833311100,67.85717205130231,0,0,0
2023-07-24,VTRS,9.838086128234863,10.619999885559082,10.729999542236328,10.449999809265137,10.460000038146973,6690900,-0.008474590730483,0.0357815554176828,0.2314285550798692,0.1014334054892785,0.2030669688256026,840002000,75.17241787542241,0,0,0
2023-07-25,VTRS,9.643548011779783,10.40999984741211,10.600000381469728,10.350000381469728,10.550000190734863,7859900,-0.0182516410344169,0.0710854737718487,0.2328570910862516,0.1021209028740761,0.1982598307655738,832142100,65.2439081122824,0,0,0
2023-07-26,VTRS,9.708393096923828,10.479999542236328,10.56999969482422,10.369999885559082,10.43000030517578,6782200,-0.0047709197752388,0.074427549686616,0.23357139314924,0.1031281778489949,0.1978182044564782,838924300,69.5121837754352,0,0,0
2023-07-27,VTRS,9.569437980651855,10.329999923706056,10.510000228881836,10.279999732971191,10.460000038146973,6380700,0.011616639539725,0.0803484927237325,0.2378571374075758,0.0960396995275125,0.1832520808904547,832543600,63.27684742122628,1,1,1
2023-07-28,VTRS,9.634283065795898,10.399999618530272,10.449999809265137,10.31999969482422,10.449999809265137,8005400,0.0182692827910382,0.0913462305562766,0.2371429034641814,0.0941955817305136,0.1753355542547261,840549000,63.27682763481035,1,1,1
2023-07-31,VTRS,9.75471305847168,10.529999732971191,10.550000190734863,10.369999885559082,10.4399995803833,20998700,0.0446344044584501,0.0626780497767287,0.2228572028023858,0.0954174094007337,0.1775054008715386,861547700,58.86075681953032,1,1,1
2023-08-01,VTRS,9.467536926269531,10.220000267028809,10.539999961853027,10.149999618530272,10.510000228881836,11849800,0.090997977221368,0.0919764731724983,0.2328572273254398,0.0901498372607702,0.1524532674520262,849697900,49.46809778823439,1,1,1
2023-08-02,VTRS,9.66207504272461,10.43000030517578,10.479999542236328,10.130000114440918,10.170000076293944,8362600,0.0795781303375589,0.0738254536490523,0.2507143020629885,0.0856604190303888,0.1478403082153896,858060500,53.43138423621597,1,1,1
2023-08-03,VTRS,9.680601119995115,10.449999809265137,10.479999542236328,10.300000190734863,10.43000030517578,6847900,0.067942588622583,0.0851674985231736,0.2507142339433945,0.0770242782135102,0.1441367785617302,864908400,57.51296232882636,1,1,1
2023-08-04,VTRS,9.810295104980469,10.59000015258789,10.630000114440918,10.390000343322754,10.460000038146973,12744200,0.0717658373872747,0.063267239531646,0.2499999318804062,0.0691408200662186,0.1507606869492921,877652600,65.10417908431288,1,1,1
2023-08-07,VTRS,10.190109252929688,11.0,11.479999542236328,10.850000381469728,10.850000381469728,22262500,0.0172726891257546,0.0227272727272727,0.288571289607457,0.0787896932521487,0.1869388287906623,899915100,68.98149251938925,1,1,1
2023-08-08,VTRS,10.32906436920166,11.149999618530272,11.18000030517578,10.770000457763672,10.970000267028809,9842300,0.0008968815447507,0.0008968815447507,0.2935712678091867,0.0991869325078735,0.2251189513264506,909757400,67.47573220052743,1,1,1
2023-08-09,VTRS,10.430963516235352,11.260000228881836,11.479999542236328,11.130000114440918,11.149999618530272,10216500,-0.0053286339606635,-0.0230906060032696,0.3042855262756346,0.1179261989241269,0.2612416720725488,919973900,68.5446156532563,0,0,0
2023-08-10,VTRS,10.338327407836914,11.15999984741211,11.43000030517578,11.119999885559082,11.329999923706056,5841700,0.0161290598240932,-0.0188172079765457,0.3149998528616766,0.1280963934639849,0.2785885975304811,914132200,65.31532692567097,1,1,1
2023-08-11,VTRS,10.514338493347168,11.350000381469728,11.40999984741211,11.079999923706056,11.119999885559082,7845000,-0.0079295285958606,-0.0334801851690962,0.3185712950570239,0.1392820911969519,0.3041614324718562,921977200,66.07930959005864,0,0,0
2023-08-14,VTRS,10.366118431091309,11.1899995803833,11.3100004196167,11.18000030517578,11.3100004196167,5419600,0.0053619679952341,-0.0205540259929527,0.3114284787859235,0.1368809575227052,0.3079673055447074,916557600,67.56755944032211,1,1,1
2023-08-15,VTRS,10.338327407836914,11.15999984741211,11.1899995803833,11.050000190734863,11.109999656677246,6425300,0.0,-0.0143369040859988,0.3071427345275878,0.1357010641179835,0.3050463749169623,910132300,65.59633509136023,0,0,0
2023-08-16,VTRS,10.37538242340088,11.199999809265137,11.210000038146973,11.039999961853027,11.050000190734863,8462200,-0.0178571261313493,-0.0178571261313493,0.3028569902692521,0.1387308987132514,0.3024724646878667,918594500,71.01448340584167,0,0,0
2023-08-17,VTRS,10.505075454711914,11.34000015258789,11.390000343322754,11.220000267028809,11.229999542236328,7991100,-0.0343915642041461,-0.0520282314505302,0.3071427345275879,0.1440730525431939,0.308177007255626,926585600,71.96261598945432,0,0,0
2023-08-18,VTRS,10.430963516235352,11.260000228881836,11.420000076293944,11.170000076293944,11.199999809265137,7522600,-0.0257548806357196,-0.0417406978219467,0.3121427127293178,0.14587168027097,0.3027526292309588,919063000,67.46411745245888,0,0,0
2023-08-21,VTRS,10.42169952392578,11.25,11.380000114440918,11.18000030517578,11.279999732971191,5994500,-0.0257777743869357,-0.056000010172526,0.2985712460109165,0.1481494765671381,0.2942548489392269,913068500,78.77091221783385,0,0,0
2023-08-22,VTRS,10.338327407836914,11.15999984741211,11.279999732971191,11.140000343322754,11.229999542236328,5931000,-0.0143369040859988,-0.0931899620136816,0.2835712432861328,0.1444644888728409,0.2770642129037721,907137500,71.85624775858247,0,0,0
2023-08-23,VTRS,10.300869941711426,11.0,11.050000190734863,10.93000030517578,11.029999732971191,5866700,0.0,-0.0909090909090909,0.2871426854814803,0.1399836073341457,0.2476748183484893,901270800,65.19335590184014,0,0,0
2023-08-24,VTRS,10.254047393798828,10.949999809265137,11.140000343322754,10.890000343322754,10.920000076293944,6039400,-0.0182648230820891,-0.0767123440383205,0.2878569875444686,0.1304935486673377,0.2178378151670852,895231400,60.46509306906976,0,0,0
2023-08-25,VTRS,10.27277660369873,10.970000267028809,11.039999961853027,10.850000381469728,10.970000267028809,5202000,-0.0164084139283738,-0.0875113960600646,0.2378570011683873,0.1216935828375591,0.1935742416110404,900433400,48.87219285118625,0,0,0
2023-08-28,VTRS,10.263412475585938,10.960000038146973,11.130000114440918,10.949999809265137,11.0,4072300,-0.031021911624498,-0.0994525683206274,0.2214284624372211,0.1155384539961397,0.1715606059898231,896361100,42.016847129648966,0,0,0
2023-08-29,VTRS,10.300869941711426,11.0,11.119999885559082,10.93000030517578,11.050000190734863,4055900,-0.0800000104037198,-0.1136363636363636,0.2099999019077848,0.0950657487064633,0.1555492291011919,900417000,38.39287538913226,0,0,0
2023-08-30,VTRS,10.300869941711426,11.0,11.0600004196167,10.9399995803833,11.020000457763672,4974800,-0.0909090909090909,-0.1063636432994493,0.1964285033089778,0.0803436683946914,0.1412320622613663,900417000,42.15688841101401,0,0,0
2023-08-31,VTRS,10.06675910949707,10.75,10.989999771118164,10.739999771118164,10.970000267028809,7135200,-0.0595349156579305,-0.0911627481150072,0.191428525107248,0.0676192947156265,0.1084624066203474,893281800,22.222251656564765,0,0,0
2023-09-01,VTRS,10.104217529296877,10.789999961853027,10.90999984741211,10.75,10.84000015258789,5572600,-0.0722891321342728,-0.0898980788191052,0.1907142230442594,0.0593659702719931,0.0847430163187041,898854400,29.166708058738323,0,0,0
2023-09-05,VTRS,9.945022583007812,10.619999885559082,10.890000343322754,10.609999656677246,10.789999961853027,7203100,-0.0706214696875693,-0.0687381873919764,0.2007143156869073,0.0700129905977083,0.0516324563914754,891651300,25.45457698093088,0,0,0
2023-09-06,VTRS,9.476799011230469,10.119999885559082,10.579999923706056,9.979999542236328,10.5600004196167,15495900,-0.0365612539271922,-0.0237153926711636,0.2342857633318222,0.1028506262389699,-0.0147833094363107,876155400,15.384648302338944,0,0,0
2023-09-07,VTRS,9.364426612854004,10.0,10.18000030517578,9.970000267028809,10.130000114440918,11530400,-0.0170000076293943,-0.0310000419616699,0.2357142993382046,0.1295791404403978,-0.0762226232840337,864625000,6.493527403877124,0,0,0
2023-09-08,VTRS,9.467434883117676,10.109999656677246,10.210000038146973,9.9399995803833,10.0,7359300,-0.0336299911433743,-0.0464885587848735,0.2371429034641812,0.1455725201249449,-0.1147153025661538,871984300,13.375793083130604,0,0,0
2023-09-11,VTRS,9.37379264831543,10.010000228881836,10.220000267028809,9.960000038146973,10.149999618530272,6799500,-0.0189810718994198,-0.0289710244977109,0.2414286477225167,0.1581766055615699,-0.1515432500607136,865184800,12.650605870497898,0,0,0
2023-09-12,VTRS,9.24268913269043,9.869999885559082,10.130000114440918,9.779999732971191,10.039999961853027,15240700,0.0020263888546681,-0.0151975299158554,0.2564287185668945,0.1743606573334692,-0.1898381850287993,849944100,12.28070371124305,1,1,1
2023-09-13,VTRS,9.130314826965332,9.75,9.960000038146973,9.729999542236328,9.9399995803833,8877000,0.0133333450708634,-0.0164102407602163,0.2564287866864884,0.1908618029154511,-0.2272505815295478,841067100,12.574852009168978,1,1,1
2023-09-14,VTRS,9.205232620239258,9.829999923706056,9.899999618530272,9.770000457763672,9.869999885559082,9532600,-0.0142421510080718,-0.0020345375630295,0.2492859022957935,0.1998148869901693,-0.2475907776771784,850599700,17.0588231994207,0,0,0
2023-09-15,VTRS,9.149045944213867,9.770000457763672,9.869999885559082,9.699999809265137,9.760000228881836,17753400,-0.0133060499846358,0.0092117906547339,0.2478573662894111,0.203679029205585,-0.2654915636494745,832846300,15.5172234246688,0,0,0
2023-09-18,VTRS,9.195867538452148,9.81999969482422,9.880000114440918,9.68000030517578,9.789999961853027,11895200,-0.0101832414361598,0.0234216398226436,0.2492859022957938,0.2041815818589486,-0.2725023079517203,844741500,17.977479328548313,0,0,0
2023-09-19,VTRS,9.261419296264648,9.890000343322754,9.93000030517578,9.8100004196167,9.829999923706056,10219700,-0.0171890869962123,-0.0242670087422716,0.2442859240940636,0.199701236416328,-0.26930551961369,854961200,19.3370008551463,0,0,0
2023-09-20,VTRS,9.25205421447754,9.880000114440918,10.09000015258789,9.859999656677246,9.949999809265137,11171100,-0.0293522225196287,-0.01821865415899,0.2521430424281526,0.1944865754322653,-0.264529643651521,843790100,19.23075109240331,0,0,0
2023-09-21,VTRS,9.074129104614258,9.6899995803833,9.859999656677246,9.68000030517578,9.84000015258789,6599200,0.0123839880732639,0.0,0.2478572981698171,0.1945451783339885,-0.2729300154162235,837190900,19.886339314210403,1,1,1
2023-09-22,VTRS,9.02730941772461,9.640000343322754,9.729999542236328,9.56999969482422,9.6899995803833,6150400,0.0228215047219242,0.0020746372797806,0.247857298169817,0.1937969802104745,-0.2803897328274018,831040500,17.51410846464782,1,1,1
2023-09-25,VTRS,9.102224349975586,9.720000267028809,9.729999542236328,9.600000381469728,9.619999885559082,5595100,0.0339506085020848,-0.006172882507033,0.2371429034641807,0.1872478521940885,-0.2766571558843669,836635600,23.21427152269014,1,1,1
2023-09-26,VTRS,9.102224349975586,9.720000267028809,9.779999732971191,9.649999618530272,9.649999618530272,5884000,-0.0072017126106452,-0.0102881048068421,0.2007143156869068,0.1772243414034901,-0.2705799841382941,836635600,33.05084060847743,0,0,0
2023-09-27,VTRS,8.980484962463379,9.59000015258789,9.81999969482422,9.460000038146973,9.720000267028809,8614500,0.0114702455606909,0.0104274688429932,0.2114285741533552,0.1632918551605684,-0.2731055141600116,828021100,32.773095774656966,1,1,1
2023-09-28,VTRS,9.186503410339355,9.8100004196167,9.84000015258789,9.619999885559082,9.630000114440918,8042500,-0.0122325009276693,-0.035677917074279,0.2099999700273786,0.1385651090694104,-0.254422013369485,836063600,38.46156103372491,0,0,0
2023-09-29,VTRS,9.233325004577637,9.859999656677246,10.029999732971191,9.84000015258789,9.84000015258789,6365500,-0.0202839570212048,-0.053752510286577,0.2071427617754255,0.1191363322297355,-0.2328960036584657,842429100,43.99997253415874,0,0,0
2023-10-02,VTRS,9.411249160766602,10.050000190734863,10.369999885559082,9.949999809265137,10.289999961853027,26094100,-0.0388060035742384,-0.0577114340993504,0.2185713223048619,0.089860209233596,-0.1982200730636574,868523200,56.92309272360741,0,0,0
2023-10-03,VTRS,9.036672592163086,9.649999618530272,9.93000030517578,9.359999656677246,9.920000076293944,19252900,-0.0031087807416678,-0.0227978572073765,0.2514284678867885,0.0616274915528222,-0.2007022805163689,849270300,46.83543081333933,0,0,0
2023-10-04,VTRS,9.083495140075684,9.699999809265137,9.720000267028809,9.4399995803833,9.609999656677246,14071200,-0.001030951451389,-0.0340206113603063,0.2607142584664482,0.0569740296483541,-0.1963712052652404,863341500,45.80644843729711,0,0,0
2023-10-05,VTRS,9.074129104614258,9.6899995803833,9.800000190734863,9.520000457763672,9.699999809265137,9903400,-0.0237357639005418,-0.0392156013645121,0.2685713768005372,0.05547016528099,-0.1915378032526185,853438100,47.333305782759496,0,0,0
2023-10-06,VTRS,9.046035766601562,9.65999984741211,9.699999809265137,9.510000228881836,9.65999984741211,8832700,-0.0341614833249153,-0.0372670457933485,0.2678570747375488,0.0488406165628755,-0.1879613239270128,844605400,44.59460504390115,0,0,0
2023-10-09,VTRS,9.046035766601562,9.65999984741211,9.739999771118164,9.550000190734863,9.65999984741211,4819200,-0.0196686939321434,-0.0766045323816861,0.2728570529392788,0.0449375525559952,-0.1830172295958156,844605400,41.84395867954737,0,0,0
2023-10-10,VTRS,9.008578300476074,9.619999885559082,9.760000228881836,9.59000015258789,9.75,6372800,-0.0197504763662749,-0.0530145774375128,0.2685713086809432,0.0455181569846878,-0.1802488651297817,838232600,40.97221762310013,0,0,0
2023-10-11,VTRS,9.074129104614258,9.6899995803833,9.739999771118164,9.579999923706056,9.619999885559082,4549100,-0.0330237057462865,-0.0743033379291449,0.2657141685485839,0.0458473272671862,-0.1704417792501349,842781700,50.0,0,0,0
2023-10-12,VTRS,8.858748435974121,9.460000038146973,9.68000030517578,9.40999984741211,9.68000030517578,9356700,-0.0158561963980345,-0.0496829032910736,0.2742855889456613,0.0518665013880726,-0.179163350329091,833425000,43.999989827473975,0,0,0
2023-10-13,VTRS,8.73701000213623,9.329999923706056,9.479999542236328,9.270000457763672,9.4399995803833,6099000,-0.0032154054894436,-0.0600213794771331,0.2799998692103796,0.0628803020523953,-0.1943251219807784,827326000,37.419345311891526,0,0,0
2023-10-16,VTRS,8.868111610412598,9.470000267028809,9.479999542236328,9.3100004196167,9.369999885559082,4416600,-0.0580781600027794,-0.0665258813808438,0.2828569412231445,0.065443835919427,-0.1928213530441791,831742600,42.60355263321246,0,0,0
2023-10-17,VTRS,8.830655097961426,9.43000030517578,9.550000190734863,9.350000381469728,9.380000114440918,12838100,-0.0339343200575398,-0.056203676510446,0.2714283806937079,0.0666419857209703,-0.1926366723095451,818904500,45.00000596046301,0,0,0
2023-10-18,VTRS,8.774468421936035,9.369999885559082,9.460000038146973,9.289999961853027,9.329999923706056,5405800,-0.0426893941745664,-0.0480255938912731,0.2657141004289897,0.0686492010321514,-0.1950830479733767,813498700,34.722209344680294,0,0,0
2023-10-19,VTRS,8.718281745910645,9.3100004196167,9.4399995803833,9.270000457763672,9.359999656677246,7787900,-0.0343717115011376,-0.0408163369832117,0.2621426582336423,0.0747778043327441,-0.1995628376088412,805710800,31.034519045852637,0,0,0
2023-10-20,VTRS,8.708915710449219,9.300000190734863,9.369999885559082,9.210000038146973,9.34000015258789,7663200,-0.0569892174302538,-0.0032257776726799,0.2371426309858047,0.0803420038630371,-0.20159616298778,798047600,20.4724515879047,0,0,0
2023-10-23,VTRS,8.353068351745605,8.920000076293945,9.15999984741211,8.880000114440918,9.010000228881836,11473100,-0.0089686012356283,0.0325112062076926,0.2178568840026853,0.1010439060917284,-0.2312052314538846,786574500,20.800018310546903,0,0,0
2023-10-24,VTRS,8.53099250793457,9.109999656677246,9.18000030517578,8.9399995803833,8.960000038146973,8489700,-0.0230515967136235,0.0021954400128887,0.2164282798767086,0.1082441627166936,-0.23661174043289,795064200,28.776963609418686,0,0,0
2023-10-25,VTRS,8.39989185333252,8.970000267028809,9.100000381469728,8.90999984741211,9.06999969482422,6589300,-0.0055741571066223,0.0278706792149081,0.2107139996119904,0.1200550990866154,-0.2493192216797606,788474900,26.31578947368415,0,0,0
2023-10-26,VTRS,8.418619155883789,8.989999771118164,9.1899995803833,8.930000305175781,8.979999542236328,7572300,-0.0066740230778582,0.0077865016997469,0.2157139778137203,0.125488616061045,-0.2548385787785303,796047200,27.81454234950239,0,0,0
2023-10-27,VTRS,8.212602615356445,8.770000457763672,9.010000228881836,8.739999771118164,8.989999771118164,6167700,0.0570125397835497,0.0490307102687557,0.2214283261980325,0.135241139180205,-0.2738085208325866,789879500,24.277439121868667,1,1,1
2023-10-30,VTRS,8.278153419494629,8.84000015258789,8.970000267028809,8.760000228881836,8.850000381469727,7585800,0.0418551899516388,0.0124433998618251,0.2242854663303916,0.1304852124399512,-0.2799666647826058,797465300,27.840883537226645,1,1,1
2023-10-31,VTRS,8.334339141845703,8.899999618530273,8.960000038146973,8.779999732971191,8.880000114440918,7606400,0.0258427534571767,0.0359551305858796,0.2257140704563683,0.133795172010763,-0.2768146359527996,805071700,27.42853561706912,1,1,1
2023-11-01,VTRS,8.353068351745605,8.920000076293945,8.949999809265137,8.8100004196167,8.859999656677246,6307200,0.0336323080906864,0.0493273067959558,0.2157140459333144,0.133272855852835,-0.2695950368377264,811378900,32.46751155712296,1,1,1
2023-11-02,VTRS,8.362432479858398,8.930000305175781,9.0,8.850000381469727,8.979999542236328,7177700,0.0145576830905111,0.0268756733388977,0.2114283697945728,0.1306660622177821,-0.2600686085964501,818556600,35.91548822815135,1,1,1
2023-11-03,VTRS,8.680824279785156,9.270000457763672,9.300000190734863,9.029999732971191,9.06999969482422,7301800,-0.0075513101447486,0.0194174048126085,0.2257141385759623,0.1239558223822166,-0.2225186186443224,825858400,43.82715867688708,0,0,0
2023-11-06,VTRS,8.624638557434082,9.210000038146973,9.300000190734863,9.149999618530272,9.25,9765000,-0.0282302093164971,0.0282302093164972,0.2221427645002092,0.1159831898676579,-0.1953496443931985,816093400,43.29266838909721,0,0,0
2023-11-07,VTRS,8.549721717834473,9.130000114440918,9.25,9.09000015258789,9.220000267028809,15070700,0.0098576288564922,0.0273822559546932,0.2214284624372209,0.1081115973709982,-0.1782189645274936,801022700,42.7710822608314,1,1,1
2023-11-08,VTRS,8.634002685546875,9.220000267028809,9.56999969482422,9.140000343322754,9.5,16733300,0.0151843151403241,0.016268938631887,0.2407142094203405,0.0950920617014722,-0.1555870069957556,817756000,47.33727142834572,1,1,1
2023-11-09,VTRS,8.484171867370605,9.0600004196167,9.270000457763672,9.0,9.25,12686600,0.0121412418965316,0.0408388375742188,0.2485713958740235,0.0900092192400201,-0.1488458656234712,805069400,43.47826086956522,1,1,1
2023-11-10,VTRS,8.615273475646973,9.199999809265137,9.229999542236328,9.0600004196167,9.100000381469728,7282900,0.0271739136068491,0.0152174289375268,0.2307141848972866,0.0880250556779444,-0.1307000529453272,812352300,58.75000521541449,1,1,1
2023-11-13,VTRS,8.381162643432617,8.949999809265137,9.15999984741211,8.949999809265137,9.130000114440918,9629300,0.0581006110441881,0.0212291104029886,0.2299998828342985,0.0819475026520882,-0.1349368087907088,802723000,45.18072150722093,1,1,1
2023-11-14,VTRS,8.634002685546875,9.220000267028809,9.289999961853027,9.079999923706056,9.100000381469728,7699000,0.0173535621234499,-0.0097614045532878,0.2399999073573523,0.0758400727577656,-0.1151799649301228,810422000,56.98324409281015,1,1,1
2023-11-15,VTRS,8.765103340148926,9.359999656677246,9.40999984741211,9.199999809265137,9.199999809265137,6948000,0.0010684005607524,-0.0192307006521157,0.236428533281599,0.0754776957427385,-0.0872203215354279,817370000,59.68586648851421,1,1,1
2023-11-16,VTRS,8.587179183959961,9.170000076293944,9.449999809265137,9.100000381469728,9.40999984741211,6413100,0.0283533507872024,0.0218102298365485,0.242142745426723,0.0725117544247193,-0.0794773159258834,810956900,60.63829247581059,1,1,1
2023-11-17,VTRS,8.849383354187012,9.449999809265137,9.460000038146973,9.18000030517578,9.289999961853027,11489400,-0.0116401755447019,0.0243386773071827,0.2478570256914413,0.0782334746530888,-0.0501689731067322,822446300,64.59329881548126,0,0,0
2023-11-20,VTRS,8.868111610412598,9.470000267028809,9.489999771118164,9.3100004196167,9.40999984741211,9535400,-0.0348468758607112,0.0147834620592215,0.2478569575718473,0.0846355672270596,-0.025039391952669,831981700,63.90245354792397,0,0,0
2023-11-21,VTRS,8.783832550048828,9.380000114440918,9.489999771118164,9.329999923706056,9.449999809265137,10959800,-0.0266524517004124,0.033048983172732,0.2492855616978238,0.0884512002687737,-0.0122451238252683,821021900,60.84905808911545,0,0,0
2023-11-22,VTRS,8.888175964355469,9.369999885559082,9.420000076293944,9.289999961853027,9.359999656677246,4434500,-0.0202774367880331,0.0416222356548603,0.2478570256914411,0.0899555042262566,-0.002879318065597,816587400,60.3773491541313,0,0,0
2023-11-24,VTRS,8.94509220123291,9.43000030517578,9.449999809265137,9.31999969482422,9.390000343322754,3071400,-0.0063627166145228,0.0424177736569884,0.2307141848972864,0.0924324068842941,0.0092777349413513,819658800,54.34782157998937,0,0,0
2023-11-27,VTRS,8.859718322753906,9.34000015258789,9.399999618530272,9.289999961853027,9.359999656677246,6162300,0.0364025853354705,0.0524625014039639,0.2299998828342979,0.0847137338238021,0.0115172630458655,813496500,53.475939101516346,1,1,1
2023-11-28,VTRS,8.670002937316895,9.140000343322754,9.34000015258789,9.109999656677246,9.31999969482422,6722900,0.0514222424179504,0.0798686558879213,0.2349999291556218,0.0772798223617873,-0.0028137725178556,806773600,50.25126206110608,1,1,1
2023-11-29,VTRS,8.660516738891602,9.130000114440918,9.1899995803833,9.079999923706056,9.149999618530272,6354600,0.0613361948437034,0.1095290238187731,0.2114285060337605,0.0714498818591562,-0.0148074651065819,800419000,47.643974874923856,1,1,1
2023-11-30,VTRS,8.70794677734375,9.18000030517578,9.239999771118164,9.079999923706056,9.149999618530272,9445800,0.0631808174754684,0.1318082786407712,0.2035713195800773,0.0651241843238636,-0.0200468675592819,809864800,53.333329801206574,1,1,1
2023-12-01,VTRS,8.888175964355469,9.369999885559082,9.399999618530272,9.100000381469728,9.149999618530272,7428100,0.0490928541905235,0.0960512895620904,0.2128570420401427,0.0588945569967982,-0.0087666964866954,817292900,54.59459570918816,1,1,1
2023-12-04,VTRS,9.18223476409912,9.68000030517578,9.760000228881836,9.3100004196167,9.31999969482422,13388500,0.0154958278720378,0.0433884362657901,0.2271427427019381,0.0712214186591374,0.0249003279582495,830681400,69.10995261089452,1,1,1
2023-12-05,VTRS,9.11583423614502,9.609999656677246,9.649999618530272,9.529999732971191,9.609999656677246,9290000,0.0270551756681054,0.0811655270043163,0.2135713441031308,0.0774070785911856,0.0454097645752522,821391400,61.40348431123006,1,1,1
2023-12-06,VTRS,9.191720962524414,9.6899995803833,9.789999961853027,9.619999885559082,9.640000343322754,8907900,0.0454076938195504,0.078431399565837,0.21142850603376,0.0837743516691384,0.0673426815984541,830299300,59.99998844032203,1,1,1
2023-12-07,VTRS,9.258122444152832,9.760000228881836,9.789999961853027,9.5600004196167,9.699999809265137,6598100,0.0645491905396291,0.0911884599156818,0.2028570856366828,0.0922774695973196,0.0893432502963076,836897400,69.28101804872345,1,1,1
2023-12-08,VTRS,9.324522972106934,9.829999923706056,9.920000076293944,9.739999771118164,9.770000457763672,8616400,0.0447609905872439,0.0834180774352502,0.1949999673025935,0.0976350841327814,0.1111460276347742,845513800,64.39391585863407,1,1,1
2023-12-11,VTRS,9.324522972106934,9.829999923706056,9.90999984741211,9.779999732971191,9.81999969482422,7494700,0.0274669847262702,0.0895218841577714,0.1914285932268402,0.1036835291894788,0.1269613542944316,845513800,63.84611829503861,1,1,1
2023-12-12,VTRS,9.362464904785156,9.869999885559082,9.880000114440918,9.739999771118164,9.859999656677246,6843100,0.0526849507389044,0.0911854693657485,0.1900000572204578,0.1006804325803124,0.1410963068474586,852356900,69.59996093755971,1,1,1
2023-12-13,VTRS,9.609095573425291,10.130000114440918,10.1899995803833,9.81999969482422,9.84000015258789,8253600,0.0315893081154106,0.0710760374032382,0.2071428980146124,0.1143273749770218,0.1713035237516873,860610500,75.3333087497601,1,1,1
2023-12-14,VTRS,9.85572624206543,10.390000343322754,10.5600004196167,10.199999809265137,10.199999809265137,13241900,0.0250239910121474,0.0423483701486182,0.2285714830671028,0.138041212532866,0.2137587287726212,873852400,78.23526672841248,1,1,1
2023-12-15,VTRS,9.74189567565918,10.270000457763672,10.40999984741211,10.149999618530272,10.300000190734863,17705600,0.037000890343616,0.1090554854564209,0.2371429034641803,0.1460854521528162,0.2350127164364721,856146800,76.87859901501517,1,1,1
2023-12-18,VTRS,9.58063793182373,10.100000381469728,10.34000015258789,10.09000015258789,10.300000190734863,10106500,0.0603960033304948,0.1257425204081572,0.2385714394705628,0.1509707682166515,0.235425233831295,846040300,78.23526672841248,1,1,1
2023-12-19,VTRS,9.85572624206543,10.390000343322754,10.420000076293944,10.100000381469728,10.100000381469728,11724300,0.0365736382949331,0.1116457949067919,0.2535714421953465,0.1631720302306315,0.2561994226635899,857764600,81.81816430351493,1,1,1
2023-12-20,VTRS,9.912640571594238,10.449999809265137,10.630000114440918,10.380000114440918,10.420000076293944,13041500,0.0382775674167903,0.1464114603729149,0.2600000245230531,0.1726973413473368,0.2743421271781585,870806100,81.90952365662574,1,1,1
2023-12-21,VTRS,10.102355003356934,10.649999618530272,10.739999771118164,10.479999542236328,10.5,9730600,0.0169014377110958,0.0995305593976147,0.2592857905796591,0.1852814068508202,0.30138449154345,880536700,81.99997806550128,1,1,1
2023-12-22,VTRS,10.102355003356934,10.649999618530272,10.779999732971191,10.600000381469728,10.670000076293944,6033900,0.0694836386195667,0.0892019527668828,0.2400000435965395,0.1945798602923432,0.3191369480513746,880536700,78.69819546818634,1,1,1
2023-12-26,VTRS,10.15927028656006,10.710000038146973,10.75,10.630000114440918,10.65999984741211,4043400,0.0616246353932135,0.1297852790263156,0.2378571374075748,0.1998822497868144,0.3341950377856797,884580100,82.73810064441132,1,1,1
2023-12-27,VTRS,10.216185569763184,10.770000457763672,10.789999961853027,10.649999618530272,10.699999809265137,5568500,0.0724233704566763,0.1207055879114127,0.2349999972752158,0.1964647659869821,0.3469705542388404,890148600,82.53013121058562,1,1,1
2023-12-28,VTRS,10.292072296142578,10.850000381469728,10.869999885559082,10.720000267028809,10.720000267028809,6162500,0.1041473844274216,0.0764976861312902,0.2292857170104976,0.1894671706328847,0.3594075419067408,896311100,82.63473361650425,1,1,1
2023-12-29,VTRS,10.273099899291992,10.829999923706056,10.869999885559082,10.75,10.81999969482422,6213000,0.0812557821459132,0.0849492227862469,0.2249999727521621,0.1778401843359854,0.3634603300083459,890098100,80.86418154181985,1,1,1
2024-01-02,VTRS,10.804306030273438,11.390000343322754,11.420000076293944,10.789999961853027,10.789999961853027,12622200,0.0184372284299432,0.0061457149002857,0.2607142584664477,0.1876691898317999,0.4071659914247991,902720300,85.77980547679974,1,1,1
2024-01-03,VTRS,10.785332679748535,11.369999885559082,11.479999542236328,11.300000190734863,11.420000076293944,9780700,0.0642040899963254,-0.0087950245208373,0.2635713304792128,0.1985593822770965,0.4351727723548357,892939600,84.72219401428573,1,1,1
2024-01-04,VTRS,10.956076622009276,11.550000190734863,11.619999885559082,11.31999969482422,11.399999618530272,10186800,0.0450216013421791,-0.0129870623140697,0.2585713522774829,0.2075341053212639,0.4665151718171216,903126400,84.13458716942382,1,1,1
2024-01-05,VTRS,11.363964080810549,11.979999542236328,12.079999923706056,11.520000457763672,11.550000190734863,20136100,-0.0250416734994755,-0.0283805686064413,0.2678570066179545,0.2281897984880448,0.5200567131473228,923262500,85.33330055520781,0,0,0
2024-01-08,VTRS,11.107848167419434,11.710000038146973,11.970000267028809,11.65999984741211,11.880000114440918,9307600,0.0034158805911803,0.0051238616072792,0.272142682756696,0.2319386240719277,0.5345402199812668,913954900,79.99998410543189,1,1,1
2024-01-09,VTRS,11.00350570678711,11.600000381469728,11.760000228881836,11.5600004196167,11.649999618530272,7613000,-0.0120689947171378,0.0103448173804177,0.2685712405613487,0.2292234689952022,0.5310211690195779,906341900,82.0512799612662,0,0,0
2024-01-10,VTRS,11.47779369354248,12.100000381469728,12.489999771118164,11.5,11.59000015258789,23691800,-0.0685950328544734,-0.0297521156200026,0.3164283888680593,0.2356934087396178,0.5620985944026469,930033700,83.52941000475346,0,0,0
2024-01-11,VTRS,11.449337005615234,12.06999969482422,12.399999618530272,11.890000343322754,12.020000457763672,22241900,-0.0555095354792141,-0.0115989555251169,0.3349997656685963,0.2350137050746496,0.5776481054472598,907791800,82.14283686917986,0,0,0
2024-01-12,VTRS,11.079391479492188,11.68000030517578,12.149999618530272,11.670000076293944,12.109999656677246,8912800,-0.0034246541787589,0.0171232708937953,0.3485711642674035,0.2275907538338311,0.5521368239809448,898879000,69.00369575055547,0,0,0
2024-01-16,VTRS,11.145792961120604,11.75,11.770000457763672,11.510000228881836,11.609999656677246,9516500,0.0017021666181848,0.0051064186907829,0.3542855126517158,0.2246667585595417,0.5314412164479467,908395500,69.7841746362488,1,1,1
2024-01-17,VTRS,10.870704650878906,11.460000038146973,11.739999771118164,11.449999809265137,11.630000114440918,7423600,0.0226876289717601,0.0270506473459684,0.3671426773071288,0.2127536993950072,0.4860364988717318,900971900,62.45847081344926,1,1,1
2024-01-18,VTRS,10.690475463867188,11.270000457763672,11.460000038146973,11.15999984741211,11.4399995803833,7480100,0.0417035753561765,0.05323863384425,0.378571237836565,0.1916172856926402,0.4297674630321904,893491800,57.96178498709805,1,1,1
2024-01-19,VTRS,10.813790321350098,11.399999618530272,11.43000030517578,11.170000076293944,11.270000457763672,7410000,0.046491289857941,0.0394737524559209,0.3864284242902481,0.177321033682825,0.3911547046090096,900901800,58.6206814080663,1,1,1
2024-01-22,VTRS,11.041447639465332,11.640000343322754,11.649999618530272,11.350000381469728,11.380000114440918,10607300,0.0206185364294975,-0.0051546750727645,0.3992855208260667,0.1635394869829665,0.3755902969434199,911509100,61.87684285036282,1,1,1
2024-01-23,VTRS,11.164764404296877,11.770000457763672,11.81999969482422,11.640000343322754,11.65999984741211,9119600,0.0033984673149816,0.0101954019449446,0.3671426091875346,0.1545420609912691,0.3694861086486476,920628700,56.3758438661591,1,1,1
2024-01-24,VTRS,11.117335319519045,11.720000267028809,11.90999984741211,11.649999618530272,11.81999969482422,6947500,0.0042662277811995,0.0017064422895636,0.3728569575718469,0.1420004981008939,0.3565043378331669,913681200,55.813963067119694,1,1,1
2024-01-25,VTRS,11.136305809020996,11.739999771118164,11.84000015258789,11.59000015258789,11.779999732971191,6124800,0.0110732637968813,-0.0153321426755292,0.3692855153764997,0.1284260658576583,0.3438661093115502,919806000,53.333328871695215,1,1,1
2024-01-26,VTRS,11.316536903381348,11.93000030517578,11.970000267028809,11.800000190734863,11.850000381469728,7106300,-0.006705777171803,-0.0209555736466777,0.3457141603742326,0.1157867792592507,0.345202398977996,926912300,49.04215973358488,0,0,0
2024-01-29,VTRS,11.2691068649292,11.880000114440918,11.970000267028809,11.760000228881836,11.90999984741211,6216500,-0.0252525410643886,0.0058922301472985,0.3378570420401435,0.1011595444807069,0.3383267998947623,920695800,53.55648786000216,0,0,0
2024-01-30,VTRS,11.202706336975098,11.8100004196167,11.859999656677246,11.640000343322754,11.84000015258789,5619000,0.0067739137056399,0.0135478274112799,0.3407141821725026,0.0785657083290519,0.3235003372094436,915076800,54.46808700596103,1,1,1
2024-01-31,VTRS,11.164764404296877,11.770000457763672,12.210000038146973,11.720000267028809,11.800000190734863,13432000,-0.0025489112556251,0.0254884643494355,0.3049998964582169,0.074955103434538,0.3050066690636157,901644800,41.26984046890512,0,0,0
2024-02-01,VTRS,11.259620666503906,11.869999885559082,11.93000030517578,11.520000457763672,11.720000267028809,6760400,-0.026116214737249,0.0800336831022971,0.2978570801871162,0.0707029014942371,0.2950186307784737,908405200,44.89795918367342,0,0,0
2024-02-02,VTRS,11.240650177001951,11.850000381469728,11.9399995803833,11.6899995803833,11.81999969482422,6441000,-0.0143459975376696,0.1021097045734353,0.2814285414559499,0.0695585115232454,0.2822358069436301,901964200,55.34592024874745,0,0,0
2024-02-05,VTRS,10.984533309936523,11.579999923706056,11.770000457763672,11.539999961853027,11.770000457763672,5514200,0.0319516310878063,0.1433505922581079,0.2849999836512974,0.0683289527536212,0.2474659134970807,896450000,45.251391885772165,1,1,1
2024-02-06,VTRS,11.278593063354492,11.890000343322754,12.020000457763672,11.640000343322754,11.670000076293944,7450000,0.0067283365345722,0.1152228634146721,0.2950000081743512,0.0692717819002636,0.2421337978203794,903900000,61.878464973797705,1,1,1
2024-02-07,VTRS,11.136305809020996,11.739999771118164,11.920000076293944,11.65999984741211,11.899999618530272,6504900,0.0281090230101959,0.1379897714772091,0.2921428680419919,0.0683751011402429,0.2232309971819077,897395100,63.27681332772988,1,1,1
2024-02-08,VTRS,10.96556282043457,11.5600004196167,11.699999809265137,11.4399995803833,11.699999809265137,6830100,0.1089964731376107,0.1704151593291907,0.295000008174351,0.0639009358577312,0.1915182450270709,890565000,54.39562483723359,1,1,1
2024-02-09,VTRS,11.079391479492188,11.68000030517578,11.699999809265137,11.449999809265137,11.510000228881836,6460900,0.1181506916424821,0.1498287632085522,0.2914286340985979,0.0578042768510597,0.1740621680269729,897025900,51.17646959826179,1,1,1
2024-02-12,VTRS,11.335508346557615,11.949999809265137,12.029999732971191,11.65999984741211,11.670000076293944,6899800,0.1079497893257586,0.1071129500754279,0.305000100816999,0.0606305991842944,0.1799405619510974,903925700,54.89128885511868,1,1,1
2024-02-13,VTRS,11.35447883605957,11.970000267028809,12.010000228881836,11.710000038146973,11.859999656677246,12276300,0.1077694179678769,0.0267334743262832,0.307857240949358,0.0634944175591445,0.1840910146539833,916202000,56.906079385770354,1,1,1
2024-02-14,VTRS,11.449337005615234,12.06999969482422,12.18000030517578,11.960000038146973,12.0,7976800,0.1068765529800463,0.0248550288583275,0.3057144028799871,0.0647498146776789,0.1932220528675117,924178800,58.73015953109491,1,1,1
2024-02-15,VTRS,12.16076946258545,12.81999969482422,12.9399995803833,12.18000030517578,12.18000030517578,15259000,0.0553822195825493,-0.0179406823487825,0.3514286449977324,0.0927226203014759,0.2580030992984241,939437800,68.1632613341327,1,1,1
2024-02-16,VTRS,12.388429641723633,13.0600004196167,13.100000381469728,12.770000457763672,12.800000190734863,14121100,0.02833077133775,-0.053598831581048,0.3600000653948099,0.1230760651627319,0.3249626311089582,953558900,72.34849579516231,1,1,1
2024-02-20,VTRS,12.55917263031006,13.239999771118164,13.420000076293944,12.970000267028809,13.0,14424600,-0.0007553043092681,-0.0725075570047307,0.3750000681195935,0.1535439517433456,0.3880794475348885,967983500,75.9999972256738,0,0,0
2024-02-21,VTRS,12.578145027160645,13.260000228881836,13.31999969482422,13.109999656677246,13.220000267028809,9004800,-0.0731523567334512,-0.0799396984404189,0.3550000871930799,0.1765956270672224,0.4347028650402276,976988300,77.28937767325789,0,0,0
2024-02-22,VTRS,12.673003196716309,13.359999656677246,13.479999542236328,13.260000228881836,13.329999923706056,10900000,-0.0741017811795652,-0.0770957903772401,0.3414286204746788,0.1959567361659575,0.4742544671259203,987888300,77.28937767325789,0,0,0
2024-02-23,VTRS,12.834260940551758,13.529999732971191,13.619999885559082,13.350000381469728,13.359999656677246,13338200,-0.0694752105643151,-0.0938654493092486,0.3428571564810613,0.2150014154074068,0.5133988398931351,1001226500,79.16665424903282,0,0,0
2024-02-26,VTRS,12.73940372467041,13.43000030517578,13.5,13.329999923706056,13.43000030517578,11668000,-0.0796724217561012,-0.108711839536169,0.3349999700273779,0.2280723971596612,0.5302396466542199,989558500,84.13285989780543,0,0,0
2024-02-27,VTRS,12.549687385559082,13.229999542236328,13.460000038146973,13.140000343322754,13.390000343322754,18161800,-0.0718064884456189,-0.0884353108920711,0.3264284815107068,0.2331147871157821,0.5214369170541531,971396700,75.76922103497895,0,0,0
2024-02-28,VTRS,11.658023834228516,12.289999961853027,13.550000190734863,12.239999771118164,13.210000038146973,26685600,-0.007323039289442,-0.019528053040122,0.4014284951346257,0.228929819455057,0.4336121690229042,944711100,58.11210095111475,0,0,0
2024-02-29,VTRS,11.733909606933594,12.369999885559082,12.40999984741211,11.960000038146973,12.359999656677246,21664100,-0.0032336266954797,-0.044462424884655,0.4121427536010738,0.2235369380255611,0.3662439168265656,966375200,62.31002598980699,0,0,0
2024-03-01,VTRS,11.942597389221191,12.59000015258789,12.609999656677246,12.3100004196167,12.369999885559082,11839300,-0.0262112724151335,-0.0516283212332592,0.4157141276768272,0.2191143732069158,0.3268386816570707,978214500,63.42182907452504,0,0,0
2024-03-04,VTRS,11.724424362182615,12.359999656677246,12.600000381469728,12.229999542236328,12.59000015258789,11190200,-0.0315533495535129,-0.0485436443739116,0.4157141957964213,0.2140655320364413,0.2738933589113799,967024300,56.11940001081779,0,0,0
2024-03-05,VTRS,11.648537635803224,12.279999732971191,12.40999984741211,12.210000038146973,12.359999656677246,8756000,-0.0179152539200636,-0.0333876104501272,0.4085713114057266,0.2034385308869345,0.2229089285567358,958268300,54.54544691809363,0,0,0
2024-03-06,VTRS,11.572651863098145,12.199999809265137,12.329999923706056,11.949999809265137,12.289999961853027,12225900,-0.0122950508914235,-0.0262294835923848,0.4199998719351632,0.1993002725887872,0.1740418290538201,946042400,51.91740562352709,0,0,0
2024-03-07,VTRS,11.695967674255373,12.329999923706056,12.390000343322754,12.170000076293944,12.170000076293944,7816900,-0.0413625492325667,-0.0259529356694462,0.3735713277544296,0.1907276375375733,0.1441426368168645,953859300,41.15524025014495,0,0,0
2024-03-08,VTRS,11.74386215209961,12.260000228881836,12.34000015258789,12.149999618530272,12.270000457763672,5240000,-0.0261011943331521,-0.0342577543599483,0.3635713713509698,0.1770399851537649,0.1134906713823671,948619300,34.61537756157897,0,0,0
2024-03-11,VTRS,11.466072082519531,11.970000267028809,12.25,11.84000015258789,12.15999984741211,8283000,-0.0175438624446329,-0.0116959348537678,0.3614285332815991,0.1701603781334285,0.0650483576732501,940336300,26.56827516213346,0,0,0
2024-03-12,VTRS,11.552282333374023,12.0600004196167,12.100000381469728,11.880000114440918,11.960000038146973,8393100,-0.0157546042658973,-0.0381426220681334,0.3621428353445874,0.1680441085043982,0.0335331855130238,948729400,28.41726754443593,0,0,0
2024-03-13,VTRS,11.542702674865724,12.050000190734863,12.199999809265137,11.960000038146973,12.0600004196167,11392200,-0.0141078899255666,-0.0182572832818677,0.363571439470564,0.1664910492951101,0.0076619276930642,937337200,25.65057238173911,0,0,0
2024-03-14,VTRS,11.32238483428955,11.81999969482422,11.989999771118164,11.670000076293944,11.989999771118164,10455300,0.0160744956821625,0.0101522748441038,0.3714286259242473,0.1717483251641108,-0.0310425096196418,926881900,18.909100997543035,1,1,1
2024-03-15,VTRS,11.437334060668944,11.9399995803833,11.989999771118164,11.720000267028809,11.720000267028809,16558100,-0.0083751617512368,0.0,0.3764286041259773,0.1780229296793535,-0.0514400977303566,943440000,23.104693762250164,0,0,0
2024-03-18,VTRS,11.264912605285645,11.760000228881836,11.9399995803833,11.720000267028809,11.869999885559082,8544800,0.0059523548862103,0.0153060670066482,0.3692857197352825,0.1840317100061312,-0.0811938247433659,934895200,23.27273975719106,1,1,1
2024-03-19,VTRS,11.370280265808104,11.869999885559082,11.90999984741211,11.699999809265137,11.729999542236328,9294900,-0.0227463779858863,0.0126369480750441,0.2907142639160164,0.1822424157094722,-0.0948049621867888,944190100,39.06249844779577,0,0,0
2024-03-20,VTRS,11.379860877990724,11.880000114440918,11.920000076293944,11.710000038146973,11.800000190734863,5104700,-0.0042087702233338,-0.0101010003706325,0.2735714231218616,0.1769988601738484,-0.1035908212736895,949294800,36.75676567350529,0,0,0
2024-03-21,VTRS,11.504386901855469,12.010000228881836,12.0600004196167,11.880000114440918,11.9399995803833,4839700,-0.0058285301552448,-0.0174854316523626,0.2650000708443784,0.1638030623461162,-0.0989234274259907,954134500,33.522731582979944,0,0,0
2024-03-22,VTRS,11.341544151306152,11.84000015258789,12.140000343322754,11.81999969482422,12.039999961853027,4332200,0.0084458975090091,-0.0076013641408796,0.2614286286490307,0.1402993662124993,-0.1077005645154756,949802300,34.70589522259603,1,1,1
2024-03-25,VTRS,11.331964492797852,11.829999923706056,12.0,11.8100004196167,11.84000015258789,4737200,0.0092983649523799,-0.0008453278906449,0.2607143265860425,0.1107156046760585,-0.1141476210688612,945065100,36.196325838311886,1,1,1
2024-03-26,VTRS,11.111648559570312,11.600000381469728,11.949999809265137,11.579999923706056,11.880000114440918,8223500,0.0362069019381126,0.0094827287120577,0.260000024523054,0.0830231887663144,-0.1362454479934243,936841600,33.14608096053237,1,1,1
2024-03-27,VTRS,11.331964492797852,11.829999923706056,11.859999656677246,11.630000114440918,11.6899995803833,9023100,-0.0059171340047051,-0.0219780414673396,0.2628570965358188,0.0829985190008615,-0.1336583637474557,945864700,36.70212172339168,0,0,0
2024-03-28,VTRS,11.437334060668944,11.9399995803833,12.020000457763672,11.779999732971191,11.8100004196167,11960100,-0.0117252424261763,-0.0510887502608825,0.266428538731166,0.079540010086892,-0.1213333722671308,957824800,41.66664597059997,0,0,0
2024-04-01,VTRS,11.437334060668944,11.9399995803833,11.970000267028809,11.779999732971191,11.970000267028809,5905600,-0.0159128632379065,-0.0519262903976732,0.2499999999999997,0.0669161410208703,-0.110294323417678,957824800,49.079733064666165,0,0,0
2024-04-02,VTRS,11.437334060668944,11.9399995803833,12.0,11.800000190734863,11.859999656677246,6833100,-0.0100502420248181,-0.0686766937723707,0.248571395874023,0.0607162895618441,-0.1003885806049424,957824800,46.10386634679335,0,0,0
2024-04-03,VTRS,11.513965606689451,12.020000457763672,12.220000267028809,11.890000343322754,11.890000343322754,9150700,-0.0257903833453243,-0.076539104929877,0.2549999782017295,0.056074298571953,-0.0851018052129983,966975500,49.06833107551384,0,0,0
2024-04-04,VTRS,11.264912605285645,11.760000228881836,12.15999984741211,11.720000267028809,12.15999984741211,6130100,-0.0161565076836466,-0.0544217968423973,0.259285654340471,0.0545478066710118,-0.0928959247430682,960845400,48.17074730877654,0,0,0
2024-04-05,VTRS,11.303228378295898,11.800000190734863,11.829999923706056,11.630000114440918,11.720000267028809,5793800,-0.0398305304603165,-0.0466101849020912,0.2542856761387412,0.0460088212902266,-0.094752905483558,966639200,45.51283853921496,0,0,0
2024-04-08,VTRS,11.255332946777344,11.75,11.899999618530272,11.68000030517578,11.770000457763672,8279100,-0.0365957706532578,-0.0425531914893616,0.2542856761387412,0.0384688762086443,-0.0991166189373373,958360100,49.6503417221087,0,0,0
2024-04-09,VTRS,11.32238483428955,11.81999969482422,11.84000015258789,11.699999809265137,11.729999542236328,5625700,-0.0592216435988282,-0.03891709391062,0.2492856979370113,0.0380874484278742,-0.0958219273959191,963985800,48.20143243219143,0,0,0
2024-04-10,VTRS,11.21701717376709,11.710000038146973,11.770000457763672,11.630000114440918,11.649999618530272,7083800,-0.0520921993757544,-0.0136635223647213,0.247857093811035,0.037044095261825,-0.1009235299699629,956902000,44.29529857691288,0,0,0
2024-04-11,VTRS,11.082910537719728,11.56999969482422,11.739999771118164,11.529999732971191,11.6899995803833,4482800,-0.0388936751196669,-0.0086429931229943,0.2499999318804058,0.0395174662727165,-0.1149385049016409,952419200,35.33331553141281,0,0,0
2024-04-12,VTRS,10.85301399230957,11.329999923706056,11.56999969482422,11.199999809265137,11.550000190734863,8160300,-0.0070608935785313,0.0211826807355934,0.2535713059561594,0.0542379340915321,-0.1437543387418518,944258900,33.75795133708813,0,0,0
2024-04-15,VTRS,10.843435287475586,11.31999969482422,11.640000343322754,11.260000228881836,11.43000030517578,4398600,-0.0061837187907545,0.0406360468682074,0.2671427726745606,0.0641291495890386,-0.1654903597098922,939860300,33.7579513370881,0,0,0
2024-04-16,VTRS,10.65185546875,11.119999885559082,11.260000228881836,11.050000190734863,11.260000228881836,6763600,0.0215827134521682,0.0404676091633353,0.2599998882838661,0.0806897410239104,-0.1965884764813861,933096700,34.415567928551184,1,1,1
2024-04-17,VTRS,10.632697105407717,11.100000381469728,11.25,11.09000015258789,11.1899995803833,6068900,0.0405405219639778,0.0477477220501691,0.2528570720127656,0.0933243595702019,-0.2203081754008664,927027800,22.55640661233352,1,1,1
2024-04-18,VTRS,10.65185546875,11.119999885559082,11.25,11.06999969482422,11.119999885559082,3464200,0.0314748547726382,0.0431655126664161,0.2485713277544297,0.1021380960489473,-0.2347859485824965,930492000,16.93549007332527,1,1,1
2024-04-19,VTRS,10.77638339996338,11.25,11.3100004196167,11.100000381469728,11.149999618530272,4679900,0.0284444173177085,0.0471110873752169,0.2499998637608122,0.1032802550232305,-0.2330829304237305,935171900,24.81753145907309,1,1,1
2024-04-22,VTRS,10.77638339996338,11.25,11.350000381469728,11.210000038146973,11.34000015258789,5099300,0.0471110873752169,0.0506666395399306,0.2457141876220707,0.1058794652168381,-0.2290924412061912,935171900,24.81753145907309,1,1,1
2024-04-23,VTRS,10.88175106048584,11.359999656677246,11.399999618530272,11.210000038146973,11.25,4675300,0.0184859194096489,0.0316901955309443,0.2357141630990167,0.1059157489257879,-0.2145803480819434,939847200,26.428520338827184,1,1,1
2024-04-24,VTRS,11.06375217437744,11.550000190734863,11.579999923706056,11.25,11.34000015258789,7595300,0.006926400206489,0.0225108419556911,0.2278570447649278,0.1059393306283634,-0.1856083766998644,947442500,42.10525561001144,1,1,1
2024-04-25,VTRS,10.987120628356934,11.470000267028809,11.649999618530272,11.359999656677246,11.550000190734863,6540900,0.0113339242732724,-0.0217959890305007,0.234285627092634,0.1043623643588916,-0.1671761038420278,940901600,37.95619777410849,1,1,1
2024-04-26,VTRS,11.082910537719728,11.56999969482422,11.649999618530272,11.399999618530272,11.43000030517578,5166300,0.018150392712708,-0.0354364613851737,0.2364285332815989,0.1000015345313164,-0.1428525613077091,946067900,43.66195291260578,1,1,1
2024-04-29,VTRS,11.284069061279297,11.779999732971191,11.789999961853027,11.489999771118164,11.510000228881836,5843700,0.003395582577228,-0.0356536575394311,0.2478570938110353,0.0968783035992983,-0.1054155655519153,951911600,48.717948717948666,1,1,1
2024-04-30,VTRS,11.082910537719728,11.56999969482422,11.75,11.56999969482422,11.739999771118164,20387100,0.0129646133242069,-0.0371650270391817,0.2492856979370115,0.0914700978492957,-0.0916354087800179,931524500,45.78311937884741,1,1,1
2024-05-01,VTRS,11.140384674072266,11.630000114440918,11.800000190734863,11.4399995803833,11.56999969482422,8672600,0.0154772401895573,-0.048151368366828,0.2600000245230537,0.0828575476752627,-0.0750083532339811,940197100,51.89874869397834,1,1,1
2024-05-02,VTRS,11.111648559570312,11.600000381469728,11.729999542236328,11.510000228881836,11.6899995803833,7905700,-0.0327586294779735,-0.04999999177867,0.2492856979370114,0.0806302831575686,-0.0635198029066224,932291400,59.85403898790717,0,0,0
2024-05-03,VTRS,11.284069061279297,11.779999732971191,11.869999885559082,11.630000114440918,11.670000076293944,5088600,-0.052631570425571,-0.0679117325016342,0.2414285114833283,0.0801739555564646,-0.0394360069131991,937380000,64.93508504122792,0,0,0
2024-05-06,VTRS,11.32238483428955,11.81999969482422,11.869999885559082,11.699999809265137,11.8100004196167,6028800,-0.03891709391062,-0.0634517782879818,0.2342856952122274,0.0817267759744832,-0.0169266426461653,943408800,75.36234488087025,0,0,0
2024-05-07,VTRS,11.22659683227539,11.720000267028809,11.90999984741211,11.710000038146973,11.829999923706056,6075100,-0.0494880469702492,-0.0648464344339564,0.2371428353445865,0.0796073005382912,-0.0070753669602776,937333700,71.2328999770726,0,0,0
2024-05-08,VTRS,11.312807083129885,11.8100004196167,12.039999961853027,11.699999809265137,11.75,10578000,-0.0626588229043005,-0.0787468477673403,0.248571395874023,0.0816525663133929,0.0079029992902093,947911700,72.54905505136138,0,0,0
2024-05-09,VTRS,10.74764633178711,11.220000267028809,11.6899995803833,11.09000015258789,11.43000030517578,15229800,-0.0178252945191862,-0.0614973723383286,0.2849999836512972,0.0838909955968815,-0.0275174153842563,932681900,49.246237417122536,0,0,0
2024-05-10,VTRS,10.69017219543457,11.15999984741211,11.489999771118164,11.109999656677246,11.1899995803833,9576000,-0.0161290598240931,-0.0672043019941364,0.3021428244454516,0.0866154173546158,-0.059741222003085,923105900,47.80487351017408,0,0,0
2024-05-13,VTRS,10.88175106048584,11.359999656677246,11.390000343322754,11.170000076293944,11.210000038146973,9149400,-0.0255281664275902,-0.0853872660800953,0.3050000326974049,0.0862593059653606,-0.0683525817544854,932255300,50.0,0,0,0
2024-05-14,VTRS,10.671013832092283,11.140000343322754,11.479999542236328,11.0600004196167,11.40999984741211,9266400,-0.0161580161246289,-0.0745062745176261,0.3114285469055172,0.0857810816193209,-0.0918702295566014,922988900,40.552990936131,0,0,0
2024-05-15,VTRS,10.603960037231444,11.06999969482422,11.300000190734863,10.970000267028809,11.199999809265137,8137300,-0.0171634675357883,-0.0532972148918619,0.3142856870378764,0.0865919581002707,-0.1148328802270146,914851600,40.74072275304725,0,0,0
2024-05-16,VTRS,10.556066513061523,11.020000457763672,11.239999771118164,10.960000038146973,11.0,9719100,-0.0444646737239716,-0.038112528026081,0.3164285251072472,0.0893247729389256,-0.1355034672673305,905132500,36.96683471232005,0,0,0
2024-05-17,VTRS,10.51774787902832,10.979999542236328,11.050000190734863,10.890000343322754,11.020000457763672,14010000,-0.0519125426764931,-0.0364298392719971,0.3064285005841934,0.0954051911323754,-0.1533451288108711,891122500,29.381433923382545,0,0,0
2024-05-20,VTRS,10.603960037231444,11.06999969482422,11.210000038146973,10.979999542236328,11.0,13020700,-0.0614272240512707,-0.0487804857036722,0.3078571047101701,0.0986407425567609,-0.1583966163800134,904143200,36.26373396045291,0,0,0
2024-05-21,VTRS,10.498592376708984,10.960000038146973,11.079999923706056,10.890000343322754,11.039999961853027,6631200,-0.0593065343310135,-0.0428832358935167,0.2957141739981515,0.1051714257702468,-0.1693241463029693,897512000,32.08554922492246,0,0,0
2024-05-22,VTRS,10.42195987701416,10.880000114440918,11.039999961853027,10.859999656677246,10.90999984741211,6290200,-0.0367647580879776,-0.042279414826147,0.2928571019853864,0.112404283290244,-0.1823377417655631,891221800,31.249984477950008,0,0,0
2024-05-23,VTRS,10.199185371398926,10.529999732971191,10.789999961853027,10.399999618530272,10.789999961853027,7970000,0.0066477350687248,-0.0056979551247768,0.3078571728297645,0.1300763121586097,-0.2183759140342349,883251800,20.09569596317459,1,1,1
2024-05-24,VTRS,10.082955360412598,10.40999984741211,10.630000114440918,10.390000343322754,10.539999961853027,4900200,0.0163304590572312,0.0096061847200301,0.3128571510314944,0.1472602223004629,-0.2536949753259776,878351600,17.511525395423277,1,1,1
2024-05-28,VTRS,10.063584327697754,10.390000343322754,10.539999961853027,10.34000015258789,10.40999984741211,6165800,0.0134744355170699,0.0240615968950053,0.3128571510314944,0.1572063035221108,-0.2800708957488478,872185800,18.18182233003158,1,1,1
2024-05-29,VTRS,9.98609733581543,10.3100004196167,10.369999885559082,10.239999771118164,10.279999732971191,5739800,0.0174587142750239,0.031037796488869,0.2992857524326872,0.1697099490011274,-0.3039258598430443,866446000,13.942306369719446,1,1,1
2024-05-30,VTRS,10.150755882263184,10.479999542236328,10.5,10.300000190734863,10.3100004196167,5823100,-0.0057251401300711,-0.0085877101951065,0.2621428625924249,0.1731709444318009,-0.3055909203934206,872269100,27.71080668836377,0,0,0
2024-05-31,VTRS,10.266985893249512,10.600000381469728,10.640000343322754,10.420000076293944,10.520000457763672,8862300,-0.0122641612983502,-0.0405660650661376,0.2507143020629886,0.1724574452232405,-0.2938402208813002,881131400,33.72093925868435,0,0,0
2024-06-03,VTRS,10.247614860534668,10.579999923706056,10.850000381469728,10.550000190734863,10.6899995803833,7438000,-0.0066162282919658,-0.0444234660130483,0.2557142802647187,0.1651857711142816,-0.2828807039810819,873693400,24.67533271778005,0,0,0
2024-06-04,VTRS,10.199185371398926,10.529999732971191,10.65999984741211,10.489999771118164,10.5600004196167,6537000,0.0104464020076973,-0.0455840032676705,0.2378572055271698,0.1535968463208523,-0.2750590953688085,867156400,27.737217639483603,1,1,1
2024-06-05,VTRS,10.160442352294922,10.489999771118164,10.550000190734863,10.399999618530272,10.520000457763672,6054300,0.0133460768710609,-0.0219256003102669,0.2250001089913511,0.1417838257093707,-0.2689873579956874,861102100,28.35821426639687,1,1,1
2024-06-06,VTRS,10.09264087677002,10.420000076293944,10.510000228881836,10.279999732971191,10.4399995803833,6915400,-0.0028790530471722,0.0047984827609184,0.2214287349155977,0.120898705519121,-0.2667489370426601,854186700,27.941172345701247,0,0,0
2024-06-07,VTRS,10.141069412231444,10.470000267028809,10.600000381469728,10.34000015258789,10.420000076293944,5557400,-0.028653312615435,0.0,0.2285716193062926,0.1176768658735849,-0.2579666953024055,859744100,31.38688621133022,0,0,0
2024-06-10,VTRS,10.179813385009766,10.510000228881836,10.539999961853027,10.210000038146973,10.40999984741211,7245200,-0.0380590450517188,-0.0190294771560071,0.2357144355773933,0.1137804941222389,-0.2449553500270092,866989300,28.787894113227253,0,0,0
2024-06-11,VTRS,10.305729866027832,10.640000343322754,10.739999771118164,10.359999656677246,10.460000038146973,11590700,-0.0554511403712643,-0.0197368450536528,0.2492859022957944,0.099595482176777,-0.2215993826333111,878580000,38.05971423935236,0,0,0
2024-06-12,VTRS,10.296043395996094,10.630000114440918,10.9399995803833,10.520000457763672,10.729999542236328,10430200,-0.0348071384360979,-0.0141110602624371,0.266428674970355,0.0914146326293788,-0.2015729377469597,868149800,40.15748386263496,0,0,0
2024-06-13,VTRS,10.063584327697754,10.390000343322754,10.5600004196167,10.369999885559082,10.489999771118164,7875200,0.007699703663385,0.0230991109901552,0.2507143701825828,0.0863659066710214,-0.2027308565406187,860274600,43.96554275585609,1,1,1
2024-06-14,VTRS,9.85049533843994,10.170000076293944,10.369999885559082,10.09000015258789,10.350000381469728,11379700,0.0294985436071095,0.0412979422952963,0.2550001144409184,0.0865902132805793,-0.2188776135745236,848894900,40.47620128882249,1,1,1
2024-06-17,VTRS,9.792380332946776,10.109999656677246,10.18000030517578,9.970000267028809,10.170000076293944,6717500,0.0197824698052646,0.0316518950905388,0.2557144165039066,0.0873263004339519,-0.2338202331736489,842177400,39.23075230165432,1,1,1
2024-06-18,VTRS,9.734265327453612,10.050000190734863,10.25,9.93000030517578,10.100000381469728,6445400,0.0378109559431889,0.0328358126809074,0.2678572109767373,0.0827823747361681,-0.247649077912829,835732000,39.84374650754228,1,1,1
2024-06-20,VTRS,9.937668800354004,10.260000228881836,10.359999656677246,9.989999771118164,10.029999732971191,10181800,0.0214424277238509,0.005847901033519,0.280000073569162,0.0732004029065698,-0.2389092913701151,845913800,41.66670279065,1,1,1
2024-06-21,VTRS,10.141069412231444,10.470000267028809,10.5,10.170000076293944,10.229999542236328,29958600,0.0152817424385334,0.0133714790905317,0.287857191903251,0.0625564383557987,-0.2125871274588835,875872400,45.39006948291262,1,1,1
2024-06-24,VTRS,10.141069412231444,10.470000267028809,10.68000030517578,10.34000015258789,10.460000038146973,11721800,0.0114613068289,0.0315186165510674,0.2907143320356099,0.0620101406031623,-0.1895417041385876,875872400,46.04317879467941,1,1,1
2024-06-25,VTRS,9.98609733581543,10.3100004196167,10.470000267028809,10.229999542236328,10.449999809265137,6232800,0.0116391736833256,0.0562560523860402,0.2957143783569338,0.0627080983766464,-0.1820896742180835,869639600,42.66668955485028,1,1,1
2024-06-26,VTRS,10.102327346801758,10.43000030517578,10.460000038146973,10.15999984741211,10.300000190734863,7615300,-0.0047938820011395,0.0728666589616857,0.3064286368233818,0.0626725319988248,-0.1646034527916899,877254900,48.10128263165832,0,0,0
2024-06-27,VTRS,10.150755882263184,10.479999542236328,10.59000015258789,10.31999969482422,10.420000076293944,7771500,-0.0152671616794712,0.0725191089769512,0.3092857769557408,0.0621147574984484,-0.1450390558084393,885026400,51.92306046419508,0,0,0
2024-06-28,VTRS,10.296043395996094,10.630000114440918,10.729999542236328,10.5,10.539999961853027,12090400,-0.0018815105878033,0.0348071384360979,0.3085714748927524,0.0642823849881609,-0.1160921002091353,897116800,54.81927295540251,0,0,0
2024-07-01,VTRS,10.25730037689209,10.59000015258789,10.789999961853027,10.539999961853027,10.65999984741211,7364900,0.0198300316450565,0.0745986733210739,0.3028571946280342,0.064098493077308,-0.0952807547425784,889751900,52.40963647770125,1,1,1
2024-07-02,VTRS,10.102327346801758,10.43000030517578,10.710000038146973,10.329999923706056,10.699999809265137,4934200,0.0441035498262358,0.1351869421051132,0.302857194628034,0.0628005357110918,-0.0906532695723978,884817700,43.78697957725691,1,1,1
2024-07-03,VTRS,10.053897857666016,10.380000114440918,10.510000228881836,10.34000015258789,10.460000038146973,10103000,0.078034629769945,0.1339113996144325,0.2850001198904852,0.062231225173227,-0.0899832805139553,874714700,42.77456456211453,1,1,1
2024-07-05,VTRS,9.995781898498535,10.31999969482422,10.359999656677246,10.149999618530272,10.300000190734863,17697500,0.0891472968507305,0.1472868704178349,0.2828572818211145,0.0624280287790028,-0.0932192680813059,857017200,47.74191484243154,1,1,1
2024-07-08,VTRS,10.276671409606934,10.609999656677246,10.640000343322754,10.34000015258789,10.369999885559082,11063600,0.0367578092311542,0.0999057920750827,0.284285885947091,0.0646264416015776,-0.0715583580437311,868080800,63.58023492178997,1,1,1
2024-07-09,VTRS,10.460702896118164,10.800000190734863,10.979999542236328,10.470000267028809,10.600000381469728,11515100,0.0537036956910081,0.0648147960095089,0.3057144028799873,0.0719598404660593,-0.0386153419579162,879595900,69.71430097307481,1,1,1
2024-07-10,VTRS,10.54787540435791,10.890000343322754,10.979999542236328,10.739999771118164,10.770000457763672,7069900,0.0872359760619871,0.0743801139032136,0.300000122615269,0.0811584387771045,-0.0051857263912733,886665800,73.59550080205055,1,1,1
2024-07-11,VTRS,10.83845043182373,11.1899995803833,11.210000038146973,10.850000381469728,10.970000267028809,6133000,0.0518320732019637,0.0509383976651598,0.2992858205522806,0.1007142510541082,0.0449962275235069,892798800,74.86629434267107,1,1,1
2024-07-12,VTRS,10.886878967285156,11.239999771118164,11.43000030517578,11.210000038146973,11.239999771118164,6402100,0.0533808179437389,0.0747331111826463,0.2928573063441679,0.1181733870375588,0.0877884148655177,899200900,72.51460488047007,1,1,1
2024-07-15,VTRS,10.654419898986816,11.0,11.239999771118164,10.960000038146973,11.229999542236328,5438800,0.060909097844904,0.0818181471391155,0.2885715620858323,0.1239612628567467,0.1011693387067769,893762100,63.58973807210074,1,1,1
2024-07-16,VTRS,11.02248191833496,11.380000114440918,11.43000030517578,10.9399995803833,11.0,9488400,0.0105448053033676,0.0659050959980456,0.3064287049429751,0.1367196544019994,0.1408134410026917,903250500,74.65436998167368,1,1,1
2024-07-17,VTRS,11.46803092956543,11.84000015258789,11.90999984741211,11.34000015258789,11.369999885559082,11282500,-0.0118243531687922,0.018581103394726,0.3257143838065005,0.1624204405853873,0.2069640832690176,914533000,78.0876438015355,0,0,0
2024-07-18,VTRS,11.400228500366213,11.770000457763672,12.15999984741211,11.739999771118164,11.859999656677246,6950800,-0.0008496370852083,0.0161426994896991,0.3364286422729487,0.1737597220391216,0.2508489232550186,907582200,75.49408232054157,0,0,0
2024-07-19,VTRS,11.46803092956543,11.84000015258789,11.869999885559082,11.649999618530272,11.850000381469728,5500300,0.0202702506778016,0.0025337611980211,0.334285804203578,0.1865989438805145,0.2879569766972043,913082500,74.69388025197249,1,1,1
2024-07-22,VTRS,11.303370475769045,11.670000076293944,11.800000190734863,11.5600004196167,11.729999542236328,4711800,0.0197086153155681,-0.009425848839598,0.3364286422729488,0.1935040032442714,0.3001874173057004,908370700,70.93023169850878,1,1,1
2024-07-23,VTRS,11.138711929321287,11.5,11.670000076293944,11.4399995803833,11.670000076293944,5592800,0.0547826186470363,-0.0130434450895888,0.3257143838065007,0.1942163447225548,0.2927874724677632,902777900,70.65636354799236,1,1,1
2024-07-24,VTRS,11.332427978515623,11.699999809265137,11.789999961853027,11.510000228881836,11.640000343322754,4306200,0.0307692834376356,-0.0290598425752662,0.334285804203578,0.1932413687054088,0.299607586254428,907084100,74.08758768409574,1,1,1
2024-07-25,VTRS,11.390543937683104,11.760000228881836,11.949999809265137,11.699999809265137,11.729999542236328,4187300,0.0170067861711387,0.0289115770383128,0.3357143402099604,0.193304775035139,0.3063230070395644,911271400,76.27738420339297,1,1,1
2024-07-26,VTRS,11.70048999786377,12.079999923706056,12.18000030517578,11.779999732971191,11.779999732971191,6020100,-0.0173841092279202,-0.0248344530322502,0.3428571564810611,0.1991991708163315,0.3336205573040427,917291500,76.53430559930868,0,0,0
2024-07-29,VTRS,11.52614402770996,11.899999618530272,12.079999923706056,11.859999656677246,12.050000190734863,6399600,-0.0285713621691329,-0.027731086914674,0.3221429416111533,0.2001827098815961,0.3368465845080131,910891900,69.92753109894747,0,0,0
2024-07-30,VTRS,11.748918533325195,12.130000114440918,12.15999984741211,11.899999618530272,11.989999771118164,7527700,-0.064303357428875,-0.0461665634240192,0.32357154573713,0.2025094853164141,0.3538830090908007,918419600,71.37930921085079,0,0,0
2024-07-31,VTRS,11.681118965148926,12.0600004196167,12.25,12.020000457763672,12.09000015258789,13649500,-0.0580431789870287,-0.0547264326801245,0.3142858232770646,0.195126301950365,0.3576137591444315,904770100,66.29215008190164,0,0,0
2024-08-01,VTRS,11.58425998687744,11.960000038146973,12.18000030517578,11.899999618530272,12.06999969482422,10426200,0.0117057142873091,-0.0242474883719114,0.3171429634094238,0.179796782444154,0.3484841025832317,894343900,63.23529772692447,1,1,1
2024-08-02,VTRS,11.497087478637695,11.869999885559082,12.039999961853027,11.65999984741211,11.920000076293944,7562300,-0.0075821527763773,-0.0176916630304653,0.3242858478001186,0.1548968146775451,0.3301804095999756,886781600,66.92606354141111,0,0,0
2024-08-05,VTRS,11.196826934814451,11.5600004196167,11.739999771118164,11.399999618530272,11.510000228881836,8168600,0.0008649891734047,0.0233563576374256,0.3228572436741422,0.1348167679462516,0.287347867562417,878613000,53.60000610351562,1,1,1
2024-08-06,VTRS,10.99342441558838,11.350000381469728,11.68000030517578,11.34000015258789,11.470000267028809,7895000,0.0193831987630297,0.02731272735889,0.3064287049429758,0.1205892306968732,0.233762848762721,870718000,39.111116197374194,1,1,1
2024-08-07,VTRS,11.003108978271484,11.359999656677246,11.619999885559082,11.31999969482422,11.4399995803833,11623800,0.0035211235089707,0.0316901955309443,0.2978572845458984,0.1076989466005816,0.1899139830671163,882341800,40.63924932317418,1,1,1
2024-08-08,VTRS,11.71986198425293,12.100000381469728,12.770000457763672,11.880000114440918,11.880000114440918,17115800,-0.0355372141834225,-0.0330578974871078,0.382857322692871,0.1054942163784635,0.2124265935959766,899457600,54.54545757684082,0,0,0
2024-08-09,VTRS,11.40991497039795,11.779999732971191,12.06999969482422,11.729999542236328,12.06999969482422,8300200,-0.0101867477316839,-0.0016977508100767,0.3892859731401716,0.0988844365949304,0.2021167456275829,891157400,51.82723610400435,0,0,0
2024-08-12,VTRS,11.20651149749756,11.56999969482422,11.770000457763672,11.460000038146973,11.770000457763672,6972400,0.0224719304874438,0.0155575030184573,0.3957144873482842,0.0818441572145261,0.1749837648813343,884185000,51.14753555015108,1,1,1
2024-08-13,VTRS,11.20651149749756,11.56999969482422,11.59000015258789,11.399999618530272,11.579999923706056,6681200,0.0077787515092286,0.0103716412034791,0.3885716710771835,0.0778065252520121,0.1517316145544285,884185000,47.71929730632309,1,1,1
2024-08-14,VTRS,11.041851997375488,11.399999618530272,11.489999771118164,11.130000114440918,11.479999542236328,11161000,0.0280702332637263,0.0438596505904498,0.4021430696759909,0.0823292435366601,0.1182237230035827,873024000,43.918910646545854,1,1,1
2024-08-15,VTRS,11.303370475769045,11.670000076293944,11.720000267028809,11.4399995803833,11.4399995803833,10020800,0.0025706711889517,0.0188517793993601,0.3950002534048904,0.0825332172264863,0.1121623205787525,883044800,42.95533333027454,1,1,1
2024-08-16,VTRS,11.29368495941162,11.65999984741211,11.829999923706056,11.649999618530272,11.670000076293944,11491400,0.0085763621593804,0.0360205902049959,0.3921431132725314,0.0824317132458227,0.1053374164253782,871553400,45.62044481570433,1,1,1
2024-08-19,VTRS,11.458344459533691,11.829999923706056,11.859999656677246,11.649999618530272,11.729999542236328,4983800,-0.0067624618953501,0.0050718867289647,0.3885716710771841,0.0825275891038131,0.1123511025460359,876537200,44.40298414517197,0,0,0
2024-08-20,VTRS,11.29368495941162,11.65999984741211,11.850000381469728,11.640000343322754,11.770000457763672,5449600,0.0025728759317136,0.0102915855171057,0.3871431350708016,0.0806004447637743,0.1030045416821234,871087600,42.80574934915197,1,1,1
2024-08-21,VTRS,11.351799964904783,11.720000267028809,11.760000228881836,11.5600004196167,11.68000030517578,8580200,0.0153583060921802,-0.0042662277811995,0.3814287866864894,0.0805374791555204,0.0992942549156357,879667800,45.6204448157043,1,1,1
2024-08-22,VTRS,11.332427978515623,11.699999809265137,11.81999969482422,11.65999984741211,11.710000038146973,4631600,0.0162393621500025,-0.0367520819240485,0.3657144818987175,0.0806357409412933,0.0936602985115619,875036200,46.81648033717899,1,1,1
2024-08-23,VTRS,11.508580207824709,11.760000228881836,11.779999732971191,11.56999969482422,11.600000381469728,6060200,0.0272108578738221,-0.0535714372601521,0.3471430369785861,0.0764496324086632,0.0929652345346436,881096400,54.13222244859918,1,1,1
2024-08-26,VTRS,11.498793601989746,11.75,11.859999656677246,11.699999809265137,11.760000228881836,6090600,0.0119149228359789,-0.0493616956345579,0.3342858723231733,0.0753687460889818,0.0905634968124715,875005800,59.00898772339353,1,1,1
2024-08-27,VTRS,11.440075874328612,11.6899995803833,11.760000228881836,11.619999885559082,11.729999542236328,4466400,0.00769890126762,-0.0299400718869772,0.322857311793737,0.0684377426219228,0.082863372567127,870539400,57.26870710574252,1,1,1
2024-08-28,VTRS,11.645586013793944,11.899999618530272,11.93000030517578,11.649999618530272,11.68000030517578,6583600,-0.0193276932444754,-0.0126050103645967,0.2421430179051,0.0645000517931782,0.0926383395482606,877123000,44.25286348344712,0,0,0
2024-08-29,VTRS,11.635801315307615,11.890000343322754,11.960000038146973,11.779999732971191,11.90999984741211,4033800,-0.0521446482469838,-0.0193440276929688,0.2285715511866987,0.063017114939683,0.0984434189095377,873089200,53.8461692362481,0,0,0
2024-08-30,VTRS,11.821738243103027,12.079999923706056,12.100000381469728,11.93000030517578,11.93000030517578,6717100,-0.0786423688133339,-0.0223509524664403,0.2207144328526098,0.0682049342136974,0.1170263573694967,879806300,68.08509199225693,0,0,0
2024-09-03,VTRS,11.635801315307615,11.890000343322754,11.989999771118164,11.84000015258789,11.890000343322754,5801900,-0.0605551090192484,-0.0058873546238242,0.2242858069283631,0.0685802187231069,0.1150953442534792,874004400,60.00001192091892,0,0,0
2024-09-04,VTRS,11.528152465820312,11.779999732971191,11.90999984741211,11.720000267028809,11.899999618530272,6281500,-0.0373514083495079,0.0101867477316837,0.2064286640712202,0.0622563104550758,0.1034958369208247,867722900,62.33765107823902,0,0,0
2024-09-05,VTRS,11.420503616333008,11.670000076293944,11.899999618530272,11.640000343322754,11.84000015258789,5034200,0.0068551776506466,0.0197086153155681,0.2021428516932902,0.0551102326901885,0.0844535627010909,862688700,50.0,1,1,1
2024-09-06,VTRS,11.029056549072266,11.270000457763672,11.779999732971191,11.15999984741211,11.6899995803833,9593400,0.0346050908436099,0.01064772676885,0.23357139314924,0.0593378387664788,0.0366631667464485,853095300,38.98307093826445,1,1,1
2024-09-09,VTRS,10.892048835754396,11.130000114440918,11.479999542236328,11.100000381469728,11.279999732971191,9489200,0.0610961633588391,0.0305480816794196,0.2457141876220704,0.073321804868531,-0.0123653835884471,843606100,29.885071330972508,1,1,1
2024-09-10,VTRS,10.931193351745604,11.170000076293944,11.1899995803833,10.850000381469728,11.130000114440918,10988100,0.0581915500528751,0.0250671200589724,0.2549998419625417,0.0824896267619169,-0.0474462692746548,854594200,34.782621572697124,1,1,1
2024-09-11,VTRS,11.097558975219728,11.34000015258789,11.40999984741211,10.989999771118164,11.100000381469728,9510900,0.049382668289875,-0.0061728125116686,0.2707141467503137,0.0857733010373093,-0.0608293357999478,864105100,38.95348676028568,1,1,1
2024-09-12,VTRS,11.498793601989746,11.75,11.770000457763672,11.359999656677246,11.380000114440918,8430800,0.0127659249812996,-0.0110638395268866,0.289999893733433,0.0836575817571546,-0.0379148919928713,872535900,51.18483883579397,1,1,1
2024-09-13,VTRS,11.410717964172363,11.65999984741211,11.93000030517578,11.619999885559082,11.770000457763672,4802900,-0.0231560469659252,-0.0094339329431174,0.2971427781241278,0.083661343403558,-0.0267094009887216,867733000,47.66354182264148,0,0,0
2024-09-16,VTRS,11.55751132965088,11.8100004196167,11.81999969482422,11.5600004196167,11.739999771118164,6201800,-0.0287891736246801,-0.0169348650155207,0.3042855943952287,0.0843026035804922,-0.0056599318952059,873934800,51.3157988299084,0,0,0
2024-09-17,VTRS,11.567296028137209,11.81999969482422,11.829999923706056,11.670000076293944,11.779999732971191,7437600,-0.0313028676067649,-0.0279187759920634,0.3057141304016114,0.084199750518212,0.0116939810224838,881372400,52.91480261708929,0,0,0
2024-09-18,VTRS,11.645586013793944,11.899999618530272,12.020000457763672,11.6899995803833,11.800000190734863,6424700,-0.052941107643868,-0.0361344004441717,0.3092855725969588,0.0858018265659559,0.0315388470966819,887797100,50.0,0,0,0
2024-09-19,VTRS,11.645586013793944,11.899999618530272,12.119999885559082,11.84000015258789,12.0,7905900,-0.0235293900795747,-0.039495741884111,0.3164283888680596,0.087215545575297,0.0467274020312054,887797100,50.23921720191844,0,0,0
2024-09-20,VTRS,11.146490097045898,11.390000343322754,11.760000228881836,11.220000267028809,11.729999542236328,48176100,0.0140473961887022,0.0175592452358777,0.3499997683933801,0.0902047179746835,0.0174110581367852,839621000,35.68464943747034,1,1,1
2024-09-23,VTRS,11.224780082702637,11.470000267028809,11.649999618530272,11.420000076293944,11.4399995803833,11824600,0.0122057006442164,-0.0122057837893161,0.3514283043997624,0.0913542543974157,0.0006257563141556,851445600,40.86956053014357,1,1,1
2024-09-24,VTRS,11.205207824707031,11.449999809265137,11.600000381469728,11.420000076293944,11.520000457763672,10061300,0.0034934465082401,-0.0113537219743639,0.3507140704563684,0.09253895886685,-0.014127730420494,841384300,42.53393528475603,1,1,1
2024-09-25,VTRS,11.029056549072266,11.270000457763672,11.550000190734863,11.210000038146973,11.489999771118164,19555100,0.0177462112814166,0.0124223055866865,0.3564284188406808,0.0968366333414858,-0.0398846528489507,821829200,41.22807384454768,1,1,1
2024-09-26,VTRS,11.371572494506836,11.619999885559082,11.649999618530272,11.1899995803833,11.300000190734863,10515800,-0.016351082810201,-0.0249569677030226,0.3449998583112443,0.0945245440218523,-0.0316898695958389,832345000,57.84752576953655,0,0,0
2024-09-27,VTRS,11.303070068359377,11.550000190734863,11.68000030517578,11.5,11.640000343322754,6370700,0.0034632001032446,-0.0147186210810901,0.3307142257690428,0.0921620245361175,-0.0304923384906796,825974300,59.722233260129954,1,1,1
2024-09-30,VTRS,11.361786842346191,11.609999656677246,11.649999618530272,11.489999771118164,11.56999969482422,6335500,-0.0241171181094871,-0.0189491231576363,0.3178571292332239,0.0840488753696289,-0.0244203286494606,832309800,60.09174532666232,0,0,0
2024-10-01,VTRS,11.244351387023926,11.489999771118164,11.65999984741211,11.40999984741211,11.619999885559082,6820800,-0.0147954812602576,0.03046130447709,0.3057142666407992,0.0804815206186336,-0.0289574020817156,825489000,53.52112234627467,0,0,0
2024-10-02,VTRS,11.224780082702637,11.470000267028809,11.520000457763672,11.329999923706056,11.479999542236328,6955700,-0.005231073951164,0.0305143347556413,0.2885714258466446,0.0787124125408113,-0.0337774923952363,818533300,41.95401637363051,0,0,0
2024-10-03,VTRS,11.185635566711426,11.43000030517578,11.449999809265137,11.279999732971191,11.390000343322754,7017100,-0.0087489395275379,0.024496913866608,0.2800000054495674,0.0784450320090433,-0.0403598678895971,811516200,43.19526660609782,0,0,0
2024-10-04,VTRS,11.342214584350586,11.59000015258789,11.649999618530272,11.479999542236328,11.5,4015400,-0.018119071215032,0.0146678234733228,0.2771428653172081,0.0757670262630624,-0.0322935375814843,815531600,43.52938866527355,0,0,0
2024-10-07,VTRS,11.087773323059082,11.329999923706056,11.649999618530272,11.329999923706056,11.600000381469728,4618200,0.0052957122701438,0.0211826807355934,0.288571425846644,0.0705183103595839,-0.0463465046003861,810913400,37.435883641770005,1,1,1
2024-10-08,VTRS,11.07798671722412,11.31999969482422,11.43000030517578,11.239999771118164,11.329999923706056,4411900,0.045936437436604,0.0309187624474718,0.2785714013235901,0.0664073813914614,-0.0576262377071916,806501500,34.57444757827251,1,1,1
2024-10-09,VTRS,11.166062355041504,11.40999984741211,11.470000267028809,11.289999961853027,11.359999656677246,4210200,0.0359333788689841,0.0122699689040317,0.2714285850524893,0.0652078587064807,-0.0586274268270798,810711700,37.56344121001585,1,1,1
2024-10-10,VTRS,11.087773323059082,11.329999923706056,11.460000038146973,11.25,11.420000076293944,4838800,0.0335392865842683,0.013239154416623,0.2378572055271686,0.0657690922901564,-0.0651254757285926,805872900,48.051931967017744,1,1,1
2024-10-11,VTRS,11.136704444885254,11.380000114440918,11.449999809265137,11.31999969482422,11.369999885559082,4219300,0.033391925361996,0.0052723607503522,0.228571551186697,0.0662064229785033,-0.0654857498152736,810092200,47.01985918446229,1,1,1
2024-10-14,VTRS,11.146490097045898,11.390000343322754,11.40999984741211,11.279999732971191,11.369999885559082,5050400,0.0158032788477473,0.0324846246186454,0.2250001089913494,0.06305123519426,-0.0642240004303307,815142600,48.00001525880846,1,1,1
2024-10-15,VTRS,11.586870193481444,11.84000015258789,11.93000030517578,11.359999656677246,11.390000343322754,6745400,-0.0143581143668135,-0.0084459780558253,0.2414287158421096,0.0636627824281781,-0.0266061322194914,821888000,66.10169948135163,0,0,0
2024-10-16,VTRS,11.567296028137209,11.81999969482422,11.890000343322754,11.729999542236328,11.850000381469728,4354900,-0.0228425982284572,0.0059222208380584,0.2200001989092135,0.0609291166353349,0.0015742822234603,817533100,56.944439845319366,0,0,0
2024-10-17,VTRS,11.459649085998535,11.710000038146973,11.829999923706056,11.65999984741211,11.81999969482422,4003800,-0.0196413744800499,-0.0093936512654914,0.2192858968462255,0.0548869918714631,0.0148601125823049,813529300,55.405401922298736,0,0,0
2024-10-18,VTRS,11.508580207824709,11.760000228881836,11.770000457763672,11.510000228881836,11.609999656677246,4684100,-0.0272109389685752,-0.0119047908671737,0.2264287812369204,0.0576684660415895,0.0290885121234154,818213400,55.10205935226713,0,0,0
2024-10-21,VTRS,11.322641372680664,11.56999969482422,11.8100004196167,11.56999969482422,11.760000228881836,3713500,0.0164218270586999,-0.0103716412034794,0.225714547293526,0.0577009476850559,0.0247478878262619,814499900,52.59739857617755,1,1,1
2024-10-22,VTRS,11.420503616333008,11.670000076293944,11.710000038146973,11.520000457763672,11.539999961853027,4077400,0.0059982600142749,-0.0051414240980666,0.2257144791739321,0.058501070076158,0.0290423250004199,818577300,56.17282678762224,1,1,1
2024-10-23,VTRS,11.303070068359377,11.550000190734863,11.720000267028809,11.489999771118164,11.630000114440918,3470100,0.0294372421621802,0.0051947588702649,0.2285716193062912,0.0547148509092999,0.0225033054198995,815107200,53.5294048348996,1,1,1
2024-10-24,VTRS,11.23456573486328,11.479999542236328,11.640000343322754,11.43000030517578,11.5600004196167,4068300,0.0104530351932421,0.1480836960563403,0.2278573853628971,0.0545709600563776,0.0115395966897526,811038900,46.58383731881694,1,1,1
2024-10-25,VTRS,11.195420265197754,11.4399995803833,11.6899995803833,11.43000030517578,11.5600004196167,3180400,0.0157342929876007,0.1328671777549788,0.2235716411045618,0.0550468111278577,-0.0003725891206016,807858500,53.95681577580591,1,1,1
2024-10-28,VTRS,11.508580207824709,11.760000228881836,11.789999961853027,11.479999542236328,11.520000457763672,5020200,-0.02636057938633,0.1130952294065146,0.2350002016339983,0.0574442160096104,0.015825865057728,812878700,62.941171850719954,0,0,0
2024-10-29,VTRS,11.489006996154783,11.739999771118164,11.779999732971191,11.630000114440918,11.6899995803833,4802700,-0.0110732637968813,0.1013629094768095,0.2328572954450334,0.0592271506653561,0.0267411317854389,808076000,60.12267856787639,0,0,0
2024-10-30,VTRS,11.635801315307615,11.890000343322754,11.960000038146973,11.649999618530272,11.670000076293944,4764300,-0.023549258079101,0.0933557295732632,0.2400001798357283,0.0640115747904264,0.046954094305974,812840300,66.4705654659559,0,0,0
2024-10-31,VTRS,11.352001190185549,11.600000381469728,11.899999618530272,11.59000015258789,11.880000114440918,8053300,0.1362068854954523,0.087930988840202,0.2528572763715472,0.0630099311028799,0.0391214714684782,804787000,55.67010005205881,1,1,1
2024-11-01,VTRS,11.371572494506836,11.619999885559082,11.770000457763672,11.579999923706056,11.670000076293944,5348600,0.1153184307904506,0.1041308132585026,0.2571430206298828,0.063073452409757,0.0341343744551334,810135600,55.89741608411106,1,1,1
2024-11-04,VTRS,11.205207824707031,11.449999809265137,11.699999809265137,11.43000030517578,11.59000015258789,5306600,0.1432314734185142,0.1353711979523904,0.2357143674577988,0.0608062306205331,0.016276849347669,804829000,38.32336355200221,1,1,1
2024-11-05,VTRS,11.361786842346191,11.609999656677246,11.630000114440918,11.329999923706056,11.4399995803833,5302400,0.1136951496582829,0.1240310574194918,0.2457143238612585,0.056958500697108,0.0148639403037797,810131400,44.19890143182678,1,1,1
2024-11-06,VTRS,11.361786842346191,11.609999656677246,12.010000228881836,11.579999923706056,11.869999885559082,11589500,0.1197244086500317,0.1309216625936311,0.2642857687813894,0.054870915461528,0.0135875706505466,810131400,47.05881692959986,1,1,1
2024-11-07,VTRS,12.898221969604492,13.18000030517578,13.4399995803833,11.670000076293944,11.8100004196167,22179100,-0.042488649973459,0.0053110541125505,0.3764286041259764,0.1260196702857143,0.1376749388007407,832310500,72.04966920564935,0,0,0
2024-11-08,VTRS,12.6829252243042,12.960000038146973,13.210000038146973,12.729999542236328,13.06999969482422,8943000,-0.0100308729983231,0.0316357906022608,0.3935714449201311,0.1531151340221549,0.2157755627588429,823367500,71.38460184132346,0,0,0
2024-11-11,VTRS,12.810145378112791,13.09000015258789,13.210000038146973,12.789999961853027,13.0600004196167,10035300,-0.0068754890403952,0.0206263942660058,0.4100000517708914,0.1764214386515386,0.2848769090317447,833402800,71.64632550739512,0,0,0
2024-11-12,VTRS,12.653566360473633,12.93000030517578,13.170000076293944,12.869999885559082,13.0,8345400,0.0092807333895459,0.0116008982977544,0.4150000299726212,0.1919792509501707,0.3230061593490703,825057400,70.78311825408795,1,1,1
2024-11-13,VTRS,12.72206974029541,13.0,13.029999732971191,12.829999923706056,12.850000381469728,8249300,0.0100000088031475,0.0169230974637544,0.4142857279096327,0.2062145964897016,0.3547825429813951,833306700,72.89156211203142,1,1,1
2024-11-14,VTRS,12.350193977355955,12.619999885559082,13.09000015258789,12.579999923706056,12.949999809265137,6456500,0.0499207702182169,0.0372424937631437,0.4321429388863693,0.2093478942603794,0.3453220646982569,826850200,66.1202150195816,1,1,1
2024-11-15,VTRS,12.555704116821287,12.829999923706056,12.869999885559082,12.529999732971191,12.630000114440918,9152000,0.0420888515248754,0.0288386506437485,0.431428636823381,0.2151171753432483,0.3507268546739226,836002200,65.07041337873004,1,1,1
2024-11-18,VTRS,12.72206974029541,13.0,13.0600004196167,12.68000030517578,12.779999732971191,9025200,0.027692281282865,0.0,0.4478572436741415,0.2198976654919298,0.3645257491492604,845027400,67.02702660905446,1,1,1
2024-11-19,VTRS,12.771000862121582,13.050000190734863,13.06999969482422,12.789999961853027,12.920000076293944,7385500,0.002298830079136,-0.0007663010525421,0.4457143374851767,0.2244617277889584,0.3751713284219011,852412900,66.11110728464051,1,1,1
2024-11-20,VTRS,12.84929084777832,13.130000114440918,13.220000267028809,12.9399995803833,12.970000267028809,8773200,0.0068545431685795,-0.0182787333607257,0.4435715675354,0.2259973543653056,0.3856181855445726,861186100,72.5663654575259,1,1,1
2024-11-21,VTRS,12.966724395751951,13.25,13.329999923706056,13.100000381469728,13.199999809265137,6961700,-0.0120754601820459,-0.0399999798468824,0.4464286395481652,0.2252549589198624,0.3989811763201025,868147800,73.35243231987924,0,0,0
2024-11-22,VTRS,13.203740119934082,13.369999885559082,13.5,13.130000114440918,13.140000343322754,8362800,-0.0127150394726301,-0.0426327374497492,0.4535715239388598,0.2221244978552325,0.4144766023988619,876510600,77.90697352057136,0,0,0
2024-11-25,VTRS,13.193864822387695,13.359999656677246,13.550000190734863,13.350000381469728,13.470000267028809,11088800,-0.0269460827790755,-0.0636227132962975,0.4464286395481651,0.2220105098071028,0.4210957743457886,865421800,76.5957372799013,0,0,0
2024-11-26,VTRS,12.917346954345703,13.079999923706056,13.329999923706056,12.9399995803833,13.329999923706056,7419400,-0.0030581010769376,-0.0252293521124543,0.4457143374851769,0.2150370840837834,0.3991467619948743,858002400,70.58823529411768,0,0,0
2024-11-27,VTRS,13.0556058883667,13.220000267028809,13.229999542236328,13.010000228881836,13.079999923706056,4744500,-0.0249621722420904,-0.0302572287537848,0.3307142938886367,0.2104980553872881,0.3885696798540081,862746900,50.93457839803244,0,0,0
2024-11-29,VTRS,12.92722225189209,13.09000015258789,13.239999771118164,13.079999923706056,13.220000267028809,4695400,-0.0282658427231518,-0.035141331763547,0.3078571047101698,0.1951694723206569,0.3654842681374859,858051500,53.17073420354944,0,0,0
2024-12-02,VTRS,13.03585433959961,13.199999809265137,13.25,13.029999732971191,13.130000114440918,5287100,-0.0303030018416752,-0.0507575822708473,0.2935714040483743,0.1774010596220768,0.3520072456086218,863338600,52.70935150607745,0,0,0
2024-12-03,VTRS,12.83834171295166,13.0,13.229999542236328,12.979999542236328,13.210000038146973,7495000,-0.0376922900860126,-0.0315384498009314,0.289999961853027,0.1456887385144177,0.3214824455023652,855843600,51.690814133916206,0,0,0
2024-12-04,VTRS,12.877843856811523,13.039999961853027,13.06999969482422,12.850000381469728,13.039999961853027,5617500,-0.0222392609433579,-0.0598159306175604,0.2914284978594098,0.1110486972171411,0.2970942663589326,861461100,50.98039124022075,0,0,0
2024-12-05,VTRS,12.72970962524414,12.890000343322754,13.050000190734863,12.84000015258789,13.039999961853027,5943300,-0.0054306164960495,-0.0589604506314485,0.2699999128069196,0.0531232492132799,0.2626352474166893,855517800,57.45857838204101,0,0,0
2024-12-06,VTRS,12.561823844909668,12.720000267028809,13.0,12.68000030517578,12.970000267028809,5013200,-0.0070754835454821,-0.0157232551152967,0.2685713086809432,0.0572517177687177,0.2190831866331741,850504600,46.89266419501508,0,0,0
2024-12-09,VTRS,12.640829086303713,12.800000190734863,12.859999656677246,12.609999656677246,12.640000343322754,6690600,-0.0210937854484649,-0.0242187824216666,0.2592855862208775,0.0593223305348778,0.1888462874929182,857195200,44.04762242656845,0,0,0
2024-12-10,VTRS,12.354434967041016,12.510000228881836,12.829999923706056,12.4399995803833,12.789999961853027,5934200,0.006394877877089,-0.0087930142557156,0.2671427726745605,0.0688227791003917,0.139870414713922,851261000,35.93749456728247,1,1,1
2024-12-11,VTRS,12.591450691223145,12.75,12.789999961853027,12.369999885559082,12.510000228881836,10564900,-0.038431354597503,-0.0149019278732001,0.2771427290780203,0.07082365198108,0.1190503204638631,861825900,40.865377341145496,0,0,0
2024-12-12,VTRS,12.660579681396484,12.81999969482422,13.130000114440918,12.699999809265137,12.729999542236328,11621400,-0.0538221214359212,-0.0265210733760906,0.2914284978594099,0.071841963547465,0.1069656032400931,873447300,39.408853109637874,0,0,0
2024-12-13,VTRS,12.472942352294922,12.630000114440918,12.84000015258789,12.520000457763672,12.829999923706056,8236100,-0.0087093947490526,-0.019794140754928,0.2878570556640625,0.0715999469141158,0.0811218770286128,865211200,32.38094502835594,0,0,0
2024-12-16,VTRS,12.374185562133787,12.529999732971191,12.779999732971191,12.520000457763672,12.5600004196167,7551800,-0.0031923354114503,-0.0063846708229007,0.2921427318028042,0.0774128124002674,0.051972239144213,857659400,31.05021816946672,0,0,0
2024-12-17,VTRS,12.43344020843506,12.59000015258789,12.720000267028809,12.460000038146973,12.510000228881836,7465900,-0.0150913845714738,-0.0135027858803483,0.2807141712733679,0.0816324207001759,0.0333282857951555,865125300,37.56345325106231,0,0,0
2024-12-18,VTRS,12.1075439453125,12.260000228881836,12.739999771118164,12.25,12.529999732971191,7453000,0.024469835655315,0.001631280890374,0.2999999182564873,0.093823709915049,-0.0079833899254726,857672300,27.777765513441334,1,1,1
2024-12-19,VTRS,11.97916030883789,12.130000114440918,12.380000114440918,12.06999969482422,12.229999542236328,7809600,0.0288540333465232,-0.0148392665686366,0.3107142448425294,0.1065696469209085,-0.0506294881243807,849862700,27.777765513441334,1,1,1
2024-12-20,VTRS,12.36431121826172,12.520000457763672,12.56999969482422,12.140000343322754,12.210000038146973,56546300,-0.0111821356392953,-0.0415335813698967,0.3264284815107076,0.1054937126490815,-0.0523535606006344,906409000,36.06558466303829,0,0,0
2024-12-23,VTRS,12.334683418273926,12.489999771118164,12.510000228881836,12.170000076293944,12.399999618530272,8585200,-0.0032025590541261,-0.0424339265559284,0.3335713659014024,0.1005754473004569,-0.0555009250298113,897823800,38.7665170476602,0,0,0
2024-12-24,VTRS,12.245802879333496,12.399999618530272,12.40999984741211,12.119999885559082,12.239999771118164,4059600,0.0016129401918516,-0.0588709326365973,0.3442856924874445,0.0950334991827067,-0.0645138190194565,893764200,36.20689300804826,1,1,1
2024-12-26,VTRS,12.403813362121582,12.5600004196167,12.619999885559082,12.350000381469728,12.390000343322754,6194700,-0.0222930475550137,-0.0605095703416409,0.3485713686261861,0.0924970514492126,-0.0580764063147718,899958900,42.9184621379315,0,0,0
2024-12-27,VTRS,12.324807167053224,12.479999542236328,12.68000030517578,12.390000343322754,12.489999771118164,5182600,-0.0424679288791238,-0.0608973800548179,0.346428530556815,0.0861299296331171,-0.0587528463364304,894776300,44.64284725944553,0,0,0
2024-12-30,VTRS,12.226051330566406,12.380000114440918,12.479999542236328,12.279999732971191,12.420000076293944,5822900,-0.0306946777809523,-0.0799676705950396,0.3428570883614676,0.0829145865435025,-0.0665904349372343,888953400,40.70797169699857,0,0,0
2024-12-31,VTRS,12.295181274414062,12.449999809265137,12.600000381469728,12.369999885559082,12.399999618530272,5816800,-0.0393574119377505,-0.0891566002957845,0.3314285278320312,0.0730571102571944,-0.0663881092118607,894770200,48.52940282745476,0,0,0
2025-01-02,VTRS,12.265554428100586,12.420000076293944,12.600000381469728,12.31999969482422,12.420000076293944,6663600,-0.0603864730590079,-0.0901771238872071,0.3214285714285714,0.0679405711340515,-0.0678661733482375,888106600,40.98361766348984,0,0,0
2025-01-03,VTRS,12.127294540405272,12.279999732971191,12.470000267028809,12.239999771118164,12.470000267028809,6364100,-0.0390879114555314,-0.0773615496679883,0.3071428707667759,0.0615482529039327,-0.0794189156762943,881742500,35.78949323318761,0,0,0
2025-01-06,VTRS,11.801398277282717,11.949999809265137,12.34000015258789,11.890000343322754,12.239999771118164,8953000,-0.0192468239253027,-0.0677823831691084,0.3164285932268415,0.0682378800258059,-0.1138899308936149,872789500,33.33334891622546,0,0,0
2025-01-07,VTRS,11.85077667236328,12.0,12.18000030517578,11.90999984741211,11.920000076293944,10684700,-0.0508333047231038,-0.0716666380564371,0.3171429634094237,0.073944479926851,-0.1356106263939374,883474200,36.68344140829238,0,0,0
2025-01-08,VTRS,11.811274528503418,11.960000038146973,12.0600004196167,11.75,11.970000267028809,9547200,-0.0518394551489601,-0.0635451694362692,0.3207144056047711,0.0768827839046402,-0.1542737252227048,873927000,34.010167028368656,0,0,0
2025-01-10,VTRS,11.524880409240724,11.670000076293944,11.880000114440918,11.56999969482422,11.8100004196167,9525900,-0.0317052170642814,-0.0214224505883116,0.3135715893336702,0.0924153943072797,-0.1902716061597562,864401100,34.715039476141854,0,0,0
2025-01-13,VTRS,11.653264045715332,11.800000190734863,11.800000190734863,11.550000190734863,11.609999656677246,7883600,-0.0398305304603165,-0.0508474891331641,0.3092858450753347,0.0962052946158198,-0.205936357238686,872284700,41.45078897929297,0,0,0
2025-01-14,VTRS,11.574258804321287,11.720000267028809,12.020000457763672,11.649999618530272,11.850000381469728,8957100,-0.0494880469702492,-0.0332764790475232,0.3042859349931988,0.0977510501137986,-0.2222442175848975,863327600,25.30866341515116,0,0,0
2025-01-15,VTRS,11.24836254119873,11.390000343322754,11.90999984741211,11.15999984741211,11.81999969482422,16872700,-0.0219490774771187,0.0026338658531099,0.3328573363167896,0.1121858464502423,-0.2588131138488254,846454900,21.354196934634217,0,0,0
2025-01-16,VTRS,11.198984146118164,11.34000015258789,11.390000343322754,11.130000114440918,11.260000228881836,10432800,-0.0123457091216003,-0.0052910422230467,0.3250002179827006,0.1254426956965915,-0.2885031405091141,836022100,21.808540858834093,0,0,0
2025-01-17,VTRS,11.1594820022583,11.300000190734863,11.479999542236328,11.229999542236328,11.34000015258789,7723700,0.0106194587197858,-0.0230088694241807,0.3235716819763182,0.1349118629498673,-0.3116676524789934,828298400,14.204543607294385,1,1,1
2025-01-21,VTRS,11.189108848571776,11.329999923706056,11.4399995803833,11.279999732971191,11.300000190734863,9800000,-0.011473973108236,-0.0388349146819215,0.3142859595162527,0.144854183236665,-0.3238715774322891,838098400,16.374262156844523,0,0,0
2025-01-22,VTRS,11.001471519470217,11.140000343322754,11.260000228881836,10.8100004196167,11.199999809265137,10522800,0.0170556171030269,-0.0170557027111316,0.3371430805751257,0.1588300501423971,-0.3448988745922872,827575600,15.555547313922304,1,1,1
2025-01-23,VTRS,11.001471519470217,11.140000343322754,11.229999542236328,11.100000381469728,11.170000076293944,8598200,0.0251346251653412,-0.0215440500355403,0.3300001280648366,0.1652344686590413,-0.3574427812037708,827575600,12.138733740675647,1,1,1
2025-01-24,VTRS,11.060725212097168,11.199999809265137,11.260000228881836,11.109999656677246,11.140000343322754,5844500,0.0071428504525397,-0.0419643102707916,0.3207144056047711,0.1675777838861201,-0.3584109240725901,833420100,15.340887231758812,1,1,1
2025-01-27,VTRS,11.277989387512209,11.420000076293944,11.529999732971191,11.25,11.31999969482422,10438000,-0.0332749660159578,-0.0700525556383778,0.3278572218758718,0.1652672396177551,-0.3375351067387697,843858100,26.63043393755196,0,0,0
2025-01-28,VTRS,11.060725212097168,11.199999809265137,11.4399995803833,11.18000030517578,11.40999984741211,8132000,-0.027678524216218,-0.0526785859496011,0.3142857551574707,0.1605371673838943,-0.3348827343258094,835726100,28.323693686343645,0,0,0
2025-01-29,VTRS,11.189108848571776,11.329999923706056,11.4399995803833,11.0600004196167,11.199999809265137,13592000,-0.0335392865842686,-0.0644306749472196,0.3221428053719658,0.1524931919256198,-0.3186179578152313,849318100,31.49170513856744,0,0,0
2025-01-30,VTRS,11.277989387512209,11.420000076293944,11.510000228881836,11.300000190734863,11.449999809265137,7885700,-0.0455341903931426,-0.0542907076547309,0.314999920981271,0.1434226795623722,-0.2950644260655686,857203800,35.48386931377989,0,0,0
2025-01-31,VTRS,11.139730453491213,11.279999732971191,11.43000030517578,11.210000038146973,11.399999618530272,25782000,-0.0487588833116037,-0.0425531519148267,0.3028570583888464,0.1303145026396607,-0.2844163653180409,831421800,38.596481443784846,0,0,0
2025-02-03,VTRS,10.902714729309082,11.039999961853027,11.210000038146973,10.920000076293944,11.18000030517578,9320000,-0.0380434853030062,-0.0163043755251579,0.3107141767229355,0.1176630723314309,-0.2919779363279176,822101800,29.120869331924798,0,0,0
2025-02-04,VTRS,10.7545804977417,10.890000343322754,11.06999969482422,10.859999656677246,11.0,9248000,-0.025711724317547,0.0036730909634499,0.2992855480739051,0.1090729827587698,-0.3065406417445917,812853800,28.04232296973264,0,0,0
2025-02-05,VTRS,10.813834190368652,10.949999809265137,11.020000457763672,10.869999885559082,10.9399995803833,7805000,-0.031963418620269,0.0100457180153088,0.2564284460885186,0.1067516607148384,-0.309670545950345,820658800,36.419727649273646,0,0,0
2025-02-06,VTRS,10.76445484161377,10.899999618530272,11.0,10.729999542236328,10.899999618530272,9639400,-0.009174259751845,0.0321101278641073,0.2571427481515069,0.1005638561657884,-0.3125823602334154,811019400,36.4197276492736,0,0,0
2025-02-07,VTRS,10.596569061279297,10.729999542236328,10.979999542236328,10.699999809265137,10.9399995803833,6046700,0.0065238258606621,0.06150986293042,0.2592855862208778,0.0968192373222086,-0.324862763718146,804972700,33.7142583107312,1,1,1
2025-02-10,VTRS,10.487937927246094,10.619999885559082,10.779999732971191,10.600000381469728,10.739999771118164,7799500,0.0225988487480599,0.0809792529138029,0.2607141222272601,0.1031622065473852,-0.3395569240896314,797173200,30.6010809357269,1,1,1
2025-02-11,VTRS,10.47806167602539,10.609999656677246,10.6899995803833,10.529999732971191,10.59000015258789,6773100,0.0301602882990807,0.0593779580421038,0.2349998610360281,0.1016423706808112,-0.3479975873787815,790400100,33.93936941883645,1,1,1
2025-02-12,VTRS,10.468186378479004,10.600000381469728,10.649999618530272,10.520000457763672,10.600000381469728,8534300,0.0433962284521343,-0.1009434537727985,0.2349998610360281,0.0992260357405385,-0.3514425211702683,781865800,33.73493006862435,1,1,1
2025-02-13,VTRS,10.665699005126951,10.800000190734863,10.859999656677246,10.579999923706056,10.649999618530272,9223200,0.0416666482701717,-0.1453704278491968,0.2442855153764996,0.0987805586473283,-0.3341820996561768,791089000,38.88889477576982,1,1,1
2025-02-14,VTRS,10.665699005126951,10.800000190734863,11.020000457763672,10.779999732971191,10.880000114440918,9588000,0.0546296427933437,-0.1361111334321915,0.2378570011683871,0.0982489519173066,-0.3168506343712778,791089000,30.379737666960963,1,1,1
2025-02-18,VTRS,10.724952697753906,10.859999656677246,10.869999885559082,10.739999771118164,10.779999732971191,7969300,0.0570902306776663,-0.1372007199099717,0.2285713468279155,0.0967802224255546,-0.2948747354048393,799058300,38.02814820386622,1,1,1
2025-02-19,VTRS,10.794082641601562,10.93000030517578,10.960000038146973,10.789999961853027,10.800000190734863,9372500,0.0283622559274392,-0.1326624631705472,0.2135714122227257,0.0934234038713649,-0.2687126575833343,808430800,35.294117647058584,1,1,1
2025-02-20,VTRS,10.922466278076172,11.0600004196167,11.100000381469728,10.920000076293944,10.920000076293944,7401300,-0.1383364040323004,-0.1401446773894951,0.2114285741533552,0.0928372254471305,-0.2347826711571414,815832100,37.14285714285716,0,0,0
2025-02-21,VTRS,11.110103607177734,11.25,11.31999969482422,11.010000228881836,11.100000381469728,8783700,-0.1795555962456597,-0.1422222561306425,0.2178570883614679,0.0943719297897208,-0.1903671007794667,824615800,48.96552495243131,0,0,0
2025-02-24,VTRS,11.24836254119873,11.390000343322754,11.470000267028809,11.130000114440918,11.25,6934200,-0.1808604352522559,-0.1659350558694884,0.2164285523550852,0.0981488342659009,-0.1422310327737239,831550000,62.9629917432904,0,0,0
2025-02-25,VTRS,11.33724308013916,11.479999542236328,11.510000228881836,11.350000381469728,11.350000381469728,8428300,-0.1837978868304217,-0.1864111040923928,0.2128571101597376,0.0999007145892752,-0.0957172994339679,839978300,72.86822049279168,0,0,0
2025-02-26,VTRS,11.100227355957031,11.239999771118164,11.529999732971191,11.1899995803833,11.470000267028809,11357800,-0.1565836534449279,-0.177935946683835,0.2264285087585447,0.1004414042895504,-0.0773294012149943,828620500,59.863955287546126,0,0,0
2025-02-27,VTRS,9.411491394042969,9.529999732971191,9.8100004196167,8.770000457763672,9.260000228881836,47469300,-0.0020985839086817,-0.0577125085147708,0.3835712841578891,0.1521671125524817,-0.1984519409672387,781151200,28.115005266539924,0,0,0
2025-02-28,VTRS,9.115221977233888,9.229999542236328,9.720000267028809,9.100000381469728,9.630000114440918,29319300,0.0455038025053013,-0.0140844168162441,0.4078570093427383,0.1994932576559976,-0.3150185962623233,751831900,26.993853185566365,1,1,1
2025-03-03,VTRS,9.21397876739502,9.329999923706056,9.6899995803833,9.270000457763672,9.289999961853027,28087800,0.0182208014666753,-0.0085744827824477,0.4278570583888461,0.2300375900377236,-0.3947785539259882,779919700,30.153840917100453,1,1,1
2025-03-04,VTRS,9.2534818649292,9.369999885559082,9.5600004196167,9.25,9.25,25040600,-0.0032016791182064,0.0160085991501204,0.4385713849748883,0.2544734533642876,-0.4495787681992613,804960300,31.09755742982348,0,0,0
2025-03-05,VTRS,9.362112998962402,9.479999542236328,9.630000114440918,9.31999969482422,9.350000381469728,23361600,-0.0253164327750112,-0.0063290578944722,0.4514286177498952,0.2718211974100292,-0.4786151028584928,828321900,33.43193613427735,0,0,0
2025-03-06,VTRS,9.391740798950195,9.510000228881836,9.649999618530272,9.359999656677246,9.5,17081100,-0.0557308805351968,-0.0073607409898838,0.4521429198128835,0.2846461115200877,-0.4935168475701186,845403000,29.90654288905084,0,0,0
2025-03-07,VTRS,9.529999732971191,9.649999618530272,9.739999771118164,9.420000076293944,9.510000228881836,14478900,-0.0569947418447991,-0.0518134735508053,0.4578571319580078,0.2920732447876553,-0.4883998375851028,859881900,32.8358094233856,0,0,0
2025-03-10,VTRS,9.5,9.5,9.729999542236328,9.460000038146973,9.489999771118164,13167800,-0.0263157894736841,-0.0210526115015933,0.4678570883614676,0.3023462790450391,-0.4907907555982902,846714100,30.23256071842732,0,0,0
2025-03-11,VTRS,9.34000015258789,9.34000015258789,9.510000228881836,9.229999542236328,9.489999771118164,15590300,0.0192719809673564,-0.0417559247271205,0.4757142748151506,0.3151383546489185,-0.4998344455093217,831123800,27.47874359173865,1,1,1
2025-03-12,VTRS,9.239999771118164,9.239999771118164,9.470000267028809,9.229999542236328,9.3100004196167,11025900,0.0194805529907493,-0.030303002154437,0.480000019073486,0.328241756206463,-0.5092010769185773,820097900,23.99998365129295,1,1,1
2025-03-13,VTRS,8.979999542236328,8.979999542236328,9.359999656677246,8.949999809265137,9.270000457763672,17473000,0.0512249511799436,-0.0155901332722755,0.4871429034641807,0.3457036876005671,-0.531477503524167,802624900,18.207273784158616,1,1,1
2025-03-14,VTRS,9.100000381469728,9.100000381469728,9.119999885559082,8.979999542236328,9.0,12922700,0.0054944214246799,-0.0461538526030383,0.4728572028023852,0.3545817867384948,-0.5333011041050941,815547600,17.746481143442026,1,1,1
2025-03-17,VTRS,9.25,9.25,9.329999923706056,9.130000114440918,9.140000343322754,9315300,0.0054054260253906,-0.0583783742543813,0.4778571810041153,0.3573249427313033,-0.5166865640039173,824862900,19.11358496946127,1,1,1
2025-03-18,VTRS,9.520000457763672,9.520000457763672,9.56999969482422,9.25,9.25,14458100,-0.0598740148204187,-0.096638658829441,0.4764285768781388,0.3524717502717665,-0.4762428101542824,839321000,26.373644224063057,0,0,0
2025-03-19,VTRS,9.420000076293944,9.420000076293944,9.699999809265137,9.31999969482422,9.550000190734863,10394400,-0.0488322754162806,-0.0806794291641701,0.3271429198128834,0.3447099784915524,-0.4471060783362937,828926600,47.29065103957459,0,0,0
2025-03-20,VTRS,9.4399995803833,9.4399995803833,9.510000228881836,9.359999656677246,9.369999885559082,9136000,-0.0635592642442731,-0.1355931980792756,0.2935715402875626,0.3296181186000086,-0.417587526547706,838062600,55.99999782017419,0,0,0
2025-03-21,VTRS,9.149999618530272,9.149999618530272,9.369999885559082,9.010000228881836,9.350000381469728,71873400,-0.0513660473168395,-0.1672130925418494,0.2914286340985978,0.3055666636843032,-0.4128355239375416,766189200,45.36081815402122,0,0,0
2025-03-24,VTRS,9.300000190734863,9.300000190734863,9.31999969482422,9.109999656677246,9.210000038146973,14654800,-0.0634408753212369,-0.1817204325333373,0.2842857497079031,0.2613781114513875,-0.3924419090222333,780844000,48.29269132324331,0,0,0
2025-03-25,VTRS,8.949999809265137,8.949999809265137,9.350000381469728,8.930000305175781,9.300000190734863,15723100,-0.0391060821513188,-0.1776535988419516,0.2921428680419924,0.1926795736455469,-0.3999119914819289,765120900,38.42796287419716,0,0,0
2025-03-26,VTRS,8.960000038146973,8.960000038146973,9.119999885559082,8.899999618530273,8.970000267028809,11100700,-0.0334821640019665,-0.1305803651018637,0.2871428898402626,0.0855064614888131,-0.4004094795212367,776221600,37.885465886418736,0,0,0
2025-03-27,VTRS,8.84000015258789,8.84000015258789,8.960000038146973,8.75,8.949999809265137,12076800,-0.0769231101174486,-0.1787330199585475,0.2792857715061735,0.093700559697248,-0.4058088188043687,764144800,32.00002712671319,0,0,0
2025-03-28,VTRS,8.680000305175781,8.680000305175781,8.899999618530273,8.619999885559082,8.899999618530273,11278100,-0.1221198597175893,-0.1313364404656742,0.2800000735691618,0.1096007516285796,-0.4181779890470558,752866700,31.858430979363572,0,0,0
2025-03-31,VTRS,8.710000038146973,8.710000038146973,8.800000190734863,8.550000190734863,8.649999618530273,16423900,-0.1262916073266276,-0.1239953982750867,0.2778571673801969,0.1208405644315473,-0.4207102321734268,769290600,35.21127895663656,0,0,0
2025-04-01,VTRS,8.600000381469727,8.600000381469727,8.720000267028809,8.5600004196167,8.710000038146973,9296600,-0.1441860689479885,-0.1302325945019126,0.2721428189958847,0.1336834822312674,-0.426674666127905,759994000,35.04675229527882,0,0,0
2025-04-02,VTRS,8.65999984741211,8.65999984741211,8.720000267028809,8.529999732971191,8.529999732971191,8339900,-0.1004618823196707,-0.1466512705893443,0.2564285823277067,0.1394750311443117,-0.4216989841523588,768333900,41.752587455351865,0,0,0
2025-04-03,VTRS,8.15999984741211,8.15999984741211,8.569999694824219,8.140000343322754,8.510000228881836,12190600,-0.1102940729607614,-0.0735294014524834,0.2835713795253211,0.1638963671688585,-0.4528810112751955,756143300,29.741365135635533,0,0,0
2025-04-04,VTRS,7.619999885559082,7.619999885559082,8.140000343322754,7.590000152587891,8.039999961853027,19911700,-0.0104986778093875,-0.0065616423423392,0.3078571047101704,0.207561885564366,-0.5152272572739527,736231600,19.92619757386673,0,0,0
2025-04-07,VTRS,7.610000133514404,7.610000133514404,7.78000020980835,7.150000095367432,7.559999942779541,22823500,0.0026281183410803,0.0105124733643215,0.3299999918256488,0.2411566518057833,-0.5590001965269806,713408100,11.020390924832853,1,1,1
2025-04-08,VTRS,7.360000133514404,7.360000133514404,7.989999771118164,7.210000038146973,7.840000152587891,15567500,0.0163043319812796,0.061141277323627,0.3585713931492399,0.2812287428415063,-0.6068678817363118,697840600,10.3846005010828,1,1,1
2025-04-09,VTRS,7.789999961853027,7.789999961853027,7.869999885559082,7.039999961853027,7.199999809265137,21194600,-0.0513478943936069,0.0308086999092969,0.4071427753993445,0.2955324006905365,-0.6031532000045168,719035200,22.591361863093567,0,0,0
2025-04-10,VTRS,7.260000228881836,7.260000228881836,7.610000133514404,6.849999904632568,7.590000152587891,20459100,0.0413222733388136,0.1198346912026304,0.4435713972364156,0.3304083134737645,-0.6356484770612987,698576100,20.9230777808198,1,1,1
2025-04-11,VTRS,7.539999961853027,7.539999961853027,7.559999942779541,7.210000038146973,7.329999923706055,16249600,0.0039788076870197,0.0941644617691064,0.4535713876996722,0.3465095095307078,-0.631527721389439,714825700,23.964479845154813,1,1,1
2025-04-14,VTRS,7.630000114440918,7.630000114440918,7.699999809265137,7.420000076293945,7.670000076293945,13841000,0.0078636883197396,0.0930537388594781,0.4435713631766183,0.3529448583564703,-0.6139228126493235,728666700,28.84614502889299,1,1,1
2025-04-15,VTRS,7.480000019073486,7.480000019073486,7.670000076293945,7.389999866485596,7.610000133514404,11897900,0.0441176367466011,0.125668456527209,0.4478570733751569,0.3512508425938536,-0.6050993411853893,716768800,27.30059819699852,1,1,1
2025-04-16,VTRS,7.389999866485596,7.389999866485596,7.630000114440918,7.340000152587891,7.53000020980835,10211100,0.0866035017656847,0.1461434939181969,0.4535713536398751,0.348958259168685,-0.5984701453310803,706557700,27.55416201577933,1,1,1
2025-04-17,VTRS,7.559999942779541,7.559999942779541,7.619999885559082,7.389999866485596,7.420000076293945,10716900,0.0753968486740237,0.1441798523810542,0.4499999455043247,0.3338823417696329,-0.5728948986715654,717274600,32.716034938053085,1,1,1
2025-04-21,VTRS,7.570000171661377,7.570000171661377,7.630000114440918,7.46999979019165,7.5,9829700,0.089828244771279,0.1347423986521068,0.4435713972364153,0.3232613705786434,-0.5455308564073373,727104300,32.29813232295156,1,1,1
2025-04-22,VTRS,7.690000057220459,7.690000057220459,7.760000228881836,7.599999904632568,7.650000095367432,9498200,0.0845253693798246,0.1027307515133379,0.4457142693655831,0.2973909995664799,-0.5083022756553532,736602500,35.9133035981729,1,1,1
2025-04-23,VTRS,7.809999942779541,7.809999942779541,8.100000381469727,7.800000190734863,7.849999904632568,10185900,0.0781050112655068,0.1011524256694205,0.4614285400935581,0.2792856220156625,-0.4637693252135531,746788400,37.08206629660812,1,1,1
2025-04-24,VTRS,8.029999732971191,8.029999732971191,8.130000114440918,7.820000171661377,7.869999885559082,12860100,0.0547945888778769,0.1320050379658588,0.4471428734915597,0.2554915854397739,-0.4060438756474127,759648500,47.840529140460426,1,1,1
2025-04-25,VTRS,8.130000114440918,8.130000114440918,8.140000343322754,7.940000057220459,8.010000228881836,9507500,0.0639605777084437,0.0787208283288893,0.4207143442971365,0.2340627557519266,-0.3482128647800895,769156000,59.92218461949504,1,1,1
2025-04-28,VTRS,8.25,8.25,8.350000381469727,8.119999885559082,8.130000114440918,11151200,0.041212139707623,0.0860606106844814,0.3921429429735456,0.2196430219540179,-0.289362790012885,780307200,61.94029678133118,1,1,1
2025-04-29,VTRS,8.34000015258789,8.34000015258789,8.4399995803833,8.119999885559082,8.149999618530273,13222600,0.0167864972526403,0.0539568106752974,0.359285797391619,0.2044056519870583,-0.232778100572732,793529800,69.4444449700586,1,1,1
2025-04-30,VTRS,8.420000076293945,8.420000076293945,8.449999809265137,8.260000228881836,8.3100004196167,12056400,0.0213777082594763,0.0,0.3135714871542794,0.1965244266433171,-0.1794108644983651,805586200,64.51613115878018,1,1,1
2025-05-01,VTRS,8.470000267028809,8.470000267028809,8.649999618530273,8.229999542236328,8.380000114440918,16092400,0.0731995119259389,0.0377803641954868,0.2764286313738142,0.1869491159122546,-0.1315657399427525,821678600,85.79880638386,1,1,1
2025-05-02,VTRS,8.649999618530273,8.649999618530273,8.739999771118164,8.520000457763672,8.649999618530273,11937100,0.013872930002948,0.0219653806285253,0.270714317049299,0.2055265656596969,-0.0782219961974384,833615700,84.9056462312474,1,1,1
2025-05-05,VTRS,8.59000015258789,8.59000015258789,8.760000228881836,8.569999694824219,8.640000343322754,14393600,0.0430733270065906,0.0197904625464679,0.2642858028411865,0.2190716355749793,-0.0403233281964006,819222100,80.76924252557498,1,1,1
